game_date,market,best_side,line,stake,won,profit,cumulative_profit,running_bankroll,drawdown
2025-04-01,strikeouts,over,5.5,50.0,True,56.00000000000001,56.00000000000001,1056.0,0.0
2025-04-01,strikeouts,over,2.5,50.0,True,41.66666666666667,97.66666666666669,1097.6666666666667,0.0
2025-04-02,strikeouts,over,6.5,50.0,True,60.00000000000001,157.66666666666669,1157.6666666666667,0.0
2025-04-02,strikeouts,over,5.5,50.0,False,-50.0,107.66666666666669,1107.6666666666667,-50.0
2025-04-02,strikeouts,over,7.5,50.0,True,62.5,170.16666666666669,1170.1666666666667,0.0
2025-04-02,strikeouts,over,3.5,50.0,True,62.5,232.66666666666669,1232.6666666666667,0.0
2025-04-02,strikeouts,over,5.5,50.0,True,43.47826086956521,276.1449275362319,1276.144927536232,0.0
2025-04-02,strikeouts,over,5.5,50.0,True,62.5,338.6449275362319,1338.644927536232,0.0
2025-04-02,strikeouts,over,6.5,50.0,True,67.5,406.1449275362319,1406.144927536232,0.0
2025-04-02,strikeouts,over,6.5,50.0,False,-50.0,356.1449275362319,1356.144927536232,-50.0
2025-04-02,strikeouts,over,5.5,50.0,True,51.0,407.1449275362319,1407.144927536232,0.0
2025-04-02,strikeouts,over,4.5,50.0,True,72.50000000000001,479.6449275362319,1479.644927536232,0.0
2025-04-02,strikeouts,over,6.5,50.0,True,46.296296296296305,525.9412238325282,1525.941223832528,0.0
2025-04-03,strikeouts,over,4.5,50.0,False,-50.0,475.9412238325282,1475.941223832528,-50.0
2025-04-03,strikeouts,over,3.5,50.0,True,64.99999999999999,540.9412238325282,1540.941223832528,0.0
2025-04-03,strikeouts,over,4.5,50.0,False,-50.0,490.9412238325282,1490.941223832528,-50.0
2025-04-03,strikeouts,under,5.5,50.0,False,-50.0,440.9412238325282,1440.941223832528,-100.0
2025-04-04,strikeouts,under,6.5,50.0,False,-50.0,390.9412238325282,1390.941223832528,-150.0
2025-04-04,strikeouts,under,4.5,50.0,True,41.66666666666667,432.60789049919487,1432.6078904991948,-108.33333333333326
2025-04-04,strikeouts,under,5.5,50.0,True,60.00000000000001,492.60789049919487,1492.6078904991948,-48.33333333333326
2025-04-04,strikeouts,under,4.5,50.0,True,55.00000000000001,547.6078904991949,1547.607890499195,0.0
2025-04-04,strikeouts,under,4.5,50.0,True,60.00000000000001,607.6078904991949,1607.607890499195,0.0
2025-04-04,strikeouts,under,5.5,50.0,True,41.66666666666667,649.2745571658616,1649.2745571658616,0.0
2025-04-05,strikeouts,under,4.5,50.0,False,-50.0,599.2745571658616,1599.2745571658616,-50.0
2025-04-05,strikeouts,under,4.5,50.0,False,-50.0,549.2745571658616,1549.2745571658616,-100.0
2025-04-05,strikeouts,under,4.5,50.0,False,-50.0,499.27455716586155,1499.2745571658616,-150.0
2025-04-05,strikeouts,under,6.5,50.0,True,62.5,561.7745571658616,1561.7745571658616,-87.5
2025-04-05,strikeouts,over,3.5,50.0,False,-50.0,511.77455716586155,1511.7745571658616,-137.5
2025-04-06,strikeouts,under,5.5,50.0,True,50.0,561.7745571658616,1561.7745571658616,-87.5
2025-04-06,strikeouts,under,6.5,50.0,True,71.49999999999999,633.2745571658616,1633.2745571658616,-16.0
2025-04-06,strikeouts,under,4.5,50.0,False,-50.0,583.2745571658616,1583.2745571658616,-66.0
2025-04-06,strikeouts,under,4.5,50.0,True,56.999999999999986,640.2745571658616,1640.2745571658616,-9.0
2025-04-06,strikeouts,under,4.5,50.0,True,72.50000000000001,712.7745571658616,1712.7745571658616,0.0
2025-04-07,strikeouts,under,5.5,50.0,False,-50.0,662.7745571658616,1662.7745571658616,-50.0
2025-04-07,strikeouts,under,5.5,50.0,False,-50.0,612.7745571658616,1612.7745571658616,-100.0
2025-04-07,strikeouts,over,4.5,50.0,True,70.0,682.7745571658616,1682.7745571658616,-30.0
2025-04-08,strikeouts,under,6.5,50.0,True,41.66666666666667,724.4412238325282,1724.441223832528,0.0
2025-04-08,strikeouts,over,3.5,50.0,True,55.00000000000001,779.4412238325282,1779.441223832528,0.0
2025-04-08,strikeouts,over,3.5,50.0,False,-50.0,729.4412238325282,1729.441223832528,-50.0
2025-04-08,strikeouts,over,2.5,50.0,True,64.00000000000001,793.4412238325282,1793.441223832528,0.0
2025-04-08,strikeouts,under,6.5,50.0,True,70.0,863.4412238325282,1863.441223832528,0.0
2025-04-08,strikeouts,under,6.5,50.0,False,-50.0,813.4412238325282,1813.441223832528,-50.0
2025-04-08,strikeouts,over,4.5,50.0,False,-50.0,763.4412238325282,1763.441223832528,-100.0
2025-04-08,strikeouts,under,6.5,50.0,False,-50.0,713.4412238325282,1713.441223832528,-150.0
2025-04-09,strikeouts,over,4.5,50.0,True,67.5,780.9412238325282,1780.941223832528,-82.5
2025-04-09,strikeouts,over,3.5,50.0,True,38.759689922480625,819.7009137550089,1819.700913755009,-43.7403100775191
2025-04-09,strikeouts,over,4.5,50.0,False,-50.0,769.7009137550089,1769.700913755009,-93.7403100775191
2025-04-09,strikeouts,over,4.5,50.0,False,-50.0,719.7009137550089,1719.700913755009,-143.7403100775191
2025-04-09,strikeouts,over,3.5,50.0,True,50.0,769.7009137550089,1769.700913755009,-93.7403100775191
2025-04-10,strikeouts,under,5.5,50.0,False,-50.0,719.7009137550089,1719.700913755009,-143.7403100775191
2025-04-10,strikeouts,over,4.5,50.0,False,-50.0,669.7009137550089,1669.700913755009,-193.7403100775191
2025-04-11,strikeouts,over,4.5,50.0,False,-50.0,619.7009137550089,1619.700913755009,-243.7403100775191
2025-04-11,strikeouts,under,5.5,50.0,True,60.00000000000001,679.7009137550089,1679.700913755009,-183.7403100775191
2025-04-11,strikeouts,under,5.5,50.0,False,-50.0,629.7009137550089,1629.700913755009,-233.7403100775191
2025-04-12,strikeouts,over,4.5,50.0,True,60.00000000000001,689.7009137550089,1689.700913755009,-173.7403100775191
2025-04-13,strikeouts,under,7.5,50.0,False,-50.0,639.7009137550089,1639.700913755009,-223.7403100775191
2025-04-13,strikeouts,under,7.5,50.0,False,-50.0,589.7009137550089,1589.700913755009,-273.7403100775191
2025-04-14,strikeouts,over,3.5,50.0,False,-50.0,539.7009137550089,1539.700913755009,-323.7403100775191
2025-04-14,strikeouts,over,4.5,50.0,False,-50.0,489.70091375500886,1489.700913755009,-373.7403100775191
2025-04-14,strikeouts,under,6.5,50.0,True,67.5,557.2009137550089,1557.200913755009,-306.2403100775191
2025-04-14,strikeouts,over,3.5,50.0,True,49.01960784313726,606.2205215981461,1606.2205215981462,-257.22070223438186
2025-04-14,strikeouts,under,5.5,50.0,False,-50.0,556.2205215981461,1556.2205215981462,-307.22070223438186
2025-04-14,strikeouts,over,5.5,50.0,False,-50.0,506.2205215981461,1506.2205215981462,-357.22070223438186
2025-04-14,strikeouts,over,5.5,50.0,True,67.5,573.7205215981461,1573.7205215981462,-289.72070223438186
2025-04-15,strikeouts,under,5.5,50.0,True,67.5,641.2205215981461,1641.2205215981462,-222.22070223438186
2025-04-15,strikeouts,under,3.5,50.0,False,-50.0,591.2205215981461,1591.2205215981462,-272.22070223438186
2025-04-15,strikeouts,under,4.5,50.0,True,57.49999999999999,648.7205215981461,1648.7205215981462,-214.72070223438186
2025-04-15,strikeouts,under,5.5,50.0,True,60.00000000000001,708.7205215981461,1708.7205215981462,-154.72070223438186
2025-04-16,strikeouts,under,5.5,50.0,True,62.999999999999986,771.7205215981461,1771.7205215981462,-91.72070223438186
2025-04-16,strikeouts,under,3.5,50.0,False,-50.0,721.7205215981461,1721.7205215981462,-141.72070223438186
2025-04-16,strikeouts,under,5.5,50.0,False,-50.0,671.7205215981461,1671.7205215981462,-191.72070223438186
2025-04-16,strikeouts,under,5.5,50.0,False,-50.0,621.7205215981461,1621.7205215981462,-241.72070223438186
2025-04-16,strikeouts,under,4.5,50.0,True,62.5,684.2205215981461,1684.2205215981462,-179.22070223438186
2025-04-18,strikeouts,over,4.5,50.0,True,64.99999999999999,749.2205215981461,1749.2205215981462,-114.22070223438186
2025-04-18,strikeouts,over,3.5,50.0,True,50.0,799.2205215981461,1799.2205215981462,-64.22070223438186
2025-04-19,strikeouts,under,6.5,50.0,True,57.49999999999999,856.7205215981461,1856.7205215981462,-6.720702234381861
2025-04-19,strikeouts,under,4.5,50.0,True,57.49999999999999,914.2205215981461,1914.2205215981462,0.0
2025-04-19,strikeouts,under,7.5,50.0,True,52.49999999999999,966.7205215981461,1966.7205215981462,0.0
2025-04-19,strikeouts,under,7.5,50.0,False,-50.0,916.7205215981461,1916.7205215981462,-50.0
2025-04-19,strikeouts,under,6.5,50.0,True,60.999999999999986,977.7205215981461,1977.7205215981462,0.0
2025-04-20,strikeouts,over,5.5,50.0,True,54.0,1031.7205215981462,2031.7205215981462,0.0
2025-04-20,strikeouts,over,4.5,50.0,True,41.66666666666667,1073.387188264813,2073.3871882648127,0.0
2025-04-20,strikeouts,over,4.5,50.0,True,64.99999999999999,1138.387188264813,2138.3871882648127,0.0
2025-04-21,strikeouts,under,3.5,50.0,True,62.5,1200.887188264813,2200.8871882648127,0.0
2025-04-22,strikeouts,under,5.5,50.0,False,-50.0,1150.887188264813,2150.8871882648127,-50.0
2025-04-22,strikeouts,under,4.5,50.0,True,72.50000000000001,1223.387188264813,2223.3871882648127,0.0
2025-04-22,strikeouts,under,6.5,50.0,True,67.5,1290.887188264813,2290.8871882648127,0.0
2025-04-22,strikeouts,under,4.5,50.0,True,66.5,1357.387188264813,2357.3871882648127,0.0
2025-04-22,strikeouts,under,5.5,50.0,False,-50.0,1307.387188264813,2307.3871882648127,-50.0
2025-04-23,strikeouts,under,4.5,50.0,True,64.00000000000001,1371.387188264813,2371.3871882648127,0.0
2025-04-23,strikeouts,under,5.5,50.0,True,48.54368932038835,1419.9308775852014,2419.9308775852014,0.0
2025-04-24,strikeouts,under,6.5,50.0,False,-50.0,1369.9308775852014,2369.9308775852014,-50.0
2025-04-24,strikeouts,under,8.5,50.0,True,52.49999999999999,1422.4308775852014,2422.4308775852014,0.0
2025-04-24,strikeouts,under,7.5,50.0,False,-50.0,1372.4308775852014,2372.4308775852014,-50.0
2025-04-24,strikeouts,under,7.5,50.0,False,-50.0,1322.4308775852014,2322.4308775852014,-100.0
2025-04-26,strikeouts,under,5.5,50.0,True,46.728971962616825,1369.1598495478183,2369.1598495478183,-53.271028037383076
2025-04-26,strikeouts,under,5.5,50.0,True,58.999999999999986,1428.1598495478183,2428.1598495478183,0.0
2025-04-26,strikeouts,under,5.5,50.0,True,57.49999999999999,1485.6598495478183,2485.6598495478183,0.0
2025-04-27,strikeouts,under,4.5,50.0,True,57.49999999999999,1543.1598495478183,2543.1598495478183,0.0
2025-04-27,strikeouts,under,6.5,50.0,True,66.00000000000001,1609.1598495478183,2609.1598495478183,0.0
2025-04-27,strikeouts,under,6.5,50.0,False,-50.0,1559.1598495478183,2559.1598495478183,-50.0
2025-04-27,strikeouts,under,4.5,50.0,True,50.0,1609.1598495478183,2609.1598495478183,0.0
2025-04-27,strikeouts,under,5.5,50.0,False,-50.0,1559.1598495478183,2559.1598495478183,-50.0
2025-04-27,strikeouts,under,3.5,50.0,False,-50.0,1509.1598495478183,2509.1598495478183,-100.0
2025-04-27,strikeouts,under,7.5,50.0,False,-50.0,1459.1598495478183,2459.1598495478183,-150.0
2025-04-27,strikeouts,under,5.5,50.0,False,-50.0,1409.1598495478183,2409.1598495478183,-200.0
2025-04-27,strikeouts,under,6.5,50.0,False,-50.0,1359.1598495478183,2359.1598495478183,-250.0
2025-04-28,strikeouts,under,5.5,50.0,True,52.49999999999999,1411.6598495478183,2411.6598495478183,-197.5
2025-04-29,strikeouts,under,5.5,50.0,False,-50.0,1361.6598495478183,2361.6598495478183,-247.5
2025-04-29,strikeouts,under,5.5,50.0,True,50.0,1411.6598495478183,2411.6598495478183,-197.5
2025-04-29,strikeouts,under,6.5,50.0,True,47.61904761904761,1459.278897166866,2459.278897166866,-149.8809523809523
2025-04-29,strikeouts,under,4.5,50.0,True,67.5,1526.778897166866,2526.778897166866,-82.3809523809523
2025-04-29,strikeouts,under,6.5,50.0,True,30.487804878048784,1557.2667020449148,2557.266702044915,-51.8931475029035
2025-04-29,strikeouts,under,5.5,50.0,True,38.46153846153846,1595.7282405064534,2595.7282405064534,-13.431609041364936
2025-04-29,strikeouts,under,6.5,50.0,False,-50.0,1545.7282405064534,2545.7282405064534,-63.431609041364936
2025-04-29,strikeouts,under,6.5,50.0,True,43.47826086956521,1589.2065013760187,2589.2065013760184,-19.953348171799917
2025-04-30,strikeouts,over,4.5,50.0,True,60.00000000000001,1649.2065013760187,2649.2065013760184,0.0
2025-04-30,strikeouts,under,4.5,50.0,True,62.5,1711.7065013760187,2711.7065013760184,0.0
2025-04-30,strikeouts,over,3.5,50.0,True,56.00000000000001,1767.7065013760187,2767.7065013760184,0.0
2025-04-30,strikeouts,under,4.5,50.0,False,-50.0,1717.7065013760187,2717.7065013760184,-50.0
2025-05-01,strikeouts,under,5.5,50.0,True,43.47826086956521,1761.184762245584,2761.184762245584,-6.521739130434526
2025-05-01,strikeouts,under,4.5,50.0,False,-50.0,1711.184762245584,2711.184762245584,-56.521739130434526
2025-05-01,strikeouts,under,4.5,50.0,True,58.00000000000001,1769.184762245584,2769.184762245584,0.0
2025-05-01,strikeouts,under,3.5,50.0,True,64.00000000000001,1833.184762245584,2833.184762245584,0.0
2025-05-01,strikeouts,under,6.5,50.0,True,52.49999999999999,1885.684762245584,2885.684762245584,0.0
2025-05-01,strikeouts,under,4.5,50.0,True,50.0,1935.684762245584,2935.684762245584,0.0
2025-05-02,strikeouts,under,6.5,50.0,False,-50.0,1885.684762245584,2885.684762245584,-50.0
2025-05-02,strikeouts,over,2.5,50.0,False,-50.0,1835.684762245584,2835.684762245584,-100.0
2025-05-02,strikeouts,under,5.5,50.0,False,-50.0,1785.684762245584,2785.684762245584,-150.0
2025-05-03,strikeouts,over,5.5,50.0,False,-50.0,1735.684762245584,2735.684762245584,-200.0
2025-05-03,strikeouts,over,3.5,50.0,False,-50.0,1685.684762245584,2685.684762245584,-250.0
2025-05-03,strikeouts,over,5.5,50.0,True,58.999999999999986,1744.684762245584,2744.684762245584,-191.0
2025-05-03,strikeouts,over,3.5,50.0,False,-50.0,1694.684762245584,2694.684762245584,-241.0
2025-05-03,strikeouts,over,3.5,50.0,True,69.49999999999999,1764.184762245584,2764.184762245584,-171.5
2025-05-03,strikeouts,over,4.5,50.0,False,-50.0,1714.184762245584,2714.184762245584,-221.5
2025-05-04,strikeouts,under,6.5,50.0,True,50.0,1764.184762245584,2764.184762245584,-171.5
2025-05-04,strikeouts,over,3.5,50.0,True,55.00000000000001,1819.184762245584,2819.184762245584,-116.5
2025-05-04,strikeouts,under,5.5,50.0,False,-50.0,1769.184762245584,2769.184762245584,-166.5
2025-05-04,strikeouts,over,4.5,50.0,False,-50.0,1719.184762245584,2719.184762245584,-216.5
2025-05-04,strikeouts,over,4.5,50.0,True,64.00000000000001,1783.184762245584,2783.184762245584,-152.5
2025-05-05,strikeouts,under,6.5,50.0,False,-50.0,1733.184762245584,2733.184762245584,-202.5
2025-05-05,strikeouts,under,4.5,50.0,False,-50.0,1683.184762245584,2683.184762245584,-252.5
2025-05-05,strikeouts,under,7.5,50.0,False,-50.0,1633.184762245584,2633.184762245584,-302.5
2025-05-05,strikeouts,under,5.5,50.0,False,-50.0,1583.184762245584,2583.184762245584,-352.5
2025-05-06,strikeouts,under,6.5,50.0,False,-50.0,1533.184762245584,2533.184762245584,-402.5
2025-05-06,strikeouts,under,4.5,50.0,True,66.5,1599.684762245584,2599.684762245584,-336.0
2025-05-06,strikeouts,over,3.5,50.0,True,64.00000000000001,1663.684762245584,2663.684762245584,-272.0
2025-05-07,strikeouts,over,5.5,50.0,False,-50.0,1613.684762245584,2613.684762245584,-322.0
2025-05-07,strikeouts,over,3.5,50.0,False,-50.0,1563.684762245584,2563.684762245584,-372.0
2025-05-07,strikeouts,under,6.5,50.0,True,69.0,1632.684762245584,2632.684762245584,-303.0
2025-05-07,strikeouts,over,4.5,50.0,True,68.00000000000001,1700.684762245584,2700.684762245584,-235.0
2025-05-07,strikeouts,over,5.5,50.0,True,50.0,1750.684762245584,2750.684762245584,-185.0
2025-05-07,strikeouts,over,4.5,50.0,False,-50.0,1700.684762245584,2700.684762245584,-235.0
2025-05-07,strikeouts,under,3.5,50.0,False,-50.0,1650.684762245584,2650.684762245584,-285.0
2025-05-08,strikeouts,over,6.5,50.0,False,-50.0,1600.684762245584,2600.684762245584,-335.0
2025-05-09,strikeouts,over,3.5,50.0,True,70.0,1670.684762245584,2670.684762245584,-265.0
2025-05-09,strikeouts,over,4.5,50.0,False,-50.0,1620.684762245584,2620.684762245584,-315.0
2025-05-09,strikeouts,over,4.5,50.0,True,70.0,1690.684762245584,2690.684762245584,-245.0
2025-05-09,strikeouts,over,4.5,50.0,False,-50.0,1640.684762245584,2640.684762245584,-295.0
2025-05-09,strikeouts,over,4.5,50.0,False,-50.0,1590.684762245584,2590.684762245584,-345.0
2025-05-09,strikeouts,over,5.5,50.0,False,-50.0,1540.684762245584,2540.684762245584,-395.0
2025-05-10,strikeouts,over,3.5,50.0,False,-50.0,1490.684762245584,2490.684762245584,-445.0
2025-05-10,strikeouts,under,7.5,50.0,False,-50.0,1440.684762245584,2440.684762245584,-495.0
2025-05-10,strikeouts,under,6.5,50.0,False,-50.0,1390.684762245584,2390.684762245584,-545.0
2025-05-10,strikeouts,over,4.5,50.0,False,-50.0,1340.684762245584,2340.684762245584,-595.0
2025-05-10,strikeouts,under,5.5,50.0,False,-50.0,1290.684762245584,2290.684762245584,-645.0
2025-05-11,strikeouts,over,4.5,50.0,True,62.5,1353.184762245584,2353.184762245584,-582.5
2025-05-11,strikeouts,under,6.5,50.0,False,-50.0,1303.184762245584,2303.184762245584,-632.5
2025-05-11,strikeouts,under,4.5,50.0,True,66.5,1369.684762245584,2369.684762245584,-566.0
2025-05-11,strikeouts,over,4.5,50.0,True,64.00000000000001,1433.684762245584,2433.684762245584,-502.0
2025-05-11,strikeouts,under,4.5,50.0,False,-50.0,1383.684762245584,2383.684762245584,-552.0
2025-05-11,strikeouts,under,5.5,50.0,True,57.49999999999999,1441.184762245584,2441.184762245584,-494.5
2025-05-12,strikeouts,under,4.5,50.0,True,50.0,1491.184762245584,2491.184762245584,-444.5
2025-05-12,strikeouts,under,4.5,50.0,True,60.00000000000001,1551.184762245584,2551.184762245584,-384.5
2025-05-13,strikeouts,under,6.5,50.0,True,50.0,1601.184762245584,2601.184762245584,-334.5
2025-05-14,strikeouts,over,5.5,50.0,True,60.00000000000001,1661.184762245584,2661.184762245584,-274.5
2025-05-14,strikeouts,over,5.5,50.0,False,-50.0,1611.184762245584,2611.184762245584,-324.5
2025-05-14,strikeouts,over,4.5,50.0,True,67.5,1678.684762245584,2678.684762245584,-257.0
2025-05-14,strikeouts,under,7.5,50.0,False,-50.0,1628.684762245584,2628.684762245584,-307.0
2025-05-14,strikeouts,over,4.5,50.0,True,77.49999999999999,1706.184762245584,2706.184762245584,-229.5
2025-05-14,strikeouts,over,3.5,50.0,True,48.07692307692308,1754.261685322507,2754.261685322507,-181.42307692307668
2025-05-14,strikeouts,over,4.5,50.0,False,-50.0,1704.261685322507,2704.261685322507,-231.42307692307668
2025-05-14,strikeouts,over,4.5,50.0,False,-50.0,1654.261685322507,2654.261685322507,-281.4230769230767
2025-05-15,strikeouts,over,3.5,50.0,False,-50.0,1604.261685322507,2604.261685322507,-331.4230769230767
2025-05-15,strikeouts,under,5.5,50.0,False,-50.0,1554.261685322507,2554.261685322507,-381.4230769230767
2025-05-16,strikeouts,under,6.5,50.0,False,-50.0,1504.261685322507,2504.261685322507,-431.4230769230767
2025-05-16,strikeouts,over,2.5,50.0,True,33.33333333333333,1537.5950186558402,2537.5950186558402,-398.08974358974365
2025-05-16,strikeouts,over,4.5,50.0,False,-50.0,1487.5950186558402,2487.5950186558402,-448.08974358974365
2025-05-16,strikeouts,over,5.5,50.0,False,-50.0,1437.5950186558402,2437.5950186558402,-498.08974358974365
2025-05-16,strikeouts,over,4.5,50.0,False,-50.0,1387.5950186558402,2387.5950186558402,-548.0897435897436
2025-05-16,strikeouts,over,4.5,50.0,True,53.0,1440.5950186558402,2440.5950186558402,-495.08974358974365
2025-05-16,strikeouts,over,4.5,50.0,True,68.00000000000001,1508.5950186558402,2508.5950186558402,-427.08974358974365
2025-05-17,strikeouts,under,4.5,50.0,False,-50.0,1458.5950186558402,2458.5950186558402,-477.08974358974365
2025-05-17,strikeouts,under,7.5,50.0,True,48.54368932038835,1507.1387079762285,2507.1387079762285,-428.5460542693554
2025-05-17,strikeouts,under,5.5,50.0,False,-50.0,1457.1387079762285,2457.1387079762285,-478.5460542693554
2025-05-18,strikeouts,under,4.5,50.0,False,-50.0,1407.1387079762285,2407.1387079762285,-528.5460542693554
2025-05-18,strikeouts,over,5.5,50.0,False,-50.0,1357.1387079762285,2357.1387079762285,-578.5460542693554
2025-05-18,strikeouts,over,5.5,50.0,True,57.49999999999999,1414.6387079762285,2414.6387079762285,-521.0460542693554
2025-05-18,strikeouts,under,5.5,50.0,True,69.0,1483.6387079762285,2483.6387079762285,-452.0460542693554
2025-05-18,strikeouts,over,4.5,50.0,True,62.999999999999986,1546.6387079762285,2546.6387079762285,-389.0460542693554
2025-05-18,strikeouts,over,5.5,50.0,False,-50.0,1496.6387079762285,2496.6387079762285,-439.0460542693554
2025-05-19,strikeouts,under,5.5,50.0,False,-50.0,1446.6387079762285,2446.6387079762285,-489.0460542693554
2025-05-19,strikeouts,over,4.5,50.0,True,60.00000000000001,1506.6387079762285,2506.6387079762285,-429.0460542693554
2025-05-20,strikeouts,under,4.5,50.0,True,51.0,1557.6387079762285,2557.6387079762285,-378.0460542693554
2025-05-20,strikeouts,under,5.5,50.0,False,-50.0,1507.6387079762285,2507.6387079762285,-428.0460542693554
2025-05-20,strikeouts,under,6.5,50.0,False,-50.0,1457.6387079762285,2457.6387079762285,-478.0460542693554
2025-05-20,strikeouts,under,7.5,50.0,False,-50.0,1407.6387079762285,2407.6387079762285,-528.0460542693554
2025-05-21,strikeouts,under,5.5,50.0,True,52.49999999999999,1460.1387079762285,2460.1387079762285,-475.5460542693554
2025-05-21,strikeouts,under,5.5,50.0,False,-50.0,1410.1387079762285,2410.1387079762285,-525.5460542693554
2025-05-21,strikeouts,over,1.5,50.0,True,42.3728813559322,1452.5115893321606,2452.511589332161,-483.17317291342306
2025-05-21,strikeouts,under,4.5,50.0,True,45.45454545454546,1497.966134786706,2497.966134786706,-437.718627458878
2025-05-21,strikeouts,under,7.5,50.0,True,46.296296296296305,1544.2624310830024,2544.2624310830024,-391.4223311625815
2025-05-23,strikeouts,under,5.5,50.0,True,55.00000000000001,1599.2624310830024,2599.2624310830024,-336.4223311625815
2025-05-23,strikeouts,under,5.5,50.0,True,69.0,1668.2624310830024,2668.2624310830024,-267.4223311625815
2025-05-23,strikeouts,under,5.5,50.0,False,-50.0,1618.2624310830024,2618.2624310830024,-317.4223311625815
2025-05-23,strikeouts,under,6.5,50.0,False,-50.0,1568.2624310830024,2568.2624310830024,-367.4223311625815
2025-05-23,strikeouts,under,5.5,50.0,True,56.999999999999986,1625.2624310830024,2625.2624310830024,-310.4223311625815
2025-05-23,strikeouts,under,6.5,50.0,True,55.00000000000001,1680.2624310830024,2680.2624310830024,-255.4223311625815
2025-05-23,strikeouts,under,4.5,50.0,True,51.0,1731.2624310830024,2731.2624310830024,-204.4223311625815
2025-05-23,strikeouts,under,4.5,50.0,False,-50.0,1681.2624310830024,2681.2624310830024,-254.4223311625815
2025-05-24,strikeouts,over,4.5,50.0,True,51.0,1732.2624310830024,2732.2624310830024,-203.4223311625815
2025-05-24,strikeouts,under,3.5,50.0,False,-50.0,1682.2624310830024,2682.2624310830024,-253.4223311625815
2025-05-25,strikeouts,over,4.5,50.0,True,60.00000000000001,1742.2624310830024,2742.2624310830024,-193.4223311625815
2025-05-25,strikeouts,over,4.5,50.0,True,58.00000000000001,1800.2624310830024,2800.2624310830024,-135.4223311625815
2025-05-25,strikeouts,over,5.5,50.0,True,64.99999999999999,1865.2624310830024,2865.2624310830024,-70.42233116258149
2025-05-26,strikeouts,over,3.5,50.0,True,58.00000000000001,1923.2624310830024,2923.2624310830024,-12.422331162581486
2025-05-26,strikeouts,under,4.5,50.0,False,-50.0,1873.2624310830024,2873.2624310830024,-62.422331162581486
2025-05-26,strikeouts,over,3.5,50.0,False,-50.0,1823.2624310830024,2823.2624310830024,-112.42233116258149
2025-05-26,strikeouts,under,5.5,50.0,False,-50.0,1773.2624310830024,2773.2624310830024,-162.4223311625815
2025-05-26,strikeouts,under,5.5,50.0,True,58.999999999999986,1832.2624310830024,2832.2624310830024,-103.42233116258149
2025-05-26,strikeouts,under,6.5,50.0,True,43.47826086956521,1875.7406919525677,2875.7406919525674,-59.944070293016466
2025-05-27,strikeouts,over,4.5,50.0,False,-50.0,1825.7406919525677,2825.7406919525674,-109.94407029301647
2025-05-27,strikeouts,over,5.5,50.0,True,67.5,1893.2406919525677,2893.2406919525674,-42.444070293016466
2025-05-27,strikeouts,under,5.5,50.0,False,-50.0,1843.2406919525677,2843.2406919525674,-92.44407029301647
2025-05-27,strikeouts,over,4.5,50.0,False,-50.0,1793.2406919525677,2793.2406919525674,-142.44407029301647
2025-05-27,strikeouts,over,3.5,50.0,False,-50.0,1743.2406919525677,2743.2406919525674,-192.44407029301647
2025-05-27,strikeouts,over,1.5,50.0,True,34.96503496503496,1778.2057269176025,2778.2057269176025,-157.47903532798136
2025-05-28,strikeouts,under,6.5,50.0,True,64.99999999999999,1843.2057269176025,2843.2057269176025,-92.47903532798136
2025-05-28,strikeouts,under,4.5,50.0,True,64.99999999999999,1908.2057269176025,2908.2057269176025,-27.479035327981364
2025-05-28,strikeouts,under,5.5,50.0,True,60.00000000000001,1968.2057269176025,2968.2057269176025,0.0
2025-05-28,strikeouts,under,5.5,50.0,True,67.5,2035.7057269176025,3035.7057269176025,0.0
2025-05-28,strikeouts,under,4.5,50.0,False,-50.0,1985.7057269176025,2985.7057269176025,-50.0
2025-05-28,strikeouts,under,7.5,50.0,True,29.940119760479035,2015.6458466780816,3015.6458466780814,-20.059880239521135
2025-05-28,strikeouts,under,4.5,50.0,True,47.61904761904761,2063.264894297129,3063.264894297129,0.0
2025-05-28,strikeouts,under,6.5,50.0,True,32.05128205128205,2095.3161763484113,3095.3161763484113,0.0
2025-05-29,strikeouts,under,6.5,50.0,True,58.5,2153.8161763484113,3153.8161763484113,0.0
2025-05-29,strikeouts,under,6.5,50.0,False,-50.0,2103.8161763484113,3103.8161763484113,-50.0
2025-05-30,strikeouts,under,5.5,50.0,False,-50.0,2053.8161763484113,3053.8161763484113,-100.0
2025-05-30,strikeouts,over,4.5,50.0,False,-50.0,2003.8161763484113,3003.8161763484113,-150.0
2025-05-30,strikeouts,over,5.5,50.0,True,47.61904761904761,2051.435223967459,3051.435223967459,-102.3809523809523
2025-05-30,strikeouts,under,4.5,50.0,False,-50.0,2001.435223967459,3001.435223967459,-152.3809523809523
2025-05-31,strikeouts,under,6.5,50.0,False,-50.0,1951.435223967459,2951.435223967459,-202.3809523809523
2025-05-31,strikeouts,over,3.5,50.0,False,-50.0,1901.435223967459,2901.435223967459,-252.3809523809523
2025-06-01,strikeouts,under,4.5,50.0,False,-50.0,1851.435223967459,2851.435223967459,-302.3809523809523
2025-06-01,strikeouts,under,6.5,50.0,True,64.99999999999999,1916.435223967459,2916.435223967459,-237.3809523809523
2025-06-01,strikeouts,under,7.5,50.0,False,-50.0,1866.435223967459,2866.435223967459,-287.3809523809523
2025-06-01,strikeouts,under,4.5,50.0,False,-50.0,1816.435223967459,2816.435223967459,-337.3809523809523
2025-06-01,strikeouts,over,3.5,50.0,False,-50.0,1766.435223967459,2766.435223967459,-387.3809523809523
2025-06-02,strikeouts,under,6.5,50.0,True,48.54368932038835,1814.9789132878473,2814.9789132878473,-338.83726306056406
2025-06-02,strikeouts,under,6.5,50.0,True,40.0,1854.9789132878473,2854.9789132878473,-298.83726306056406
2025-06-03,strikeouts,under,6.5,50.0,True,47.61904761904761,1902.597960906895,2902.597960906895,-251.21821544151635
2025-06-03,strikeouts,under,6.5,50.0,False,-50.0,1852.597960906895,2852.597960906895,-301.21821544151635
2025-06-03,strikeouts,under,5.5,50.0,True,60.999999999999986,1913.597960906895,2913.597960906895,-240.21821544151635
2025-06-03,strikeouts,under,5.5,50.0,False,-50.0,1863.597960906895,2863.597960906895,-290.21821544151635
2025-06-04,strikeouts,over,1.5,50.0,False,-50.0,1813.597960906895,2813.597960906895,-340.21821544151635
2025-06-04,strikeouts,over,2.5,50.0,True,55.00000000000001,1868.597960906895,2868.597960906895,-285.21821544151635
2025-06-04,strikeouts,over,4.5,50.0,False,-50.0,1818.597960906895,2818.597960906895,-335.21821544151635
2025-06-04,strikeouts,under,6.5,50.0,False,-50.0,1768.597960906895,2768.597960906895,-385.21821544151635
2025-06-04,strikeouts,under,5.5,50.0,False,-50.0,1718.597960906895,2718.597960906895,-435.21821544151635
2025-06-04,strikeouts,under,6.5,50.0,False,-50.0,1668.597960906895,2668.597960906895,-485.21821544151635
2025-06-04,strikeouts,under,4.5,50.0,False,-50.0,1618.597960906895,2618.597960906895,-535.2182154415163
2025-06-04,strikeouts,over,4.5,50.0,False,-50.0,1568.597960906895,2568.597960906895,-585.2182154415163
2025-06-05,strikeouts,under,4.5,50.0,True,47.61904761904761,1616.2170085259427,2616.2170085259427,-537.5991678224686
2025-06-05,strikeouts,over,4.5,50.0,True,57.49999999999999,1673.7170085259427,2673.7170085259427,-480.09916782246864
2025-06-06,strikeouts,under,5.5,50.0,False,-50.0,1623.7170085259427,2623.7170085259427,-530.0991678224686
2025-06-06,strikeouts,under,5.5,50.0,False,-50.0,1573.7170085259427,2573.7170085259427,-580.0991678224686
2025-06-06,strikeouts,under,7.5,50.0,True,40.98360655737705,1614.7006150833197,2614.7006150833195,-539.1155612650919
2025-06-07,strikeouts,over,4.5,50.0,True,67.5,1682.2006150833197,2682.2006150833195,-471.61556126509186
2025-06-07,strikeouts,under,5.5,50.0,True,57.49999999999999,1739.7006150833197,2739.7006150833195,-414.11556126509186
2025-06-07,strikeouts,under,4.5,50.0,True,62.5,1802.2006150833197,2802.2006150833195,-351.61556126509186
2025-06-07,strikeouts,under,7.5,50.0,False,-50.0,1752.2006150833197,2752.2006150833195,-401.61556126509186
2025-06-07,strikeouts,under,5.5,50.0,True,47.61904761904761,1799.8196627023674,2799.819662702367,-353.99651364604415
2025-06-08,strikeouts,under,3.5,50.0,False,-50.0,1749.8196627023674,2749.819662702367,-403.99651364604415
2025-06-09,strikeouts,under,5.5,50.0,True,60.00000000000001,1809.8196627023674,2809.819662702367,-343.99651364604415
2025-06-09,strikeouts,under,7.5,50.0,False,-50.0,1759.8196627023674,2759.819662702367,-393.99651364604415
2025-06-10,strikeouts,under,6.5,50.0,True,49.504950495049506,1809.324613197417,2809.324613197417,-344.49156315099435
2025-06-10,strikeouts,under,4.5,50.0,True,57.49999999999999,1866.824613197417,2866.824613197417,-286.99156315099435
2025-06-10,strikeouts,under,4.5,50.0,False,-50.0,1816.824613197417,2816.824613197417,-336.99156315099435
2025-06-11,strikeouts,over,5.5,50.0,True,69.0,1885.824613197417,2885.824613197417,-267.99156315099435
2025-06-11,strikeouts,over,5.5,50.0,True,54.0,1939.824613197417,2939.824613197417,-213.99156315099435
2025-06-11,strikeouts,over,3.5,50.0,False,-50.0,1889.824613197417,2889.824613197417,-263.99156315099435
2025-06-11,strikeouts,over,2.5,50.0,True,52.49999999999999,1942.324613197417,2942.324613197417,-211.49156315099435
2025-06-11,strikeouts,over,4.5,50.0,False,-50.0,1892.324613197417,2892.324613197417,-261.49156315099435
2025-06-11,strikeouts,over,5.5,50.0,True,64.00000000000001,1956.324613197417,2956.324613197417,-197.49156315099435
2025-06-12,strikeouts,under,4.5,50.0,False,-50.0,1906.324613197417,2906.324613197417,-247.49156315099435
2025-06-12,strikeouts,under,4.5,50.0,True,53.0,1959.324613197417,2959.324613197417,-194.49156315099435
2025-06-12,strikeouts,under,8.5,50.0,True,37.59398496240601,1996.918598159823,2996.918598159823,-156.89757818858834
2025-06-12,strikeouts,over,1.5,50.0,True,66.00000000000001,2062.918598159823,3062.918598159823,-90.89757818858834
2025-06-12,strikeouts,under,7.5,50.0,True,64.99999999999999,2127.918598159823,3127.918598159823,-25.89757818858834
2025-06-12,strikeouts,under,4.5,50.0,False,-50.0,2077.918598159823,3077.918598159823,-75.89757818858834
2025-06-13,strikeouts,under,7.5,50.0,True,56.00000000000001,2133.918598159823,3133.918598159823,-19.89757818858834
2025-06-13,strikeouts,under,6.5,50.0,True,60.00000000000001,2193.918598159823,3193.918598159823,0.0
2025-06-13,strikeouts,over,4.5,50.0,False,-50.0,2143.918598159823,3143.918598159823,-50.0
2025-06-14,strikeouts,under,7.5,50.0,False,-50.0,2093.918598159823,3093.918598159823,-100.0
2025-06-14,strikeouts,over,2.5,50.0,True,62.5,2156.418598159823,3156.418598159823,-37.5
2025-06-14,strikeouts,under,6.5,50.0,False,-50.0,2106.418598159823,3106.418598159823,-87.5
2025-06-14,strikeouts,over,4.5,50.0,False,-50.0,2056.418598159823,3056.418598159823,-137.5
2025-06-14,strikeouts,under,6.5,50.0,True,57.49999999999999,2113.918598159823,3113.918598159823,-80.0
2025-06-14,strikeouts,under,6.5,50.0,True,60.00000000000001,2173.918598159823,3173.918598159823,-20.0
2025-06-15,strikeouts,over,2.5,50.0,True,35.97122302158273,2209.8898211814058,3209.8898211814058,0.0
2025-06-15,strikeouts,over,3.5,50.0,True,64.00000000000001,2273.8898211814058,3273.8898211814058,0.0
2025-06-15,strikeouts,over,4.5,50.0,True,67.5,2341.3898211814058,3341.3898211814058,0.0
2025-06-15,strikeouts,over,4.5,50.0,True,64.99999999999999,2406.3898211814058,3406.3898211814058,0.0
2025-06-15,strikeouts,under,6.5,50.0,False,-50.0,2356.3898211814058,3356.3898211814058,-50.0
2025-06-15,strikeouts,over,5.5,50.0,False,-50.0,2306.3898211814058,3306.3898211814058,-100.0
2025-06-15,strikeouts,under,6.5,50.0,True,64.00000000000001,2370.3898211814058,3370.3898211814058,-36.0
2025-06-17,strikeouts,over,3.5,50.0,True,56.999999999999986,2427.3898211814058,3427.3898211814058,0.0
2025-06-17,strikeouts,over,3.5,50.0,True,56.00000000000001,2483.3898211814058,3483.3898211814058,0.0
2025-06-18,strikeouts,under,6.5,50.0,False,-50.0,2433.3898211814058,3433.3898211814058,-50.0
2025-06-18,strikeouts,over,3.5,50.0,False,-50.0,2383.3898211814058,3383.3898211814058,-100.0
2025-06-18,strikeouts,under,7.5,50.0,False,-50.0,2333.3898211814058,3333.3898211814058,-150.0
2025-06-19,strikeouts,under,8.5,50.0,True,43.103448275862064,2376.4932694572676,3376.4932694572676,-106.89655172413813
2025-06-19,strikeouts,under,6.5,50.0,False,-50.0,2326.4932694572676,3326.4932694572676,-156.89655172413813
2025-06-20,strikeouts,under,5.5,50.0,True,62.5,2388.9932694572676,3388.9932694572676,-94.39655172413813
2025-06-20,strikeouts,over,3.5,50.0,True,47.61904761904761,2436.6123170763153,3436.6123170763153,-46.77750410509043
2025-06-20,strikeouts,under,6.5,50.0,False,-50.0,2386.6123170763153,3386.6123170763153,-96.77750410509043
2025-06-21,strikeouts,under,6.5,50.0,True,37.31343283582089,2423.9257499121363,3423.9257499121363,-59.464071269269425
2025-06-21,strikeouts,under,5.5,50.0,True,64.00000000000001,2487.9257499121363,3487.9257499121363,0.0
2025-06-21,strikeouts,under,5.5,50.0,False,-50.0,2437.9257499121363,3437.9257499121363,-50.0
2025-06-21,strikeouts,under,6.5,50.0,True,47.61904761904761,2485.544797531184,3485.544797531184,-2.3809523809522943
2025-06-22,strikeouts,under,6.5,50.0,True,38.46153846153846,2524.0063359927226,3524.0063359927226,0.0
2025-06-22,strikeouts,over,4.5,50.0,False,-50.0,2474.0063359927226,3474.0063359927226,-50.0
2025-06-22,strikeouts,over,3.5,50.0,False,-50.0,2424.0063359927226,3424.0063359927226,-100.0
2025-06-22,strikeouts,over,3.5,50.0,True,47.16981132075472,2471.1761473134775,3471.1761473134775,-52.83018867924511
2025-06-22,strikeouts,over,2.5,50.0,False,-50.0,2421.1761473134775,3421.1761473134775,-102.83018867924511
2025-06-22,strikeouts,over,2.5,50.0,True,64.00000000000001,2485.1761473134775,3485.1761473134775,-38.83018867924511
2025-06-22,strikeouts,over,3.5,50.0,True,77.49999999999999,2562.6761473134775,3562.6761473134775,0.0
2025-06-23,strikeouts,over,3.5,50.0,True,60.00000000000001,2622.6761473134775,3622.6761473134775,0.0
2025-06-24,strikeouts,under,4.5,50.0,False,-50.0,2572.6761473134775,3572.6761473134775,-50.0
2025-06-24,strikeouts,under,5.5,50.0,True,39.0625,2611.7386473134775,3611.7386473134775,-10.9375
2025-06-24,strikeouts,under,5.5,50.0,False,-50.0,2561.7386473134775,3561.7386473134775,-60.9375
2025-06-24,strikeouts,under,7.5,50.0,False,-50.0,2511.7386473134775,3511.7386473134775,-110.9375
2025-06-24,strikeouts,under,4.5,50.0,True,69.0,2580.7386473134775,3580.7386473134775,-41.9375
2025-06-24,strikeouts,under,6.5,50.0,False,-50.0,2530.7386473134775,3530.7386473134775,-91.9375
2025-06-25,strikeouts,over,5.5,50.0,True,66.00000000000001,2596.7386473134775,3596.7386473134775,-25.9375
2025-06-25,strikeouts,under,6.5,50.0,False,-50.0,2546.7386473134775,3546.7386473134775,-75.9375
2025-06-25,strikeouts,over,5.5,50.0,True,70.0,2616.7386473134775,3616.7386473134775,-5.9375
2025-06-25,strikeouts,over,4.5,50.0,False,-50.0,2566.7386473134775,3566.7386473134775,-55.9375
2025-06-25,strikeouts,over,5.5,50.0,True,60.00000000000001,2626.7386473134775,3626.7386473134775,0.0
2025-06-26,strikeouts,under,6.5,50.0,False,-50.0,2576.7386473134775,3576.7386473134775,-50.0
2025-06-27,strikeouts,under,3.5,50.0,False,-50.0,2526.7386473134775,3526.7386473134775,-100.0
2025-06-27,strikeouts,over,4.5,50.0,False,-50.0,2476.7386473134775,3476.7386473134775,-150.0
2025-06-27,strikeouts,under,6.5,50.0,False,-50.0,2426.7386473134775,3426.7386473134775,-200.0
2025-06-27,strikeouts,under,6.5,50.0,False,-50.0,2376.7386473134775,3376.7386473134775,-250.0
2025-06-27,strikeouts,over,5.5,50.0,False,-50.0,2326.7386473134775,3326.7386473134775,-300.0
2025-06-28,strikeouts,under,4.5,50.0,False,-50.0,2276.7386473134775,3276.7386473134775,-350.0
2025-06-28,strikeouts,under,3.5,50.0,False,-50.0,2226.7386473134775,3226.7386473134775,-400.0
2025-06-28,strikeouts,under,4.5,50.0,False,-50.0,2176.7386473134775,3176.7386473134775,-450.0
2025-06-28,strikeouts,under,6.5,50.0,True,58.999999999999986,2235.7386473134775,3235.7386473134775,-391.0
2025-06-28,strikeouts,under,5.5,50.0,False,-50.0,2185.7386473134775,3185.7386473134775,-441.0
2025-06-29,strikeouts,over,3.5,50.0,True,67.0,2252.7386473134775,3252.7386473134775,-374.0
2025-06-29,strikeouts,under,7.5,50.0,False,-50.0,2202.7386473134775,3202.7386473134775,-424.0
2025-06-29,strikeouts,over,4.5,50.0,False,-50.0,2152.7386473134775,3152.7386473134775,-474.0
2025-06-29,strikeouts,over,3.5,50.0,False,-50.0,2102.7386473134775,3102.7386473134775,-524.0
2025-06-29,strikeouts,under,4.5,50.0,True,62.5,2165.2386473134775,3165.2386473134775,-461.5
2025-06-30,strikeouts,under,6.5,50.0,False,-50.0,2115.2386473134775,3115.2386473134775,-511.5
2025-06-30,strikeouts,under,5.5,50.0,False,-50.0,2065.2386473134775,3065.2386473134775,-561.5
2025-06-30,strikeouts,under,7.5,50.0,False,-50.0,2015.2386473134775,3015.2386473134775,-611.5
2025-06-30,strikeouts,under,5.5,50.0,False,-50.0,1965.2386473134775,2965.2386473134775,-661.5
2025-06-30,strikeouts,under,8.5,50.0,False,-50.0,1915.2386473134775,2915.2386473134775,-711.5
2025-06-30,strikeouts,under,4.5,50.0,True,64.99999999999999,1980.2386473134775,2980.2386473134775,-646.5
2025-06-30,strikeouts,under,4.5,50.0,True,69.0,2049.2386473134775,3049.2386473134775,-577.5
2025-07-02,strikeouts,under,5.5,50.0,False,-50.0,1999.2386473134775,2999.2386473134775,-627.5
2025-07-02,strikeouts,under,5.5,50.0,False,-50.0,1949.2386473134775,2949.2386473134775,-677.5
2025-07-02,strikeouts,under,4.5,50.0,True,45.04504504504505,1994.2836923585226,2994.283692358523,-632.4549549549547
2025-07-03,strikeouts,under,5.5,50.0,False,-50.0,1944.2836923585226,2944.283692358523,-682.4549549549547
2025-07-04,strikeouts,over,4.5,50.0,True,62.5,2006.7836923585226,3006.783692358523,-619.9549549549547
2025-07-04,strikeouts,over,3.5,50.0,True,60.00000000000001,2066.783692358523,3066.783692358523,-559.9549549549547
2025-07-04,strikeouts,over,2.5,50.0,False,-50.0,2016.7836923585228,3016.783692358523,-609.9549549549547
2025-07-04,strikeouts,under,5.5,50.0,False,-50.0,1966.7836923585228,2966.783692358523,-659.9549549549547
2025-07-05,strikeouts,under,5.5,50.0,False,-50.0,1916.7836923585228,2916.783692358523,-709.9549549549547
2025-07-05,strikeouts,under,4.5,50.0,False,-50.0,1866.7836923585228,2866.783692358523,-759.9549549549547
2025-07-05,strikeouts,over,2.5,50.0,True,70.0,1936.7836923585228,2936.783692358523,-689.9549549549547
2025-07-05,strikeouts,under,4.5,50.0,True,62.5,1999.2836923585228,2999.283692358523,-627.4549549549547
2025-07-06,strikeouts,over,5.5,50.0,False,-50.0,1949.2836923585228,2949.283692358523,-677.4549549549547
2025-07-06,strikeouts,over,4.5,50.0,False,-50.0,1899.2836923585228,2899.283692358523,-727.4549549549547
2025-07-06,strikeouts,under,7.5,50.0,True,60.00000000000001,1959.2836923585228,2959.283692358523,-667.4549549549547
2025-07-06,strikeouts,under,7.5,50.0,False,-50.0,1909.2836923585228,2909.283692358523,-717.4549549549547
2025-07-07,strikeouts,under,5.5,50.0,False,-50.0,1859.2836923585228,2859.283692358523,-767.4549549549547
2025-07-07,strikeouts,under,4.5,50.0,False,-50.0,1809.2836923585228,2809.283692358523,-817.4549549549547
2025-07-07,strikeouts,under,5.5,50.0,True,61.5,1870.7836923585228,2870.783692358523,-755.9549549549547
2025-07-08,strikeouts,over,3.5,50.0,False,-50.0,1820.7836923585228,2820.783692358523,-805.9549549549547
2025-07-08,strikeouts,under,5.5,50.0,False,-50.0,1770.7836923585228,2770.783692358523,-855.9549549549547
2025-07-09,strikeouts,under,4.5,50.0,False,-50.0,1720.7836923585228,2720.783692358523,-905.9549549549547
2025-07-09,strikeouts,under,4.5,50.0,True,55.00000000000001,1775.7836923585228,2775.783692358523,-850.9549549549547
2025-07-09,strikeouts,under,5.5,50.0,False,-50.0,1725.7836923585228,2725.783692358523,-900.9549549549547
2025-07-10,strikeouts,under,4.5,50.0,True,42.73504273504274,1768.5187350935655,2768.5187350935657,-858.2199122199117
2025-07-10,strikeouts,under,5.5,50.0,True,47.61904761904761,1816.1377827126132,2816.1377827126134,-810.600864600864
2025-07-11,strikeouts,over,5.5,50.0,True,64.99999999999999,1881.1377827126132,2881.1377827126134,-745.600864600864
2025-07-11,strikeouts,over,3.5,50.0,False,-50.0,1831.1377827126132,2831.1377827126134,-795.600864600864
2025-07-11,strikeouts,over,2.5,50.0,False,-50.0,1781.1377827126132,2781.1377827126134,-845.600864600864
2025-07-11,strikeouts,under,7.5,50.0,True,64.99999999999999,1846.1377827126132,2846.1377827126134,-780.600864600864
2025-07-12,strikeouts,under,6.5,50.0,False,-50.0,1796.1377827126132,2796.1377827126134,-830.600864600864
2025-07-12,strikeouts,under,5.5,50.0,False,-50.0,1746.1377827126132,2746.1377827126134,-880.600864600864
2025-07-12,strikeouts,under,4.5,50.0,True,64.99999999999999,1811.1377827126132,2811.1377827126134,-815.600864600864
2025-07-12,strikeouts,over,3.5,50.0,False,-50.0,1761.1377827126132,2761.1377827126134,-865.600864600864
2025-07-12,strikeouts,under,2.5,50.0,False,-50.0,1711.1377827126132,2711.1377827126134,-915.600864600864
2025-07-12,strikeouts,under,5.5,50.0,False,-50.0,1661.1377827126132,2661.1377827126134,-965.600864600864
2025-07-12,strikeouts,under,7.5,50.0,False,-50.0,1611.1377827126132,2611.1377827126134,-1015.600864600864
2025-07-12,strikeouts,under,4.5,50.0,True,60.00000000000001,1671.1377827126132,2671.1377827126134,-955.600864600864
2025-07-13,strikeouts,under,5.5,50.0,False,-50.0,1621.1377827126132,2621.1377827126134,-1005.600864600864
2025-07-13,strikeouts,over,3.5,50.0,False,-50.0,1571.1377827126132,2571.1377827126134,-1055.600864600864
2025-07-18,strikeouts,under,5.5,50.0,False,-50.0,1521.1377827126132,2521.1377827126134,-1105.600864600864
2025-07-18,strikeouts,under,7.5,50.0,False,-50.0,1471.1377827126132,2471.1377827126134,-1155.600864600864
2025-07-18,strikeouts,under,4.5,50.0,False,-50.0,1421.1377827126132,2421.1377827126134,-1205.600864600864
2025-07-19,strikeouts,over,3.5,50.0,True,57.49999999999999,1478.6377827126132,2478.6377827126134,-1148.100864600864
2025-07-19,strikeouts,under,5.5,50.0,True,55.00000000000001,1533.6377827126132,2533.6377827126134,-1093.100864600864
2025-07-20,strikeouts,under,6.5,50.0,False,-50.0,1483.6377827126132,2483.6377827126134,-1143.100864600864
2025-07-20,strikeouts,over,3.5,50.0,True,70.0,1553.6377827126132,2553.6377827126134,-1073.100864600864
2025-07-20,strikeouts,under,4.5,50.0,True,52.49999999999999,1606.1377827126132,2606.1377827126134,-1020.600864600864
2025-07-20,strikeouts,under,5.5,50.0,False,-50.0,1556.1377827126132,2556.1377827126134,-1070.600864600864
2025-07-20,strikeouts,under,6.5,50.0,True,60.00000000000001,1616.1377827126132,2616.1377827126134,-1010.600864600864
2025-07-20,strikeouts,under,7.5,50.0,False,-50.0,1566.1377827126132,2566.1377827126134,-1060.600864600864
2025-07-20,strikeouts,under,5.5,50.0,False,-50.0,1516.1377827126132,2516.1377827126134,-1110.600864600864
2025-07-20,strikeouts,over,3.5,50.0,True,67.5,1583.6377827126132,2583.6377827126134,-1043.100864600864
2025-07-20,strikeouts,under,6.5,50.0,False,-50.0,1533.6377827126132,2533.6377827126134,-1093.100864600864
2025-07-20,strikeouts,under,5.5,50.0,False,-50.0,1483.6377827126132,2483.6377827126134,-1143.100864600864
2025-07-21,strikeouts,under,4.5,50.0,True,62.5,1546.1377827126132,2546.1377827126134,-1080.600864600864
2025-07-21,strikeouts,under,6.5,50.0,True,40.0,1586.1377827126132,2586.1377827126134,-1040.600864600864
2025-07-21,strikeouts,under,8.5,50.0,False,-50.0,1536.1377827126132,2536.1377827126134,-1090.600864600864
2025-07-21,strikeouts,under,5.5,50.0,True,60.999999999999986,1597.1377827126132,2597.1377827126134,-1029.600864600864
2025-07-21,strikeouts,under,4.5,50.0,True,48.07692307692308,1645.2147057895363,2645.2147057895363,-981.5239415239412
2025-07-21,strikeouts,under,7.5,50.0,False,-50.0,1595.2147057895363,2595.2147057895363,-1031.5239415239412
2025-07-21,strikeouts,under,5.5,50.0,True,62.000000000000014,1657.2147057895363,2657.2147057895363,-969.5239415239412
2025-07-21,strikeouts,under,5.5,50.0,False,-50.0,1607.2147057895363,2607.2147057895363,-1019.5239415239412
2025-07-21,strikeouts,under,6.5,50.0,True,50.0,1657.2147057895363,2657.2147057895363,-969.5239415239412
2025-07-22,strikeouts,under,5.5,50.0,False,-50.0,1607.2147057895363,2607.2147057895363,-1019.5239415239412
2025-07-22,strikeouts,under,5.5,50.0,True,55.00000000000001,1662.2147057895363,2662.2147057895363,-964.5239415239412
2025-07-22,strikeouts,over,3.5,50.0,False,-50.0,1612.2147057895363,2612.2147057895363,-1014.5239415239412
2025-07-23,strikeouts,over,5.5,50.0,False,-50.0,1562.2147057895363,2562.2147057895363,-1064.5239415239412
2025-07-23,strikeouts,over,3.5,50.0,True,60.00000000000001,1622.2147057895363,2622.2147057895363,-1004.5239415239412
2025-07-23,strikeouts,over,3.5,50.0,True,55.00000000000001,1677.2147057895363,2677.2147057895363,-949.5239415239412
2025-07-23,strikeouts,under,6.5,50.0,False,-50.0,1627.2147057895363,2627.2147057895363,-999.5239415239412
2025-07-23,strikeouts,over,4.5,50.0,True,62.999999999999986,1690.2147057895363,2690.2147057895363,-936.5239415239412
2025-07-24,strikeouts,under,4.5,50.0,False,-50.0,1640.2147057895363,2640.2147057895363,-986.5239415239412
2025-07-25,strikeouts,under,4.5,50.0,True,64.99999999999999,1705.2147057895363,2705.2147057895363,-921.5239415239412
2025-07-25,strikeouts,under,5.5,50.0,False,-50.0,1655.2147057895363,2655.2147057895363,-971.5239415239412
2025-07-25,strikeouts,under,5.5,50.0,True,58.999999999999986,1714.2147057895363,2714.2147057895363,-912.5239415239412
2025-07-26,strikeouts,over,3.5,50.0,False,-50.0,1664.2147057895363,2664.2147057895363,-962.5239415239412
2025-07-26,strikeouts,under,4.5,50.0,False,-50.0,1614.2147057895363,2614.2147057895363,-1012.5239415239412
2025-07-26,strikeouts,under,6.5,50.0,False,-50.0,1564.2147057895363,2564.2147057895363,-1062.5239415239412
2025-07-26,strikeouts,under,4.5,50.0,False,-50.0,1514.2147057895363,2514.2147057895363,-1112.5239415239412
2025-07-26,strikeouts,under,5.5,50.0,True,66.00000000000001,1580.2147057895363,2580.2147057895363,-1046.5239415239412
2025-07-26,strikeouts,over,4.5,50.0,False,-50.0,1530.2147057895363,2530.2147057895363,-1096.5239415239412
2025-07-27,strikeouts,under,7.5,50.0,False,-50.0,1480.2147057895363,2480.2147057895363,-1146.5239415239412
2025-07-27,strikeouts,over,3.5,50.0,False,-50.0,1430.2147057895363,2430.2147057895363,-1196.5239415239412
2025-07-27,strikeouts,over,4.5,50.0,True,64.00000000000001,1494.2147057895363,2494.2147057895363,-1132.5239415239412
2025-07-27,strikeouts,under,4.5,50.0,False,-50.0,1444.2147057895363,2444.2147057895363,-1182.5239415239412
2025-07-28,strikeouts,under,5.5,50.0,False,-50.0,1394.2147057895363,2394.2147057895363,-1232.5239415239412
2025-07-28,strikeouts,over,5.5,50.0,False,-50.0,1344.2147057895363,2344.2147057895363,-1282.5239415239412
2025-07-28,strikeouts,under,5.5,50.0,True,50.0,1394.2147057895363,2394.2147057895363,-1232.5239415239412
2025-07-29,strikeouts,under,5.5,50.0,True,48.54368932038835,1442.7583951099245,2442.7583951099245,-1183.980252203553
2025-07-29,strikeouts,under,6.5,50.0,True,70.0,1512.7583951099245,2512.7583951099245,-1113.980252203553
2025-07-30,strikeouts,under,6.5,50.0,True,41.66666666666667,1554.4250617765913,2554.425061776591,-1072.3135855368864
2025-07-30,strikeouts,over,4.5,50.0,False,-50.0,1504.4250617765913,2504.425061776591,-1122.3135855368864
2025-07-30,strikeouts,over,4.5,50.0,True,60.00000000000001,1564.4250617765913,2564.425061776591,-1062.3135855368864
2025-07-30,strikeouts,under,5.5,50.0,True,52.49999999999999,1616.9250617765913,2616.925061776591,-1009.8135855368864
2025-08-01,strikeouts,over,6.5,50.0,False,-50.0,1566.9250617765913,2566.925061776591,-1059.8135855368864
2025-08-01,strikeouts,over,3.5,50.0,False,-50.0,1516.9250617765913,2516.925061776591,-1109.8135855368864
2025-08-01,strikeouts,over,4.5,50.0,False,-50.0,1466.9250617765913,2466.925061776591,-1159.8135855368864
2025-08-01,strikeouts,over,4.5,50.0,False,-50.0,1416.9250617765913,2416.925061776591,-1209.8135855368864
2025-08-02,strikeouts,under,6.5,50.0,False,-50.0,1366.9250617765913,2366.925061776591,-1259.8135855368864
2025-08-02,strikeouts,under,4.5,50.0,False,-50.0,1316.9250617765913,2316.925061776591,-1309.8135855368864
2025-08-02,strikeouts,over,3.5,50.0,True,57.49999999999999,1374.4250617765913,2374.425061776591,-1252.3135855368864
2025-08-02,strikeouts,under,7.5,50.0,False,-50.0,1324.4250617765913,2324.425061776591,-1302.3135855368864
2025-08-03,strikeouts,under,4.5,50.0,True,62.5,1386.9250617765913,2386.925061776591,-1239.8135855368864
2025-08-03,strikeouts,under,4.5,50.0,True,53.0,1439.9250617765913,2439.925061776591,-1186.8135855368864
2025-08-03,strikeouts,under,6.5,50.0,True,60.00000000000001,1499.9250617765913,2499.925061776591,-1126.8135855368864
2025-08-03,strikeouts,under,5.5,50.0,False,-50.0,1449.9250617765913,2449.925061776591,-1176.8135855368864
2025-08-03,strikeouts,under,5.5,50.0,False,-50.0,1399.9250617765913,2399.925061776591,-1226.8135855368864
2025-08-03,strikeouts,under,6.5,50.0,False,-50.0,1349.9250617765913,2349.925061776591,-1276.8135855368864
2025-08-03,strikeouts,under,5.5,50.0,False,-50.0,1299.9250617765913,2299.925061776591,-1326.8135855368864
2025-08-05,strikeouts,under,4.5,50.0,True,62.5,1362.4250617765913,2362.425061776591,-1264.3135855368864
2025-08-05,strikeouts,under,6.5,50.0,False,-50.0,1312.4250617765913,2312.425061776591,-1314.3135855368864
2025-08-05,strikeouts,under,6.5,50.0,True,58.999999999999986,1371.4250617765913,2371.425061776591,-1255.3135855368864
2025-08-05,strikeouts,under,5.5,50.0,False,-50.0,1321.4250617765913,2321.425061776591,-1305.3135855368864
2025-08-05,strikeouts,under,4.5,50.0,False,-50.0,1271.4250617765913,2271.425061776591,-1355.3135855368864
2025-08-05,strikeouts,under,7.5,50.0,False,-50.0,1221.4250617765913,2221.425061776591,-1405.3135855368864
2025-08-06,strikeouts,under,6.5,50.0,True,60.00000000000001,1281.4250617765913,2281.425061776591,-1345.3135855368864
2025-08-06,strikeouts,over,5.5,50.0,True,62.5,1343.9250617765913,2343.925061776591,-1282.8135855368864
2025-08-06,strikeouts,over,4.5,50.0,False,-50.0,1293.9250617765913,2293.925061776591,-1332.8135855368864
2025-08-06,strikeouts,over,4.5,50.0,True,64.99999999999999,1358.9250617765913,2358.925061776591,-1267.8135855368864
2025-08-07,strikeouts,under,7.5,50.0,False,-50.0,1308.9250617765913,2308.925061776591,-1317.8135855368864
2025-08-07,strikeouts,under,7.5,50.0,True,64.00000000000001,1372.9250617765913,2372.925061776591,-1253.8135855368864
2025-08-08,strikeouts,over,3.5,50.0,True,64.99999999999999,1437.9250617765913,2437.925061776591,-1188.8135855368864
2025-08-08,strikeouts,over,7.5,50.0,False,-50.0,1387.9250617765913,2387.925061776591,-1238.8135855368864
2025-08-08,strikeouts,over,4.5,50.0,True,60.999999999999986,1448.9250617765913,2448.925061776591,-1177.8135855368864
2025-08-08,strikeouts,over,3.5,50.0,True,41.66666666666667,1490.591728443258,2490.591728443258,-1136.1469188702195
2025-08-08,strikeouts,over,4.5,50.0,True,60.00000000000001,1550.591728443258,2550.591728443258,-1076.1469188702195
2025-08-08,strikeouts,over,4.5,50.0,False,-50.0,1500.591728443258,2500.591728443258,-1126.1469188702195
2025-08-09,strikeouts,under,5.5,50.0,False,-50.0,1450.591728443258,2450.591728443258,-1176.1469188702195
2025-08-09,strikeouts,under,4.5,50.0,False,-50.0,1400.591728443258,2400.591728443258,-1226.1469188702195
2025-08-09,strikeouts,under,4.5,50.0,False,-50.0,1350.591728443258,2350.591728443258,-1276.1469188702195
2025-08-09,strikeouts,under,6.5,50.0,False,-50.0,1300.591728443258,2300.591728443258,-1326.1469188702195
2025-08-09,strikeouts,under,4.5,50.0,False,-50.0,1250.591728443258,2250.591728443258,-1376.1469188702195
2025-08-09,strikeouts,under,3.5,50.0,False,-50.0,1200.591728443258,2200.591728443258,-1426.1469188702195
2025-08-10,strikeouts,under,5.5,50.0,True,38.46153846153846,1239.0532669047966,2239.0532669047966,-1387.6853804086809
2025-08-10,strikeouts,under,4.5,50.0,True,70.0,1309.0532669047966,2309.0532669047966,-1317.6853804086809
2025-08-10,strikeouts,under,5.5,50.0,False,-50.0,1259.0532669047966,2259.0532669047966,-1367.6853804086809
2025-08-10,strikeouts,over,3.5,50.0,False,-50.0,1209.0532669047966,2209.0532669047966,-1417.6853804086809
2025-08-10,strikeouts,under,5.5,50.0,True,51.500000000000014,1260.5532669047966,2260.5532669047966,-1366.1853804086809
2025-08-10,strikeouts,under,7.5,50.0,True,40.0,1300.5532669047966,2300.5532669047966,-1326.1853804086809
2025-08-11,strikeouts,under,4.5,50.0,False,-50.0,1250.5532669047966,2250.5532669047966,-1376.1853804086809
2025-08-12,strikeouts,under,6.5,50.0,True,47.61904761904761,1298.1723145238443,2298.1723145238443,-1328.5663327896332
2025-08-12,strikeouts,under,6.5,50.0,False,-50.0,1248.1723145238443,2248.1723145238443,-1378.5663327896332
2025-08-12,strikeouts,under,6.5,50.0,True,57.49999999999999,1305.6723145238443,2305.6723145238443,-1321.0663327896332
2025-08-12,strikeouts,under,7.5,50.0,True,33.33333333333333,1339.0056478571776,2339.005647857178,-1287.7329994562997
2025-08-12,strikeouts,under,3.5,50.0,True,69.0,1408.0056478571776,2408.005647857178,-1218.7329994562997
2025-08-12,strikeouts,under,7.5,50.0,True,26.881720430107524,1434.8873682872852,2434.8873682872854,-1191.851279026192
2025-08-12,strikeouts,under,5.5,50.0,False,-50.0,1384.8873682872852,2384.8873682872854,-1241.851279026192
2025-08-12,strikeouts,under,4.5,50.0,False,-50.0,1334.8873682872852,2334.8873682872854,-1291.851279026192
2025-08-13,strikeouts,under,5.5,50.0,True,52.0,1386.8873682872852,2386.8873682872854,-1239.851279026192
2025-08-13,strikeouts,under,6.5,50.0,True,55.00000000000001,1441.8873682872852,2441.8873682872854,-1184.851279026192
2025-08-13,strikeouts,under,6.5,50.0,True,67.5,1509.3873682872852,2509.3873682872854,-1117.351279026192
2025-08-13,strikeouts,under,4.5,50.0,False,-50.0,1459.3873682872852,2459.3873682872854,-1167.351279026192
2025-08-14,strikeouts,under,8.5,50.0,True,34.96503496503496,1494.35240325232,2494.35240325232,-1132.3862440611574
2025-08-14,strikeouts,under,5.5,50.0,True,45.45454545454546,1539.8069487068656,2539.8069487068656,-1086.931698606612
2025-08-14,strikeouts,under,7.5,50.0,True,62.5,1602.3069487068656,2602.3069487068656,-1024.431698606612
2025-08-15,strikeouts,under,6.5,50.0,True,70.0,1672.3069487068656,2672.3069487068656,-954.4316986066119
2025-08-15,strikeouts,under,4.5,50.0,True,60.999999999999986,1733.3069487068656,2733.3069487068656,-893.4316986066119
2025-08-15,strikeouts,under,4.5,50.0,False,-50.0,1683.3069487068656,2683.3069487068656,-943.4316986066119
2025-08-15,strikeouts,under,6.5,50.0,False,-50.0,1633.3069487068656,2633.3069487068656,-993.4316986066119
2025-08-15,strikeouts,under,7.5,50.0,True,45.45454545454546,1678.761494161411,2678.761494161411,-947.9771531520664
2025-08-16,strikeouts,under,4.5,50.0,False,-50.0,1628.761494161411,2628.761494161411,-997.9771531520664
2025-08-16,strikeouts,under,5.5,50.0,False,-50.0,1578.761494161411,2578.761494161411,-1047.9771531520664
2025-08-16,strikeouts,under,5.5,50.0,False,-50.0,1528.761494161411,2528.761494161411,-1097.9771531520664
2025-08-16,strikeouts,under,4.5,50.0,True,58.00000000000001,1586.761494161411,2586.761494161411,-1039.9771531520664
2025-08-16,strikeouts,under,5.5,50.0,False,-50.0,1536.761494161411,2536.761494161411,-1089.9771531520664
2025-08-16,strikeouts,under,4.5,50.0,False,-50.0,1486.761494161411,2486.761494161411,-1139.9771531520664
2025-08-17,strikeouts,over,4.5,50.0,True,71.49999999999999,1558.261494161411,2558.261494161411,-1068.4771531520664
2025-08-17,strikeouts,under,5.5,50.0,False,-50.0,1508.261494161411,2508.261494161411,-1118.4771531520664
2025-08-17,strikeouts,over,3.5,50.0,True,70.0,1578.261494161411,2578.261494161411,-1048.4771531520664
2025-08-17,strikeouts,under,6.5,50.0,False,-50.0,1528.261494161411,2528.261494161411,-1098.4771531520664
2025-08-17,strikeouts,over,2.5,50.0,False,-50.0,1478.261494161411,2478.261494161411,-1148.4771531520664
2025-08-17,strikeouts,under,7.5,50.0,False,-50.0,1428.261494161411,2428.261494161411,-1198.4771531520664
2025-08-19,strikeouts,over,4.5,50.0,False,-50.0,1378.261494161411,2378.261494161411,-1248.4771531520664
2025-08-19,strikeouts,over,4.5,50.0,False,-50.0,1328.261494161411,2328.261494161411,-1298.4771531520664
2025-08-19,strikeouts,over,4.5,50.0,False,-50.0,1278.261494161411,2278.261494161411,-1348.4771531520664
2025-08-20,strikeouts,over,5.5,50.0,True,70.5,1348.761494161411,2348.761494161411,-1277.9771531520664
2025-08-20,strikeouts,over,3.5,50.0,True,44.64285714285714,1393.4043513042682,2393.404351304268,-1233.3342960092095
2025-08-20,strikeouts,over,3.5,50.0,True,57.49999999999999,1450.9043513042682,2450.904351304268,-1175.8342960092095
2025-08-20,strikeouts,over,5.5,50.0,False,-50.0,1400.9043513042682,2400.904351304268,-1225.8342960092095
2025-08-21,strikeouts,under,3.5,50.0,True,70.0,1470.9043513042682,2470.904351304268,-1155.8342960092095
2025-08-21,strikeouts,under,6.5,50.0,False,-50.0,1420.9043513042682,2420.904351304268,-1205.8342960092095
2025-08-21,strikeouts,under,5.5,50.0,True,60.00000000000001,1480.9043513042682,2480.904351304268,-1145.8342960092095
2025-08-21,strikeouts,under,5.5,50.0,False,-50.0,1430.9043513042682,2430.904351304268,-1195.8342960092095
2025-08-21,strikeouts,under,4.5,50.0,True,64.00000000000001,1494.9043513042682,2494.904351304268,-1131.8342960092095
2025-08-21,strikeouts,under,4.5,50.0,True,66.00000000000001,1560.9043513042682,2560.904351304268,-1065.8342960092095
2025-08-21,strikeouts,under,4.5,50.0,True,64.99999999999999,1625.9043513042682,2625.904351304268,-1000.8342960092095
2025-08-21,strikeouts,under,4.5,50.0,True,37.03703703703704,1662.9413883413051,2662.9413883413054,-963.7972589721721
2025-08-22,strikeouts,under,4.5,50.0,True,46.728971962616825,1709.670360303922,2709.6703603039223,-917.0682870095552
2025-08-22,strikeouts,under,4.5,50.0,False,-50.0,1659.670360303922,2659.6703603039223,-967.0682870095552
2025-08-22,strikeouts,over,5.5,50.0,False,-50.0,1609.670360303922,2609.6703603039223,-1017.0682870095552
2025-08-22,strikeouts,under,5.5,50.0,True,57.49999999999999,1667.170360303922,2667.1703603039223,-959.5682870095552
2025-08-22,strikeouts,under,4.5,50.0,False,-50.0,1617.170360303922,2617.1703603039223,-1009.5682870095552
2025-08-23,strikeouts,under,5.5,50.0,False,-50.0,1567.170360303922,2567.1703603039223,-1059.5682870095552
2025-08-23,strikeouts,under,7.5,50.0,False,-50.0,1517.170360303922,2517.1703603039223,-1109.5682870095552
2025-08-23,strikeouts,under,4.5,50.0,False,-50.0,1467.170360303922,2467.1703603039223,-1159.5682870095552
2025-08-24,strikeouts,over,5.5,50.0,False,-50.0,1417.170360303922,2417.1703603039223,-1209.5682870095552
2025-08-24,strikeouts,over,3.5,50.0,False,-50.0,1367.170360303922,2367.1703603039223,-1259.5682870095552
2025-08-24,strikeouts,over,5.5,50.0,True,66.00000000000001,1433.170360303922,2433.1703603039223,-1193.5682870095552
2025-08-24,strikeouts,over,5.5,50.0,False,-50.0,1383.170360303922,2383.1703603039223,-1243.5682870095552
2025-08-24,strikeouts,under,6.5,50.0,False,-50.0,1333.170360303922,2333.1703603039223,-1293.5682870095552
2025-08-24,strikeouts,under,4.5,50.0,False,-50.0,1283.170360303922,2283.1703603039223,-1343.5682870095552
2025-08-24,strikeouts,under,7.5,50.0,True,60.00000000000001,1343.170360303922,2343.1703603039223,-1283.5682870095552
2025-08-25,strikeouts,under,5.5,50.0,True,57.49999999999999,1400.670360303922,2400.6703603039223,-1226.0682870095552
2025-08-25,strikeouts,under,4.5,50.0,False,-50.0,1350.670360303922,2350.6703603039223,-1276.0682870095552
2025-08-26,strikeouts,over,5.5,50.0,True,57.49999999999999,1408.170360303922,2408.1703603039223,-1218.5682870095552
2025-08-26,strikeouts,over,5.5,50.0,True,69.0,1477.170360303922,2477.1703603039223,-1149.5682870095552
2025-08-26,strikeouts,over,5.5,50.0,False,-50.0,1427.170360303922,2427.1703603039223,-1199.5682870095552
2025-08-26,strikeouts,over,4.5,50.0,True,60.00000000000001,1487.170360303922,2487.1703603039223,-1139.5682870095552
2025-08-26,strikeouts,over,4.5,50.0,False,-50.0,1437.170360303922,2437.1703603039223,-1189.5682870095552
2025-08-26,strikeouts,over,3.5,50.0,False,-50.0,1387.170360303922,2387.1703603039223,-1239.5682870095552
2025-08-27,strikeouts,over,5.5,50.0,True,64.99999999999999,1452.170360303922,2452.1703603039223,-1174.5682870095552
2025-08-27,strikeouts,under,6.5,50.0,True,55.00000000000001,1507.170360303922,2507.1703603039223,-1119.5682870095552
2025-08-27,strikeouts,over,2.5,50.0,True,70.0,1577.170360303922,2577.1703603039223,-1049.5682870095552
2025-08-28,strikeouts,under,5.5,50.0,True,51.0,1628.170360303922,2628.1703603039223,-998.5682870095552
2025-08-28,strikeouts,under,7.5,50.0,True,67.5,1695.670360303922,2695.6703603039223,-931.0682870095552
2025-08-29,strikeouts,under,6.5,50.0,True,52.49999999999999,1748.170360303922,2748.1703603039223,-878.5682870095552
2025-08-29,strikeouts,under,6.5,50.0,True,30.303030303030297,1778.4733906069523,2778.4733906069523,-848.2652567065252
2025-08-29,strikeouts,under,5.5,50.0,False,-50.0,1728.4733906069523,2728.4733906069523,-898.2652567065252
2025-08-30,strikeouts,over,3.5,50.0,False,-50.0,1678.4733906069523,2678.4733906069523,-948.2652567065252
2025-08-30,strikeouts,over,3.5,50.0,False,-50.0,1628.4733906069523,2628.4733906069523,-998.2652567065252
2025-08-30,strikeouts,under,5.5,50.0,True,50.0,1678.4733906069523,2678.4733906069523,-948.2652567065252
2025-08-30,strikeouts,under,6.5,50.0,False,-50.0,1628.4733906069523,2628.4733906069523,-998.2652567065252
2025-08-30,strikeouts,under,6.5,50.0,True,53.0,1681.4733906069523,2681.4733906069523,-945.2652567065252
2025-08-31,strikeouts,over,6.5,50.0,True,66.5,1747.9733906069523,2747.9733906069523,-878.7652567065252
2025-08-31,strikeouts,over,3.5,50.0,True,50.0,1797.9733906069523,2797.9733906069523,-828.7652567065252
2025-08-31,strikeouts,over,3.5,50.0,True,40.98360655737705,1838.9569971643293,2838.9569971643296,-787.7816501491479
2025-08-31,strikeouts,over,5.5,50.0,True,40.0,1878.9569971643293,2878.9569971643296,-747.7816501491479
2025-08-31,strikeouts,over,5.5,50.0,False,-50.0,1828.9569971643293,2828.9569971643296,-797.7816501491479
2025-08-31,strikeouts,over,5.5,50.0,True,67.5,1896.4569971643293,2896.4569971643296,-730.2816501491479
2025-08-31,strikeouts,over,4.5,50.0,True,69.0,1965.4569971643293,2965.4569971643296,-661.2816501491479
2025-08-31,strikeouts,over,4.5,50.0,False,-50.0,1915.4569971643293,2915.4569971643296,-711.2816501491479
2025-09-01,strikeouts,under,4.5,50.0,True,62.5,1977.9569971643293,2977.9569971643296,-648.7816501491479
2025-09-01,strikeouts,under,5.5,50.0,True,67.5,2045.4569971643293,3045.4569971643296,-581.2816501491479
2025-09-01,strikeouts,under,4.5,50.0,False,-50.0,1995.4569971643293,2995.4569971643296,-631.2816501491479
2025-09-01,strikeouts,over,3.5,50.0,False,-50.0,1945.4569971643293,2945.4569971643296,-681.2816501491479
2025-09-01,strikeouts,under,5.5,50.0,False,-50.0,1895.4569971643293,2895.4569971643296,-731.2816501491479
2025-09-01,strikeouts,under,7.5,50.0,True,55.00000000000001,1950.4569971643293,2950.4569971643296,-676.2816501491479
2025-09-01,strikeouts,under,4.5,50.0,False,-50.0,1900.4569971643293,2900.4569971643296,-726.2816501491479
2025-09-02,strikeouts,over,3.5,50.0,False,-50.0,1850.4569971643293,2850.4569971643296,-776.2816501491479
2025-09-02,strikeouts,under,4.5,50.0,True,52.49999999999999,1902.9569971643293,2902.9569971643296,-723.7816501491479
2025-09-02,strikeouts,under,8.5,50.0,True,34.48275862068966,1937.439755785019,2937.439755785019,-689.2988915284586
2025-09-02,strikeouts,under,7.5,50.0,True,62.5,1999.939755785019,2999.939755785019,-626.7988915284586
2025-09-02,strikeouts,under,4.5,50.0,True,64.00000000000001,2063.9397557850193,3063.9397557850193,-562.7988915284582
2025-09-02,strikeouts,under,4.5,50.0,False,-50.0,2013.9397557850193,3013.9397557850193,-612.7988915284582
2025-09-02,strikeouts,over,3.5,50.0,True,60.00000000000001,2073.9397557850193,3073.9397557850193,-552.7988915284582
2025-09-02,strikeouts,under,5.5,50.0,True,55.00000000000001,2128.9397557850193,3128.9397557850193,-497.79889152845817
2025-09-02,strikeouts,under,3.5,50.0,False,-50.0,2078.9397557850193,3078.9397557850193,-547.7988915284582
2025-09-03,strikeouts,over,4.5,50.0,False,-50.0,2028.9397557850193,3028.9397557850193,-597.7988915284582
2025-09-04,strikeouts,under,6.5,50.0,False,-50.0,1978.9397557850193,2978.9397557850193,-647.7988915284582
2025-09-04,strikeouts,over,2.5,50.0,False,-50.0,1928.9397557850193,2928.9397557850193,-697.7988915284582
2025-09-04,strikeouts,under,5.5,50.0,False,-50.0,1878.9397557850193,2878.9397557850193,-747.7988915284582
2025-09-05,strikeouts,under,4.5,50.0,False,-50.0,1828.9397557850193,2828.9397557850193,-797.7988915284582
2025-09-05,strikeouts,under,3.5,50.0,False,-50.0,1778.9397557850193,2778.9397557850193,-847.7988915284582
2025-09-05,strikeouts,under,6.5,50.0,False,-50.0,1728.9397557850193,2728.9397557850193,-897.7988915284582
2025-09-05,strikeouts,under,7.5,50.0,False,-50.0,1678.9397557850193,2678.9397557850193,-947.7988915284582
2025-09-05,strikeouts,under,6.5,50.0,True,41.66666666666667,1720.606422451686,2720.606422451686,-906.1322248617917
2025-09-05,strikeouts,under,5.5,50.0,True,66.5,1787.106422451686,2787.106422451686,-839.6322248617917
2025-09-05,strikeouts,under,5.5,50.0,False,-50.0,1737.106422451686,2737.106422451686,-889.6322248617917
2025-09-06,strikeouts,under,5.5,50.0,False,-50.0,1687.106422451686,2687.106422451686,-939.6322248617917
2025-09-06,strikeouts,under,7.5,50.0,True,60.00000000000001,1747.106422451686,2747.106422451686,-879.6322248617917
2025-09-06,strikeouts,under,4.5,50.0,False,-50.0,1697.106422451686,2697.106422451686,-929.6322248617917
2025-09-06,strikeouts,under,6.5,50.0,False,-50.0,1647.106422451686,2647.106422451686,-979.6322248617917
2025-09-06,strikeouts,under,5.5,50.0,False,-50.0,1597.106422451686,2597.106422451686,-1029.6322248617917
2025-09-07,strikeouts,under,4.5,50.0,True,55.00000000000001,1652.106422451686,2652.106422451686,-974.6322248617917
2025-09-07,strikeouts,under,5.5,50.0,False,-50.0,1602.106422451686,2602.106422451686,-1024.6322248617917
2025-09-07,strikeouts,under,6.5,50.0,True,57.49999999999999,1659.606422451686,2659.606422451686,-967.1322248617917
2025-09-07,strikeouts,under,6.5,50.0,False,-50.0,1609.606422451686,2609.606422451686,-1017.1322248617917
2025-09-07,strikeouts,under,4.5,50.0,True,62.5,1672.106422451686,2672.106422451686,-954.6322248617917
2025-09-08,strikeouts,under,3.5,50.0,False,-50.0,1622.106422451686,2622.106422451686,-1004.6322248617917
2025-09-08,strikeouts,under,3.5,50.0,True,67.5,1689.606422451686,2689.606422451686,-937.1322248617917
2025-09-08,strikeouts,under,5.5,50.0,False,-50.0,1639.606422451686,2639.606422451686,-987.1322248617917
2025-09-09,strikeouts,over,3.5,50.0,False,-50.0,1589.606422451686,2589.606422451686,-1037.1322248617917
2025-09-09,strikeouts,over,5.5,50.0,False,-50.0,1539.606422451686,2539.606422451686,-1087.1322248617917
2025-09-09,strikeouts,over,4.5,50.0,True,55.00000000000001,1594.606422451686,2594.606422451686,-1032.1322248617917
2025-09-10,strikeouts,over,5.5,50.0,True,66.00000000000001,1660.606422451686,2660.606422451686,-966.1322248617917
2025-09-10,strikeouts,over,3.5,50.0,False,-50.0,1610.606422451686,2610.606422451686,-1016.1322248617917
2025-09-11,strikeouts,over,5.5,50.0,True,58.999999999999986,1669.606422451686,2669.606422451686,-957.1322248617917
2025-09-11,strikeouts,over,5.5,50.0,False,-50.0,1619.606422451686,2619.606422451686,-1007.1322248617917
2025-09-11,strikeouts,over,5.5,50.0,True,54.49999999999999,1674.106422451686,2674.106422451686,-952.6322248617917
2025-09-11,strikeouts,over,3.5,50.0,True,50.0,1724.106422451686,2724.106422451686,-902.6322248617917
2025-09-11,strikeouts,over,5.5,50.0,False,-50.0,1674.106422451686,2674.106422451686,-952.6322248617917
2025-09-11,strikeouts,over,4.5,50.0,False,-50.0,1624.106422451686,2624.106422451686,-1002.6322248617917
2025-09-11,strikeouts,over,4.5,50.0,True,34.48275862068966,1658.5891810723758,2658.589181072376,-968.1494662411014
2025-09-11,strikeouts,over,4.5,50.0,False,-50.0,1608.5891810723758,2608.589181072376,-1018.1494662411014
2025-09-12,strikeouts,under,7.5,50.0,True,49.01960784313726,1657.608788915513,2657.6087889155133,-969.1298583979642
2025-09-12,strikeouts,under,5.5,50.0,True,58.5,1716.108788915513,2716.1087889155133,-910.6298583979642
2025-09-13,strikeouts,under,5.5,50.0,True,60.00000000000001,1776.108788915513,2776.1087889155133,-850.6298583979642
2025-09-13,strikeouts,under,4.5,50.0,True,57.49999999999999,1833.608788915513,2833.6087889155133,-793.1298583979642
2025-09-13,strikeouts,over,3.5,50.0,False,-50.0,1783.608788915513,2783.6087889155133,-843.1298583979642
2025-09-13,strikeouts,under,5.5,50.0,True,45.45454545454546,1829.0633343700586,2829.0633343700583,-797.6753129434192
2025-09-13,strikeouts,over,4.5,50.0,False,-50.0,1779.0633343700586,2779.0633343700583,-847.6753129434192
2025-09-14,strikeouts,under,5.5,50.0,True,57.49999999999999,1836.5633343700586,2836.5633343700583,-790.1753129434192
2025-09-14,strikeouts,under,6.5,50.0,True,62.5,1899.0633343700586,2899.0633343700583,-727.6753129434192
2025-09-14,strikeouts,under,4.5,50.0,True,62.999999999999986,1962.0633343700586,2962.0633343700583,-664.6753129434192
2025-09-15,strikeouts,over,5.5,50.0,True,62.5,2024.5633343700586,3024.5633343700583,-602.1753129434192
2025-09-16,strikeouts,under,6.5,50.0,True,52.49999999999999,2077.0633343700583,3077.0633343700583,-549.6753129434192
2025-09-16,strikeouts,over,4.5,50.0,False,-50.0,2027.0633343700583,3027.0633343700583,-599.6753129434192
2025-09-16,strikeouts,under,5.5,50.0,True,55.00000000000001,2082.0633343700583,3082.0633343700583,-544.6753129434192
2025-09-16,strikeouts,over,5.5,50.0,True,42.3728813559322,2124.4362157259907,3124.4362157259907,-502.3024315874868
2025-09-16,strikeouts,under,8.5,50.0,False,-50.0,2074.4362157259907,3074.4362157259907,-552.3024315874868
2025-09-17,strikeouts,under,3.5,50.0,False,-50.0,2024.4362157259907,3024.4362157259907,-602.3024315874868
2025-09-17,strikeouts,under,5.5,50.0,True,54.0,2078.4362157259907,3078.4362157259907,-548.3024315874868
2025-09-17,strikeouts,under,5.5,50.0,True,52.49999999999999,2130.9362157259907,3130.9362157259907,-495.8024315874868
2025-09-17,strikeouts,under,4.5,50.0,True,43.47826086956521,2174.4144765955557,3174.4144765955557,-452.3241707179218
2025-09-17,strikeouts,under,4.5,50.0,False,-50.0,2124.4144765955557,3124.4144765955557,-502.3241707179218
2025-09-18,strikeouts,over,5.5,50.0,True,33.33333333333333,2157.747809928889,3157.747809928889,-468.9908373845883
2025-09-18,strikeouts,over,5.5,50.0,False,-50.0,2107.747809928889,3107.747809928889,-518.9908373845883
2025-09-18,strikeouts,over,4.5,50.0,False,-50.0,2057.747809928889,3057.747809928889,-568.9908373845883
2025-09-18,strikeouts,over,3.5,50.0,True,52.49999999999999,2110.247809928889,3110.247809928889,-516.4908373845883
2025-09-18,strikeouts,over,6.5,50.0,True,60.00000000000001,2170.247809928889,3170.247809928889,-456.4908373845883
2025-09-18,strikeouts,over,5.5,50.0,True,57.49999999999999,2227.747809928889,3227.747809928889,-398.9908373845883
2025-09-18,strikeouts,over,5.5,50.0,True,56.999999999999986,2284.747809928889,3284.747809928889,-341.9908373845883
2025-09-18,strikeouts,over,4.5,50.0,False,-50.0,2234.747809928889,3234.747809928889,-391.9908373845883
2025-09-19,strikeouts,under,4.5,50.0,True,49.504950495049506,2284.2527604239385,3284.2527604239385,-342.48588688953896
2025-09-19,strikeouts,over,4.5,50.0,True,53.0,2337.2527604239385,3337.2527604239385,-289.48588688953896
2025-09-20,strikeouts,under,4.5,50.0,True,69.0,2406.2527604239385,3406.2527604239385,-220.48588688953896
2025-09-20,strikeouts,over,3.5,50.0,False,-50.0,2356.2527604239385,3356.2527604239385,-270.48588688953896
2025-09-20,strikeouts,under,3.5,50.0,False,-50.0,2306.2527604239385,3306.2527604239385,-320.48588688953896
2025-09-21,strikeouts,over,4.5,50.0,True,64.99999999999999,2371.2527604239385,3371.2527604239385,-255.48588688953896
2025-09-21,strikeouts,under,4.5,50.0,False,-50.0,2321.2527604239385,3321.2527604239385,-305.48588688953896
2025-09-21,strikeouts,over,4.5,50.0,False,-50.0,2271.2527604239385,3271.2527604239385,-355.48588688953896
2025-09-21,strikeouts,under,4.5,50.0,False,-50.0,2221.2527604239385,3221.2527604239385,-405.48588688953896
2025-09-22,strikeouts,under,4.5,50.0,True,52.49999999999999,2273.7527604239385,3273.7527604239385,-352.98588688953896
2025-09-22,strikeouts,under,8.5,50.0,True,49.01960784313726,2322.7723682670758,3322.7723682670758,-303.9662790464017
2025-09-23,strikeouts,under,7.5,50.0,False,-50.0,2272.7723682670758,3272.7723682670758,-353.9662790464017
2025-09-23,strikeouts,under,4.5,50.0,True,62.5,2335.2723682670758,3335.2723682670758,-291.4662790464017
2025-09-23,strikeouts,over,3.5,50.0,False,-50.0,2285.2723682670758,3285.2723682670758,-341.4662790464017
2025-09-24,strikeouts,over,3.5,50.0,True,64.5,2349.7723682670758,3349.7723682670758,-276.9662790464017
2025-09-24,strikeouts,over,5.5,50.0,True,64.99999999999999,2414.7723682670758,3414.7723682670758,-211.96627904640172
2025-09-24,strikeouts,under,7.5,50.0,True,58.999999999999986,2473.7723682670758,3473.7723682670758,-152.96627904640172
2025-09-25,strikeouts,over,4.5,50.0,False,-50.0,2423.7723682670758,3423.7723682670758,-202.96627904640172
2025-09-25,strikeouts,over,2.5,50.0,False,-50.0,2373.7723682670758,3373.7723682670758,-252.96627904640172
2025-09-25,strikeouts,over,5.5,50.0,True,68.00000000000001,2441.7723682670758,3441.7723682670758,-184.96627904640172
2025-09-25,strikeouts,over,4.5,50.0,True,63.5,2505.2723682670758,3505.2723682670758,-121.46627904640172
2025-09-25,strikeouts,over,5.5,50.0,True,67.5,2572.7723682670758,3572.7723682670758,-53.96627904640172
2025-09-26,strikeouts,over,3.5,50.0,False,-50.0,2522.7723682670758,3522.7723682670758,-103.96627904640172
2025-09-26,strikeouts,over,3.5,50.0,True,70.0,2592.7723682670758,3592.7723682670758,-33.96627904640172
2025-09-26,strikeouts,over,5.5,50.0,True,64.99999999999999,2657.7723682670758,3657.7723682670758,0.0
2025-09-26,strikeouts,over,3.5,50.0,True,56.00000000000001,2713.7723682670758,3713.7723682670758,0.0
2025-09-27,strikeouts,over,5.5,50.0,True,48.07692307692308,2761.8492913439986,3761.8492913439986,0.0
2025-09-27,strikeouts,under,3.5,50.0,False,-50.0,2711.8492913439986,3711.8492913439986,-50.0
2025-09-27,strikeouts,under,4.5,50.0,False,-50.0,2661.8492913439986,3661.8492913439986,-100.0
2025-09-27,strikeouts,over,5.5,50.0,False,-50.0,2611.8492913439986,3611.8492913439986,-150.0
2025-09-27,strikeouts,over,3.5,50.0,True,58.5,2670.3492913439986,3670.3492913439986,-91.5
2025-09-28,strikeouts,over,3.5,50.0,True,66.00000000000001,2736.3492913439986,3736.3492913439986,-25.5
2025-09-28,strikeouts,over,3.5,50.0,True,69.49999999999999,2805.8492913439986,3805.8492913439986,0.0
2025-09-28,strikeouts,over,4.5,50.0,True,69.0,2874.8492913439986,3874.8492913439986,0.0
2025-09-28,strikeouts,under,3.5,50.0,True,72.0,2946.8492913439986,3946.8492913439986,0.0
2025-09-28,strikeouts,over,3.5,50.0,True,62.5,3009.3492913439986,4009.3492913439986,0.0
2025-09-28,strikeouts,over,1.5,50.0,False,-50.0,2959.3492913439986,3959.3492913439986,-50.0
2025-09-28,strikeouts,under,6.5,50.0,False,-50.0,2909.3492913439986,3909.3492913439986,-100.0
