policy,fold,train_start,train_end,eval_start,eval_end,n_train,n_eval,train_end_lt_eval_start,fit_seconds
frozen,0,2022-01-01,2024-12-31,2025-03-01,2026-06-30,17182,10528,True,2.1
annual_expanding,0,2022-01-01,2025-02-28,2025-03-01,2026-02-28,17182,5633,True,0.1
annual_expanding,1,2022-01-01,2026-02-28,2026-03-01,2026-06-30,22815,4895,True,0.1
rolling_3yr,0,2022-04-07,2025-02-28,2025-03-01,2025-03-30,17182,121,True,0.1
rolling_3yr,1,2022-04-07,2025-03-30,2025-03-31,2025-04-29,17303,895,True,0.1
rolling_3yr,2,2022-04-30,2025-04-29,2025-04-30,2025-05-29,17548,938,True,0.1
rolling_3yr,3,2022-05-30,2025-05-29,2025-05-30,2025-06-28,17481,960,True,0.0
rolling_3yr,4,2022-06-29,2025-06-28,2025-06-29,2025-07-28,17489,808,True,0.0
rolling_3yr,5,2022-07-29,2025-07-28,2025-07-29,2025-08-27,17390,920,True,0.1
rolling_3yr,6,2022-08-28,2025-08-27,2025-08-28,2025-09-26,17305,902,True,0.1
rolling_3yr,7,2022-09-27,2025-09-26,2025-09-27,2025-10-26,17240,89,True,0.0
rolling_3yr,13,2023-03-26,2026-03-25,2026-03-26,2026-04-24,17018,714,True,0.1
rolling_3yr,14,2023-04-25,2026-04-24,2026-04-25,2026-05-24,16956,750,True,0.0
rolling_3yr,15,2023-05-25,2026-05-24,2026-05-25,2026-06-23,16764,1806,True,0.0
rolling_3yr,16,2023-06-24,2026-06-23,2026-06-24,2026-06-30,17654,1625,True,0.1
rolling_2yr,0,2023-03-01,2025-02-28,2025-03-01,2025-03-30,11385,121,True,0.0
rolling_2yr,1,2023-03-31,2025-03-30,2025-03-31,2025-04-29,11484,895,True,0.0
rolling_2yr,2,2023-04-30,2025-04-29,2025-04-30,2025-05-29,11465,938,True,0.0
rolling_2yr,3,2023-05-30,2025-05-29,2025-05-30,2025-06-28,11467,960,True,0.0
rolling_2yr,4,2023-06-29,2025-06-28,2025-06-29,2025-07-28,11529,808,True,0.0
rolling_2yr,5,2023-07-29,2025-07-28,2025-07-29,2025-08-27,11485,920,True,0.0
rolling_2yr,6,2023-08-28,2025-08-27,2025-08-28,2025-09-26,11423,902,True,0.0
rolling_2yr,7,2023-09-27,2025-09-26,2025-09-27,2025-10-26,11421,89,True,0.0
rolling_2yr,13,2024-03-25,2026-03-25,2026-03-26,2026-04-24,11338,714,True,0.0
rolling_2yr,14,2024-04-24,2026-04-24,2026-04-25,2026-05-24,11240,750,True,0.0
rolling_2yr,15,2024-05-24,2026-05-24,2026-05-25,2026-06-23,11052,1806,True,0.0
rolling_2yr,16,2024-06-23,2026-06-23,2026-06-24,2026-06-30,11947,1625,True,0.0
expanding_monthly,0,2022-01-01,2025-02-28,2025-03-01,2025-03-30,17182,121,True,0.1
expanding_monthly,1,2022-01-01,2025-03-30,2025-03-31,2025-04-29,17303,895,True,0.1
expanding_monthly,2,2022-01-01,2025-04-29,2025-04-30,2025-05-29,18198,938,True,0.1
expanding_monthly,3,2022-01-01,2025-05-29,2025-05-30,2025-06-28,19136,960,True,0.1
expanding_monthly,4,2022-01-01,2025-06-28,2025-06-29,2025-07-28,20096,808,True,0.1
expanding_monthly,5,2022-01-01,2025-07-28,2025-07-29,2025-08-27,20904,920,True,0.1
expanding_monthly,6,2022-01-01,2025-08-27,2025-08-28,2025-09-26,21824,902,True,0.1
expanding_monthly,7,2022-01-01,2025-09-26,2025-09-27,2025-10-26,22726,89,True,0.1
expanding_monthly,13,2022-01-01,2026-03-25,2026-03-26,2026-04-24,22815,714,True,0.1
expanding_monthly,14,2022-01-01,2026-04-24,2026-04-25,2026-05-24,23529,750,True,0.1
expanding_monthly,15,2022-01-01,2026-05-24,2026-05-25,2026-06-23,24279,1806,True,0.1
expanding_monthly,16,2022-01-01,2026-06-23,2026-06-24,2026-06-30,26085,1625,True,0.1
expanding_biweekly,1,2022-01-01,2025-03-14,2025-03-15,2025-03-28,17182,37,True,0.1
expanding_biweekly,2,2022-01-01,2025-03-28,2025-03-29,2025-04-11,17219,409,True,0.1
expanding_biweekly,3,2022-01-01,2025-04-11,2025-04-12,2025-04-25,17628,410,True,0.1
expanding_biweekly,4,2022-01-01,2025-04-25,2025-04-26,2025-05-09,18038,483,True,0.0
expanding_biweekly,5,2022-01-01,2025-05-09,2025-05-10,2025-05-23,18521,422,True,0.1
expanding_biweekly,6,2022-01-01,2025-05-23,2025-05-24,2025-06-06,18943,435,True,0.1
expanding_biweekly,7,2022-01-01,2025-06-06,2025-06-07,2025-06-20,19378,442,True,0.1
expanding_biweekly,8,2022-01-01,2025-06-20,2025-06-21,2025-07-04,19820,444,True,0.1
expanding_biweekly,9,2022-01-01,2025-07-04,2025-07-05,2025-07-18,20264,313,True,0.1
expanding_biweekly,10,2022-01-01,2025-07-18,2025-07-19,2025-08-01,20577,435,True,0.1
expanding_biweekly,11,2022-01-01,2025-08-01,2025-08-02,2025-08-15,21012,425,True,0.1
expanding_biweekly,12,2022-01-01,2025-08-15,2025-08-16,2025-08-29,21437,434,True,0.1
expanding_biweekly,13,2022-01-01,2025-08-29,2025-08-30,2025-09-12,21871,417,True,0.1
expanding_biweekly,14,2022-01-01,2025-09-12,2025-09-13,2025-09-26,22288,438,True,0.1
expanding_biweekly,15,2022-01-01,2025-09-26,2025-09-27,2025-10-10,22726,89,True,0.1
expanding_biweekly,27,2022-01-01,2026-03-13,2026-03-14,2026-03-27,22815,31,True,0.1
expanding_biweekly,28,2022-01-01,2026-03-27,2026-03-28,2026-04-10,22846,339,True,0.1
expanding_biweekly,29,2022-01-01,2026-04-10,2026-04-11,2026-04-24,23185,344,True,0.1
expanding_biweekly,30,2022-01-01,2026-04-24,2026-04-25,2026-05-08,23529,349,True,0.1
expanding_biweekly,31,2022-01-01,2026-05-08,2026-05-09,2026-05-22,23878,338,True,0.1
expanding_biweekly,32,2022-01-01,2026-05-22,2026-05-23,2026-06-05,24216,330,True,0.1
expanding_biweekly,33,2022-01-01,2026-06-05,2026-06-06,2026-06-19,24546,406,True,0.1
expanding_biweekly,34,2022-01-01,2026-06-19,2026-06-20,2026-06-30,24952,2758,True,0.1
expanding_weekly,3,2022-01-01,2025-03-21,2025-03-22,2025-03-28,17186,33,True,0.0
expanding_weekly,4,2022-01-01,2025-03-28,2025-03-29,2025-04-04,17219,208,True,0.1
expanding_weekly,5,2022-01-01,2025-04-04,2025-04-05,2025-04-11,17427,201,True,0.1
expanding_weekly,6,2022-01-01,2025-04-11,2025-04-12,2025-04-18,17628,221,True,0.1
expanding_weekly,7,2022-01-01,2025-04-18,2025-04-19,2025-04-25,17849,189,True,0.1
expanding_weekly,8,2022-01-01,2025-04-25,2025-04-26,2025-05-02,18038,268,True,0.1
expanding_weekly,9,2022-01-01,2025-05-02,2025-05-03,2025-05-09,18306,215,True,0.1
expanding_weekly,10,2022-01-01,2025-05-09,2025-05-10,2025-05-16,18521,212,True,0.1
expanding_weekly,11,2022-01-01,2025-05-16,2025-05-17,2025-05-23,18733,210,True,0.1
expanding_weekly,12,2022-01-01,2025-05-23,2025-05-24,2025-05-30,18943,211,True,0.1
expanding_weekly,13,2022-01-01,2025-05-30,2025-05-31,2025-06-06,19154,224,True,0.1
expanding_weekly,14,2022-01-01,2025-06-06,2025-06-07,2025-06-13,19378,221,True,0.1
expanding_weekly,15,2022-01-01,2025-06-13,2025-06-14,2025-06-20,19599,221,True,0.1
expanding_weekly,16,2022-01-01,2025-06-20,2025-06-21,2025-06-27,19820,218,True,0.1
expanding_weekly,17,2022-01-01,2025-06-27,2025-06-28,2025-07-04,20038,226,True,0.1
expanding_weekly,18,2022-01-01,2025-07-04,2025-07-05,2025-07-11,20264,187,True,0.1
expanding_weekly,19,2022-01-01,2025-07-11,2025-07-12,2025-07-18,20451,126,True,0.1
expanding_weekly,20,2022-01-01,2025-07-18,2025-07-19,2025-07-25,20577,216,True,0.1
expanding_weekly,21,2022-01-01,2025-07-25,2025-07-26,2025-08-01,20793,219,True,0.1
expanding_weekly,22,2022-01-01,2025-08-01,2025-08-02,2025-08-08,21012,202,True,0.1
expanding_weekly,23,2022-01-01,2025-08-08,2025-08-09,2025-08-15,21214,223,True,0.1
expanding_weekly,24,2022-01-01,2025-08-15,2025-08-16,2025-08-22,21437,224,True,0.1
expanding_weekly,25,2022-01-01,2025-08-22,2025-08-23,2025-08-29,21661,210,True,0.1
expanding_weekly,26,2022-01-01,2025-08-29,2025-08-30,2025-09-05,21871,214,True,0.1
expanding_weekly,27,2022-01-01,2025-09-05,2025-09-06,2025-09-12,22085,203,True,0.1
expanding_weekly,28,2022-01-01,2025-09-12,2025-09-13,2025-09-19,22288,214,True,0.1
expanding_weekly,29,2022-01-01,2025-09-19,2025-09-20,2025-09-26,22502,224,True,0.1
expanding_weekly,30,2022-01-01,2025-09-26,2025-09-27,2025-10-03,22726,89,True,0.1
expanding_weekly,55,2022-01-01,2026-03-20,2026-03-21,2026-03-27,22815,31,True,0.1
expanding_weekly,56,2022-01-01,2026-03-27,2026-03-28,2026-04-03,22846,168,True,0.1
expanding_weekly,57,2022-01-01,2026-04-03,2026-04-04,2026-04-10,23014,171,True,0.1
expanding_weekly,58,2022-01-01,2026-04-10,2026-04-11,2026-04-17,23185,168,True,0.1
expanding_weekly,59,2022-01-01,2026-04-17,2026-04-18,2026-04-24,23353,176,True,0.1
expanding_weekly,60,2022-01-01,2026-04-24,2026-04-25,2026-05-01,23529,169,True,0.1
expanding_weekly,61,2022-01-01,2026-05-01,2026-05-02,2026-05-08,23698,180,True,0.1
expanding_weekly,62,2022-01-01,2026-05-08,2026-05-09,2026-05-15,23878,160,True,0.1
expanding_weekly,63,2022-01-01,2026-05-15,2026-05-16,2026-05-22,24038,178,True,0.1
expanding_weekly,64,2022-01-01,2026-05-22,2026-05-23,2026-05-29,24216,167,True,0.1
expanding_weekly,65,2022-01-01,2026-05-29,2026-05-30,2026-06-05,24383,163,True,0.1
expanding_weekly,66,2022-01-01,2026-06-05,2026-06-06,2026-06-12,24546,168,True,0.1
expanding_weekly,67,2022-01-01,2026-06-12,2026-06-13,2026-06-19,24714,238,True,0.1
expanding_weekly,68,2022-01-01,2026-06-19,2026-06-20,2026-06-26,24952,1842,True,0.1
expanding_weekly,69,2022-01-01,2026-06-26,2026-06-27,2026-06-30,26794,916,True,0.1
