feature,perm_delta_24,rank_24,perm_delta_25,rank_25
p_strikeouts_career_avg_prior,0.02060490098605503,1,0.0221180096536836,1
opp_lineup_weighted_k_rate_prior,0.01512845598630017,2,0.0034540540105048034,6
opp_batting_k_rate_roll3,0.01099825465083717,3,0.010877353249297218,2
p_strikeouts_roll20,0.00983175315717182,4,0.007286018139479644,3
opp_lineup_top6_k_rate_prior,0.009506192980067097,5,0.002094942623359075,11
is_home,0.008151680856738652,6,0.005790353821026439,4
sc_max_release_speed_roll3,0.005511383122293467,7,0.004685761993028281,5
opp_lineup_k_rate_prior,0.00523941355658859,8,0.0013202461303928326,14
opp_lineup_weighted_k_rate_vs_starter_hand_prior,0.003418009980794068,9,0.0007044517712413878,23
p_k_rate_career_prior,0.002968311754032871,10,0.0023345483499053856,7
opp_batting_k_rate_roll5,0.002885183146829795,11,0.000755901113415458,22
p_pitch_load_28d,0.002872922740053596,12,0.0021263902736097682,10
opp_batting_k_rate_prior,0.00237274189883403,13,-0.0007038707595255378,404
opp_lineup_k_rate_vs_starter_hand_prior,0.0022241499091119276,14,0.00012054949115962721,109
opp_batting_k_rate_roll20,0.002006814219796893,15,0.0023238338084161426,8
opp_lineup_top6_k_rate_vs_starter_hand_prior,0.0013884956747367782,16,-0.00028360547221657485,388
p_strikeouts_roll5,0.0013174221486309534,17,0.0011129952920244878,17
opp_lineup_batter_pa_avg_prior,0.0012192228891465095,18,-0.0003016813880596603,391
opp_pitcher_strikeouts_roll3,0.0012061872167007381,19,0.0008722518514033828,20
p_hits_allowed_std_roll20,0.0009293193127825949,20,-0.0005676302140173118,403
venue_strikeouts_roll20,0.0008652933724866196,21,9.643738019706749e-05,129
p_contact_rate_career,0.0008448312604076413,22,0.0008409105855072152,21
venue_hits_allowed_roll10,0.0007999152291499056,23,-0.0001233279679641708,356
p_strikeouts_std_roll20,0.0007813371901022936,24,0.00029324978287075253,55
umpire_csr_excess_prior,0.0007650367400116708,25,-0.0003561506712095319,395
opp_batting_hit_rate_roll5,0.0007520089430214316,26,-0.00027043880098900355,387
p_fip_no_hr_career,0.0007025288109130168,27,2.1792592135727594e-05,202
opp_lineup_weighted_hit_rate_prior,0.0006487839103562987,28,-0.000849618507550165,405
wind_speed_mph,0.0006129496278531432,29,0.00036450772932592466,48
p_batters_faced_std_roll3,0.0005903575232049541,30,0.0006858535070821903,25
p_strikes_roll5,0.0005708881668866628,31,6.471226574638056e-05,155
league_k_rate_roll20,0.0005118389547470681,32,9.413931357775685e-05,130
opp_lineup_right_batters_from_batters,0.0004839005807660168,33,0.0006274095843566308,29
p_k_rate_roll20,0.00046632548385634466,34,0.001441804911360034,13
venue_walks_roll10,0.00045841421388228556,35,-0.00010940992916255165,352
opp_batting_k_rate_roll10,0.0004522660613608176,36,0.00018774148385893862,76
p_contact_rate_roll5,0.00044392999216227305,37,-0.0002017151606608092,381
p_strikeouts_roll10,0.00039943652134664107,38,0.0019060660214014423,12
sc_csw_rate_roll10,0.0003916586476299333,39,0.0005640782845909298,31
p_pitches_std_roll10,0.00038253470699451954,40,-0.0002947153998238639,390
p_strikes_std_roll5,0.0003647014960332706,41,0.00012735832768098198,105
opp_lineup_bottom3_k_rate_vs_starter_hand_prior,0.00034539124322281457,42,1.3526248133710616e-05,207
opp_pitcher_hits_allowed_roll20,0.00034179423592741733,43,1.764108572024359e-05,205
p_low_pitch_rate_under80_career_prior,0.000340760937814788,44,-1.3943969216811958e-05,266
p_workload_pct,0.00033321440310407624,45,-0.0003958212621225421,398
venue_walks_roll3,0.0003286683146539682,46,-0.0002674370048895591,385
p_strike_rate_roll10,0.00032238622526041815,47,-1.6574888546161403e-05,268
opp_lineup_hit_rate_prior,0.00031020435416757587,48,-3.062653591987541e-05,286
opp_batting_pa_roll5,0.00030853623518669606,49,-4.037124874438636e-05,300
sc_called_strike_rate_roll20,0.00029952445360157396,50,-8.040642574977941e-05,328
opp_lineup_confirmed_starters,0.00029836553350217623,51,0.0005455366039309739,35
p_pitches_max_roll10,0.00029744412614838287,52,2.1153169391796568e-05,203
p_high_pitch_rate_100_career_prior,0.00029611101917308423,53,0.0002849198487663296,56
p_batters_faced_roll3,0.00029569250517631486,54,-0.00010350618874952478,348
opp_batting_pa_roll10,0.0002859288903252821,55,-0.00034672366168613243,394
umpire_csr_avg_prior,0.00028444874802684427,56,-0.0013347905198437093,407
opp_lineup_switch_batters_from_batters,0.0002746743097352455,57,0.0005204633690383265,36
pitcher_ip_ytd,0.0002684404204013946,58,0.00013803258130351548,101
opp_batting_hit_rate_roll20,0.0002632696224519115,59,0.00015445337285200367,90
p_k_minus_bb_roll20,0.00025756872236952776,60,0.001319652065951038,15
opp_batting_hits_roll3,0.00025267769549885966,61,-8.530093367995484e-05,337
p_pitches_max_roll20,0.00024337525370232704,62,0.00038778101591694367,46
p_walks_roll20,0.00023951585723887004,63,5.605989334351857e-05,160
sc_max_release_speed_roll10,0.0002370125946399737,64,0.0006383364754366961,27
p_k_rate_roll5,0.0002364743192587282,65,0.00045696204627203584,40
p_hits_allowed_career_avg_prior,0.00023621261054609377,66,0.00010027755922226156,124
n_missing_feats,0.00022763940260972504,67,3.3191278674915556e-05,190
umpire_hits_allowed_roll3,0.00022446619553782022,68,8.12037983874303e-05,141
sc_statcast_pitches_roll20,0.0002233293002072978,69,-6.049254341422561e-06,256
p_fip_no_hr_roll20,0.00021938398558598581,70,-2.2173143158443764e-05,275
sc_avg_release_speed_roll3,0.00021563987601547208,71,0.00020043713759281266,73
opp_batting_hit_rate_roll10,0.0002121936580274264,72,0.00025008858949471247,63
p_high_pitch_rate_100_roll20,0.00021121313448664304,73,2.805370747236413e-05,194
opp_lineup_weighted_hit_rate_vs_starter_hand_prior,0.0002057351183089473,74,8.32465172949215e-05,138
p_contact_rate_roll3,0.00020503313837860748,75,0.00024988383022139793,64
p_hits_per_bf_roll10,0.00020293594573421724,76,-0.00013341954047620951,363
venue_walks_roll5,0.00019537933817708185,77,-0.00014991547518758975,371
sc_breaking_pct_roll5,0.0001925492298584741,78,6.213795704947955e-05,157
opp_pitcher_walks_roll3,0.00018106265402138,79,0.00010153865451159038,121
p_k_minus_bb_roll3,0.00017932177841371023,80,-5.7460265939468515e-05,315
p_innings_pitched_min_roll20,0.0001763135380904668,81,3.819705834349207e-05,184
sc_breaking_pct_roll3,0.00017390012629932007,82,4.9363304387539664e-05,168
sc_swinging_strike_rate_roll20,0.00017313882947411763,83,7.907384752761092e-05,144
p_deep_start_rate_6ip_career_prior,0.00016455058992383975,84,0.00012071391319061764,108
p_batters_faced_std_roll10,0.00016008624893624202,85,-5.724648568889989e-05,314
sc_zone_rate_roll3,0.0001578746415793919,86,0.00010384420086739787,119
opp_batting_runs_roll20,0.00015691630468837037,87,7.065758881943384e-05,152
p_hits_allowed_roll20,0.00015657671876423418,88,0.0003845295381133873,47
pvt_hits_per_bf_vs_opp,0.00015001667873191238,89,0.0005565463892489575,34
days_into_season,0.00014855511331026693,90,8.082764791434993e-05,142
p_hits_allowed_std_roll3,0.0001478782459739092,91,0.00010905811507710972,117
sc_offspeed_pct_roll5,0.0001421126689762353,92,6.244539362967316e-05,156
temperature,0.00014173953846714494,93,0.0006976887204394267,24
sc_offspeed_pct_roll3,0.0001411656737220879,94,-3.2179254649267186e-05,288
sc_zone_rate_roll5,0.0001403456095691702,95,-0.0003655617067784389,396
opp_batting_runs_roll5,0.0001395348607469371,96,0.00014322114672367104,98
p_bb_per_ip_roll20,0.00013862737942829106,97,-1.96027800952292e-05,270
p_bf_per_ip_roll5,0.0001381430040203746,98,0.00025641763976869125,62
p_hits_allowed_std_roll10,0.000136675883883286,99,-5.3590565667493986e-05,312
p_hits_allowed_roll10,0.0001361448221518957,100,-6.719515097208806e-06,258
p_short_start_rate_under5ip_roll10,0.00013501578419665704,101,2.4308417490370716e-05,199
opp_lineup_left_batters,0.00013322603613374895,102,4.9774484183573445e-05,166
sc_csw_rate_roll20,0.00013153135291694707,103,0.0003423881475662194,50
p_batters_faced_career_avg_prior,0.0001295435027857561,104,-6.652185997158e-07,248
p_innings_pitched_roll5,0.00012937371011865207,105,-0.00020864287862580876,383
sc_statcast_pitches_roll5,0.00012675670489108447,106,-1.0672702842606796e-05,264
p_bb_per_ip_career_prior,0.00012665677948147102,107,6.89519431140484e-05,153
opp_batting_pa_avg_prior,0.0001221189603056283,108,0.00023989397518531241,66
p_innings_pitched_roll10,0.00012116859973057003,109,-0.00015689190306584778,373
sc_csw_rate_roll5,0.00011691975644287922,110,4.8411120877456246e-05,169
sc_statcast_pitches_roll3,0.00011512727755189634,111,3.847088971704604e-05,183
opp_lineup_same_hand_batters,0.00011154591163957673,112,-4.604097709610677e-05,306
p_high_pitch_rate_90_roll3,0.00011115013849156696,113,4.204749330649627e-06,219
sc_max_release_speed_roll5,0.00011072948784116577,114,0.001059574617556147,19
sc_breaking_pct_avg_prior,0.00010930172722325437,115,8.697011248948172e-07,224
p_low_pitch_rate_under80_roll5,0.0001055066424352491,116,-3.486945437420896e-05,293
p_innings_pitched_career_avg_prior,0.0001017107767198322,117,-3.2466366842154314e-05,289
p_innings_pitched_std_roll20,9.935795219311317e-05,118,-1.197995688650977e-07,247
p_strikes_std_roll10,9.831673692266563e-05,119,0.00017597623962617437,79
p_bb9_roll20,9.644972841120758e-05,120,-7.129337524411917e-05,324
p_games_prior,9.583185083192892e-05,121,0.00010956441252532034,115
p_k9_roll20,9.305012758202836e-05,122,0.0004241648850702662,43
p_pitches_range_roll10,9.128416735071365e-05,123,0.00014862430962485628,95
opp_lineup_switch_batters,8.608999558903374e-05,124,0.0002459859950760812,65
p_pitches_range_roll20,8.313450267409817e-05,125,-2.0547388266178856e-06,253
opp_pitcher_hits_allowed_roll3,8.269316410967065e-05,126,0.000471382639112683,39
p_bb9_roll3,8.239145178321473e-05,127,-3.825733297111444e-05,297
days_rest,8.068358545365584e-05,128,0.00015889503401829154,87
p_deep_start_rate_6ip_roll20,7.878845404332146e-05,129,9.092663171301751e-05,131
p_walks_roll10,7.833660327913883e-05,130,0.0001144252250965927,114
pvt_k_rate_vs_opp,7.819100422004066e-05,131,0.0004569149121544269,41
sc_slider_pct_roll10,7.716102275776571e-05,132,4.230895404635504e-05,174
p_batters_faced_roll5,7.715863440453941e-05,133,-6.665984919365097e-05,321
p_bf_per_ip_roll10,7.669775983993876e-05,134,8.350094428408728e-05,137
p_k_minus_bb_roll5,7.523176217667515e-05,135,0.0002988783054571842,54
sc_slider_pct_avg_prior,7.359873580030652e-05,136,3.351742259667389e-05,188
p_starts_last_30d,7.121050674763207e-05,137,0.00043055800215310305,42
p_innings_pitched_std_roll3,6.859358755575417e-05,138,-0.00015108480758165843,372
sc_zone_rate_roll10,6.853986134769396e-05,139,0.00015279262051957066,92
p_short_start_rate_under5ip_roll5,6.57880261233812e-05,140,9.31053940078641e-06,212
p_k_roll3_vs_roll20,6.497522635249276e-05,141,0.00011537673880910316,113
p_bb9_career,6.424690999118354e-05,142,3.1578348395067124e-06,221
opp_pitcher_walks_roll20,6.16160216744932e-05,143,3.323528095771078e-05,189
sc_breaking_pct_roll20,5.958468222537761e-05,144,7.264347176174634e-05,149
p_strikeouts_trimmed_roll20,5.9245002325214456e-05,145,0.0010683155541984402,18
opp_batting_hits_roll20,5.550903335276303e-05,146,8.320483945973844e-05,139
p_strikeouts_season_avg_prior,5.333082153511359e-05,147,-0.0005601964727298681,402
p_short_start_rate_under5ip_career_prior,5.325206583861597e-05,148,-3.9397582758726735e-05,299
p_strike_rate_roll20,5.210503457275806e-05,149,-0.00018994090374062632,380
p_deep_start_rate_6ip_roll3,5.1201362217390135e-05,150,-0.000143293127434152,369
venue_hits_allowed_avg_prior,5.014601339645708e-05,151,-1.2329807758160171e-05,265
p_innings_pitched_std_roll5,4.9793722401325624e-05,152,0.00021580857148724154,70
p_high_pitch_rate_100_roll3,4.9542319096818055e-05,153,-7.952941423639004e-06,260
p_high_pitch_rate_90_roll5,4.714806264385363e-05,154,4.169695146187813e-05,176
opp_lineup_right_batters,4.584956393924866e-05,155,-1.8937473065916422e-06,252
p_innings_pitched_roll20,4.2688836388560246e-05,156,0.00011803387630007211,110
p_hits_per_bf_career_prior,4.260112840461794e-05,157,-8.239003228545094e-05,334
opp_lineup_weighted_bb_rate_vs_starter_hand_prior,4.066928324757413e-05,158,0.0003978929475893844,45
opp_lineup_k_rate_roll14,4.0564336002324454e-05,159,3.967841736620681e-05,181
p_pitches_min_roll20,4.051349569189622e-05,160,-2.7535984064330775e-05,283
sc_fastball_pct_roll5,3.9061320737432406e-05,161,-0.00016296440382463918,375
p_pitches_roll20,3.784323965729808e-05,162,-4.136607454061636e-05,301
p_batters_faced_roll10,3.592293380416667e-05,163,2.2231576514397668e-05,201
p_pitches_min_roll5,3.360481759113742e-05,164,-1.636200813974753e-05,267
p_k_minus_bb_roll10,3.072904965586432e-05,165,0.00012747505677401794,104
p_log_expected_bf,2.618502854276894e-05,166,-3.8125243468067896e-05,296
p_k_roll5_vs_career,2.492898701631496e-05,167,-6.237612611108556e-05,319
umpire_hits_allowed_avg_prior,2.473494153647504e-05,168,-8.417854058442308e-05,336
sc_velocity_slope_roll8,2.3472570442062413e-05,169,0.0003607431716494025,49
p_k_roll5_vs_season,2.3105280219648527e-05,170,0.00026321988068862546,61
opp_batting_runs_roll10,2.109760158239826e-05,171,0.00015371671629265115,91
p_bf_per_ip_roll20,2.1039155097901664e-05,172,4.25098790661993e-05,173
p_strikes_std_roll3,1.9207574326851608e-05,173,-0.00022080339134387117,384
p_walks_std_roll5,1.8859239246515892e-05,174,-0.00041459856373677885,399
p_hits_per_ip_roll10,1.841620999167848e-05,175,0.00016488661832210206,83
p_high_pitch_rate_100_roll5,1.579561035442989e-05,176,-5.040738135628775e-05,308
p_hits_per_ip_roll5,1.5226002104018477e-05,177,-3.350091114011633e-05,290
p_innings_pitched_max_roll5,1.5215209484464864e-05,178,4.887688791588296e-06,218
p_innings_pitched_max_roll3,1.4035662680056405e-05,179,3.9578971746134785e-05,182
p_strike_rate_career_prior,1.2834449214538246e-05,180,0.0002731568578567156,60
p_deep_start_rate_6ip_roll5,1.2214812335908931e-05,181,-4.576457250407007e-05,305
p_low_pitch_rate_under80_roll20,1.1076734409498634e-05,182,-6.369066639329013e-05,320
sc_slider_pct_roll3,1.0996525942008618e-05,183,7.61871907867695e-05,146
sc_avg_release_speed_roll10,9.505771974360755e-06,184,0.000146254844854532,96
sc_swinging_strike_rate_roll10,9.44665641871012e-06,185,-0.00026968606370987304,386
pitcher_starts_ytd,9.02659072608003e-06,186,-2.1891853539135476e-05,274
opp_pitcher_walks_roll5,8.890743437928172e-06,187,4.159479251990561e-05,177
p_k_rate_roll10,8.458975391145707e-06,188,0.0006783351660299309,26
p_short_start_rate_under5ip_roll3,8.425944274481623e-06,189,7.938206706947782e-06,213
sc_fastball_pct_avg_prior,5.944026702087157e-06,190,-6.155174895168258e-05,318
league_k_mean_roll3,5.306768858415189e-06,191,4.702087011063671e-05,170
p_k_roll10_vs_season,3.685946208609181e-06,192,-0.0001766266464808375,379
venue_hits_allowed_roll3,2.579806182856359e-06,193,0.0002788529154314601,59
venue_strikeouts_roll3,2.0303227552531666e-06,194,9.979609389265676e-05,125
p_low_pitch_rate_under80_roll3,1.8617339428317336e-06,195,-3.7724278979967e-06,254
p_strikeouts_trimmed_roll5,1.7808261747243036e-06,196,4.697022659356786e-05,171
opp_lineup_weighted_fastball_whiff_per_pitch_prior,0.0,197,0.0,230
opp_lineup_weighted_breaking_whiff_per_pitch_prior,0.0,198,0.0,229
opp_lineup_weighted_slider_whiff_per_pitch_prior,0.0,199,0.0,228
opp_lineup_pitch_mix_whiff_per_swing_roll3,0.0,200,0.0,245
opp_lineup_pitch_mix_whiff_per_pitch_roll5,0.0,201,0.0,244
opp_lineup_pitch_mix_whiff_per_swing_roll5,0.0,202,0.0,227
opp_lineup_pitch_mix_whiff_per_pitch_roll3,0.0,203,0.0,236
park_hr_factor,0.0,204,0.0,238
opp_lineup_weighted_breaking_whiff_per_swing_prior,0.0,205,0.0,233
pitcher_throws_right,0.0,206,-7.30916857791808e-06,259
opp_lineup_weighted_offspeed_whiff_per_pitch_prior,0.0,207,0.0,232
opp_lineup_weighted_offspeed_whiff_per_swing_prior,0.0,208,0.0,235
opp_lineup_weighted_fastball_whiff_per_swing_prior,0.0,209,0.0,231
opp_lineup_weighted_slider_whiff_per_swing_prior,0.0,210,0.0,234
park_hits_factor,0.0,211,0.0,246
park_runs_factor,0.0,212,0.0,243
opp_lineup_pitch_mix_whiff_per_swing_roll10,0.0,213,0.0,226
park_bb_factor,0.0,214,0.0,241
opp_lineup_pitch_mix_whiff_per_pitch_roll10,0.0,215,0.0,242
park_3b_factor,0.0,216,0.0,240
park_1b_factor,0.0,217,0.0,239
park_2b_factor,0.0,218,0.0,237
p_k_per_ip_career_prior,-1.9368148380660698e-07,219,0.00017040920015978233,82
p_innings_pitched_roll3,-2.2346584558352589e-07,220,0.0002379890390859396,67
p_strikeouts_trimmed_roll3,-2.7514646359083628e-06,221,1.0225225334692389e-05,209
opp_batting_hit_rate_prior,-3.2275446147256305e-06,222,-0.00010318743922099749,347
umpire_hits_allowed_roll5,-4.851700384955748e-06,223,-2.6108897396115437e-05,280
p_k_per_ip_roll10,-4.937176134212073e-06,224,-5.954061681134881e-05,316
p_short_start_rate_under5ip_roll20,-5.174932986529157e-06,225,-7.298337753480765e-07,249
venue_id,-6.333051622631203e-06,226,8.850641210578214e-05,132
p_innings_pitched_min_roll3,-8.827638206065913e-06,227,5.308438659896719e-05,162
venue_strikeouts_roll10,-9.420842633245385e-06,228,0.0006366985114381274,28
umpire_walks_roll20,-9.569867063774496e-06,229,-6.751262064150776e-05,322
opp_batting_bb_rate_roll10,-1.0265789308805396e-05,230,8.570935013900716e-05,135
month,-1.0531113083489529e-05,231,-0.00013895376437431662,367
p_innings_pitched_min_roll10,-1.1389911519588125e-05,232,-2.695607833933522e-05,281
p_bb_rate_roll3,-1.1749194576804456e-05,233,0.00014271075443421654,99
p_high_pitch_rate_90_roll10,-1.2071859049500588e-05,234,-0.00012340858583379522,357
p_low_pitch_rate_under80_roll10,-1.2124598423723931e-05,235,-8.919449401083579e-05,341
sc_avg_release_speed_roll5,-1.2794577408614672e-05,236,-0.00011462216829158934,353
sc_fastball_pct_roll3,-1.3289368652480427e-05,237,-9.536824377629483e-05,344
sc_breaking_pct_roll10,-1.332752181493202e-05,238,0.00023450458199469892,68
pitcher_throws_left,-1.3592051923061455e-05,239,-1.8087551307388594e-06,251
p_innings_pitched_max_roll10,-1.5803328634755864e-05,240,-0.00010812072949588636,350
league_k_rate_roll10,-1.7304212064273018e-05,241,5.48857727971086e-06,216
p_bb_rate_career_prior,-1.773786109993125e-05,242,2.056573287583241e-05,204
p_k9_roll3,-1.798081335062651e-05,243,-4.4825169314632876e-05,304
p_strikes_roll20,-1.9335666544484375e-05,244,-3.560325567042444e-05,294
opp_lineup_opposite_hand_batters,-1.9553408393635506e-05,245,1.0095338218230055e-05,210
p_hits_per_ip_career_prior,-2.0267523716754887e-05,246,0.00031316936795164894,53
sc_swstr_slope_roll5,-2.138022843372056e-05,247,5.2027172665103374e-05,164
opp_pitcher_hits_allowed_roll10,-2.1465413522303577e-05,248,9.715055143022511e-05,128
sc_fastball_pct_roll10,-2.2175541185265323e-05,249,-8.862301984653431e-05,340
p_pitches_min_roll10,-2.3199608541979445e-05,250,-3.0768444952844475e-05,287
sc_swinging_strike_rate_roll3,-2.419982056756087e-05,251,-1.7168035632431077e-05,269
sc_called_strike_rate_roll5,-2.5881529505333845e-05,252,-0.00012093910265489338,355
sc_called_strike_rate_avg_prior,-2.6158556675581756e-05,253,-2.134733949326062e-05,272
opp_batting_bb_rate_roll3,-2.8536093820541453e-05,254,-9.970280367910255e-06,262
sc_max_release_speed_roll20,-2.8637203497616782e-05,255,2.7387626898423e-05,197
umpire_strikeouts_avg_prior,-3.0161872463208007e-05,256,2.5274314174472678e-05,198
p_bb_rate_roll20,-3.0194642044611974e-05,257,0.00011661866169474511,112
league_k_mean_roll5,-3.0609758640731674e-05,258,6.181513676992712e-05,158
league_k_rate_roll3,-3.409417344613086e-05,259,-2.1502844096610295e-05,273
opp_batting_pa_roll20,-3.415705788871737e-05,260,5.927543325090489e-06,215
p_walks_roll3,-3.4350392098958514e-05,261,9.79345525053965e-07,223
p_walks_roll5,-3.565644789469413e-05,262,6.816536921645522e-05,154
p_k9_roll10,-3.689903918453474e-05,263,0.00010839213760427402,118
p_deep_start_rate_6ip_roll10,-3.765768214027965e-05,264,7.152049934557869e-05,151
opp_batting_bb_rate_roll20,-3.8126868899901466e-05,265,0.00013671233625276447,102
p_log_season_start_num,-4.083116503765805e-05,266,4.0525196527552156e-05,180
umpire_walks_avg_prior,-4.0974819610251065e-05,267,0.0002832450249634855,57
p_k_per_ip_roll20,-4.3557792139981014e-05,268,0.0005667586373082178,30
p_hits_per_bf_roll3,-4.695799250615806e-05,269,0.0003331914856448792,51
p_k_roll5_vs_roll20,-4.7286403925062005e-05,270,1.3252726511003842e-05,208
p_k9_career,-4.83757720156186e-05,271,-3.4148767759178965e-05,291
opp_batting_hits_avg_prior,-5.0699897398853724e-05,272,2.7621943337741152e-05,196
p_k_rate_roll3,-5.104100454556004e-05,273,0.00010228803959964062,120
venue_strikeouts_roll5,-5.205309211511189e-05,274,-8.595269413984586e-05,338
p_walks_career_avg_prior,-5.238401245979407e-05,275,7.29814355422631e-05,148
opp_pitcher_hits_allowed_roll5,-5.2931303310610466e-05,276,-3.9375046077139156e-05,298
sc_swinging_strike_rate_roll5,-5.4877873061354165e-05,277,-1.44291755577175e-06,250
p_hits_allowed_roll5,-5.548610617678307e-05,278,3.7927117186509206e-05,185
opp_batting_hits_roll5,-5.660412362482603e-05,279,4.403911665857851e-05,172
p_season_start_num,-5.6870027717570436e-05,280,1.651908003941216e-07,225
p_fip_no_hr_roll5,-5.7376521776220105e-05,281,0.00019594476749353884,75
p_hits_per_ip_roll20,-5.917507111659059e-05,282,-2.5105932738722635e-05,278
sc_statcast_pitches_avg_prior,-6.030034307880072e-05,283,0.00011743317097134831,111
p_bf_per_ip_career_prior,-6.0742196710839026e-05,284,4.140818952296233e-05,178
p_high_pitch_rate_90_roll20,-6.38303097789894e-05,285,-0.00010734337401840932,349
p_pitches_min_roll3,-6.486038330508759e-05,286,2.783818750577982e-05,195
sc_avg_release_speed_avg_prior,-6.597465888233956e-05,287,0.0001631232629193846,86
opp_batting_bb_rate_prior,-7.173496955323878e-05,288,0.00019914415744821669,74
p_batters_faced_std_roll20,-7.45322651929614e-05,289,7.522934408696891e-05,147
pvt_games_vs_opp,-7.566386842750017e-05,290,0.0013019839429098568,16
sc_offspeed_pct_roll20,-7.57962847614646e-05,291,0.0002108360854254254,71
opp_lineup_weighted_bb_rate_prior,-7.696204250609017e-05,292,-5.0702057165796785e-05,309
opp_lineup_left_batters_from_batters,-7.740135867508879e-05,293,8.699881722766812e-05,134
p_pitches_career_avg_prior,-7.768830405072702e-05,294,-0.00037128260728827025,397
umpire_hits_allowed_roll20,-7.972825801636497e-05,295,-0.000321533698462928,393
p_fip_no_hr_roll3,-8.253091334107233e-05,296,-0.00013454741471599085,364
p_k9_roll5,-8.440086616221532e-05,297,3.4119199569193626e-06,220
p_contact_rate_roll20,-8.512976059074084e-05,298,-0.0001014385682936103,345
p_bb_per_ip_roll3,-8.778109179949923e-05,299,5.27468870503478e-05,163
sc_slider_pct_roll20,-8.824974789689577e-05,300,7.645971268823714e-05,145
home_plate_umpire_id,-8.917833498025551e-05,301,-2.364877346114902e-05,277
umpire_walks_roll3,-9.236716269200862e-05,302,8.257772666542262e-05,140
p_hits_per_bf_roll5,-9.864072791860856e-05,303,-3.731031769158566e-05,295
venue_walks_avg_prior,-9.89567427482685e-05,304,9.890877890534888e-05,126
opp_batting_runs_avg_prior,-9.907458513456203e-05,305,2.268554438271675e-05,200
umpire_strikeouts_roll5,-9.961112930385596e-05,306,0.002159128335779181,9
umpire_walks_roll5,-9.972146441232788e-05,307,-0.00013467102976731925,365
opp_batting_hits_roll10,-0.00010419427240060397,308,-2.6998293143942752e-05,282
p_batters_faced_roll20,-0.00010442359943441115,309,0.00010071693618316502,123
p_hits_allowed_roll3,-0.00010470300056966141,310,-0.00014059769990251158,368
sc_fastball_pct_roll20,-0.00010580990823871872,311,-0.0001587023490978501,374
p_hits_per_bf_roll20,-0.00010624483444678922,312,0.00014982901359921196,94
p_innings_pitched_std_roll10,-0.00010649962790230117,313,0.00012871010919459635,103
p_pitches_max_roll3,-0.00010839676907306028,314,0.00013875868991846118,100
p_days_since_season_start,-0.00011006614839792483,315,2.9297312388965045e-05,192
p_pitches_std_roll20,-0.0001103888801677444,316,0.00010124600902698955,122
p_hits_per_ip_roll3,-0.00011108059000597414,317,8.849893604188087e-05,133
p_walks_std_roll10,-0.00011165688049152855,318,-7.776017253371403e-05,326
venue_hits_allowed_roll5,-0.000111738430611652,319,8.35844786738038e-05,136
p_fip_no_hr_roll10,-0.00011563154450953129,320,6.874392994116185e-06,214
p_bb_rate_roll10,-0.00011955515820849527,321,3.3615299265776774e-05,187
opp_batting_bb_rate_roll5,-0.0001200295794890005,322,-0.00010903813254594663,351
p_bb_rate_roll5,-0.00012053569444523405,323,-8.677464216504394e-05,339
p_bb_per_ip_roll10,-0.00012365032845520484,324,0.0001764419772833925,78
sc_csw_slope_roll8,-0.00012377451534726359,325,-2.2806806066966167e-05,276
p_strikes_career_avg_prior,-0.0001239298144513512,326,0.00012506822183586675,106
sc_swinging_strike_rate_avg_prior,-0.00012543578586199366,327,0.0005628878062265086,32
p_contact_rate_roll10,-0.00012731939843881878,328,0.00015607741594678704,88
p_bb9_roll5,-0.00012939882525000445,329,-4.437007506814527e-05,303
p_bb9_roll10,-0.0001367610520444984,330,1.4952019743241784e-05,206
umpire_walks_roll10,-0.00013829286545319341,331,0.0004024113000700602,44
p_innings_pitched_max_roll20,-0.00014204842847369558,332,-8.21006952838932e-05,330
p_strikes_roll10,-0.0001422386920618246,333,-0.0005200191534666665,401
p_high_pitch_rate_90_career_prior,-0.0001429649691047752,334,-0.00013218579588016865,360
p_strikeouts_std_roll5,-0.0001434823484760095,335,1.2049818799875211e-06,222
sc_called_strike_rate_roll10,-0.00014419509811345322,336,-0.00013276075921806463,361
p_k_per_ip_roll5,-0.00014466221663695934,337,2.9711796104670007e-05,191
venue_hits_allowed_roll20,-0.00014991908798667186,338,-2.565782491976698e-05,279
opp_lineup_bb_rate_prior,-0.0001542900369416067,339,-8.985859663028784e-05,342
p_strikeouts_std_roll10,-0.00015758805990042645,340,-5.1303113882239515e-05,310
p_strikeouts_roll3,-0.0001588626336978205,341,0.00017285820074810498,81
p_strike_rate_roll5,-0.00016021862415729337,342,-7.060187790528528e-05,323
p_hits_allowed_std_roll5,-0.00016251450812674318,343,0.00018479328781937366,77
league_k_rate_roll5,-0.0001633607510861168,344,-7.552283548142302e-05,325
p_high_pitch_rate_100_roll10,-0.0001653308275591403,345,-8.229786111435544e-05,333
p_k_roll10_vs_career,-0.0001658932758307863,346,-0.00020217498475740835,382
catcher_csr_avg_prior,-0.0001668388243068586,347,9.842423137356171e-05,127
sc_statcast_pitches_roll10,-0.00016812044860756715,348,-0.00016970859134270987,378
league_k_mean_roll20,-0.00017187262049860318,349,0.00015607193713809142,89
sc_zone_rate_avg_prior,-0.00017268139633184188,350,-4.27950962443413e-05,302
p_bb_per_ip_roll5,-0.00017667315672011962,351,0.00012269687912054296,107
p_innings_pitched_min_roll5,-0.00018551938613462494,352,-2.0643682683907372e-05,271
p_pitches_roll3,-0.00018802181981807385,353,-4.620519246596455e-05,307
venue_walks_roll20,-0.00019268353692760697,354,0.00010907791124714628,116
p_k_per_ip_roll3,-0.00019446358167936052,355,-1.046814521770134e-05,263
sc_zone_rate_roll20,-0.00019449438212220115,356,-0.00011542351880331481,354
p_walks_std_roll3,-0.00019526878270719193,357,1.0041336729882389e-05,211
sc_offspeed_pct_roll10,-0.0001953511131433272,358,-0.00013291067908709485,362
umpire_strikeouts_roll3,-0.00019559148328025523,359,4.969779454035983e-05,167
p_pitches_roll10,-0.00019650113470353058,360,0.0002830429550602531,58
opp_pitcher_strikeouts_avg_prior,-0.00019786559953569594,361,-0.000940904168480694,406
park_so_factor,-0.00019905549777459174,362,0.0005158714201262127,37
p_batters_faced_std_roll5,-0.00020270932311221567,363,-8.204318768867402e-05,329
p_k_minus_bb_career,-0.00020633227187440983,364,0.0005612535783642514,33
catcher_csr_excess_prior,-0.00021187703565328508,365,4.207082696832121e-05,175
opp_pitcher_walks_avg_prior,-0.00021226969803587182,366,0.00022133194805138424,69
umpire_strikeouts_roll20,-0.0002205130878858652,367,-5.1577746713316055e-05,311
opp_batting_hit_rate_roll3,-0.00022295847663851288,368,2.8428262602542277e-05,193
p_strikeouts_std_roll3,-0.00022937750065796792,369,-3.419373811550663e-05,292
opp_pitcher_strikeouts_roll20,-0.00023134034912426494,370,-5.331446694145647e-06,255
p_bf_per_ip_roll3,-0.0002331929238505781,371,5.0218962825931965e-05,165
opp_pitcher_hits_allowed_avg_prior,-0.0002405767861525465,372,-6.132735323172156e-05,317
league_k_mean_roll10,-0.0002468607134073597,373,-0.00012540309326194432,358
p_pitches_max_roll5,-0.0002481218422976328,374,0.00017393512509786824,80
opp_pitcher_strikeouts_roll5,-0.00025572382224809954,375,8.048735468053625e-05,143
p_strike_rate_roll3,-0.00025595852832249744,376,-8.212693203628607e-05,331
sc_csw_rate_roll3,-0.0002655860978285185,377,0.0004782083756383226,38
sc_csw_rate_avg_prior,-0.0002732762728340221,378,0.00020817305601936731,72
sc_offspeed_pct_avg_prior,-0.00028070667371353774,379,-6.110566474126778e-06,257
p_strikeouts_trimmed_roll10,-0.00028358198764257827,380,7.173848824588713e-05,150
p_pitches_std_roll5,-0.0002988118325468747,381,3.77068841287409e-05,186
p_strike_rate_trend,-0.0003085038349131874,382,5.988160449370561e-05,159
p_pitches_range_roll5,-0.0003124609536142353,383,5.165684536057036e-06,217
sc_called_strike_rate_roll3,-0.00032648882913310917,384,-5.533610437711278e-05,313
sc_avg_release_speed_roll20,-0.0003306855156014699,385,0.00015237714030869043,93
p_pitches_roll5,-0.0003382323627191708,386,0.00016438432913294941,84
opp_lineup_bottom3_k_rate_prior,-0.00034304601232928447,387,-0.0004606064227518525,400
p_walks_std_roll20,-0.0003609628975475454,388,-0.00014808200662246306,370
umpire_hits_allowed_roll10,-0.000365983014350868,389,5.425589963257149e-05,161
sc_velo_x_csw_roll5,-0.00037039647505430204,390,4.0856534939615055e-05,179
p_strikes_std_roll20,-0.0003764623721593585,391,-0.00016948224705182202,377
sc_zone_minus_swstr_roll5,-0.00039730699483369046,392,-8.241815505425354e-05,335
sc_slider_pct_roll5,-0.00041294579748960556,393,0.00014349070530494945,97
opp_batting_pa_roll3,-0.0004166797539963296,394,-9.111856284493847e-05,343
p_ip_pct_of_career_avg,-0.00042282092801326776,395,0.00031963158956169744,52
sc_max_release_speed_avg_prior,-0.00043886551463987453,396,-9.319098060167618e-06,261
p_pitches_range_roll3,-0.0004654656783547706,397,-2.8140543520205342e-05,284
opp_pitcher_walks_roll10,-0.0004792744406238336,398,-8.216732396058025e-05,332
venue_strikeouts_avg_prior,-0.0005611852336342427,399,0.00016372525894212676,85
opp_pitcher_strikeouts_roll10,-0.0005762403081629675,400,-0.00031731996580264266,392
p_pitches_std_roll3,-0.0005864557167217788,401,-0.0001312488246706378,359
p_strikes_roll3,-0.000609584633963789,402,-0.0001370333981312255,366
pvt_bb_rate_vs_opp,-0.0006462021143141428,403,-0.00028852081163348585,389
umpire_strikeouts_roll10,-0.0006883594924212977,404,-3.0412974320492836e-05,285
opp_batting_runs_roll3,-0.000741128992446205,405,-7.981924539022245e-05,327
opp_lineup_k_rate_roll7_vs_hand,-0.0009399577526129299,406,-0.00016549834071006854,376
opp_lineup_k_rate_roll7,-0.001072945147438209,407,-0.00010195153336094443,346
