n,wr,roi,roi_lo90,roi_hi90,units,avg_odds,avg_edge,avg_ev,clv_mean,clv_pos_pct,sharpe_ann,max_dd,profit_factor,kelly_roi,over_pct,model,min_edge,sides,min_books,score
942,0.5084925690021231,0.17552508202302053,0.11138947625992002,0.2440755820134558,165.34462726568535,89.67409766454352,0.14387536838195114,0.3041634202926953,0.009626817413648648,0.6220806794055201,4.388941092383562,-18.86910440784662,1.3571158256278297,0.008550596478457143,0.8970276008492569,p_mean_all,0.1,both,1,0.12405741978300344
845,0.4982248520710059,0.17463400246997007,0.10533241928748661,0.24393811266550464,147.5657320871247,98.36449704142012,0.14511744332376933,0.31184541000026245,0.009673034617888385,0.6165680473372781,4.141193775556333,-18.25629974709436,1.3480323869979354,0.008451808712324324,1.0,p_mean_all,0.1,over,1,0.11582698986618625
775,0.5806451612903226,0.15138376049126137,0.10276318830606126,0.20487528921143355,117.32241438072757,1.8335483870967741,0.14097139702726755,0.2527835349720834,0.006645943919953059,0.6193548387096774,4.674842957127054,-8.075309907483827,1.3609920442483925,0.00741932444234736,0.895483870967742,p_mean_all,0.1,both,3,0.11152828692468437
981,0.528032619775739,0.15208123713775823,0.09692139024223737,0.21086838365517424,149.1916936321408,53.428134556574925,0.1450407225898511,0.290059930218956,0.00865694412846236,0.5932721712538226,4.309291621606575,-16.182657610538968,1.3222282799830256,0.007229445564441881,0.8950050968399592,p_mean_count,0.1,both,1,0.1104006774651008
1075,0.5395348837209303,0.14432444705158215,0.09434179873851212,0.19821760921104067,155.14878058045082,40.89488372093023,0.14002186628405552,0.27388338447473276,0.008321783668790867,0.6027906976744186,4.482348594930316,-20.172196107582508,1.313431879960507,0.006422126584298148,1.0,p_cat_clf_platt,0.08,over,1,0.10965115558130355
943,0.5832449628844114,0.1450891424323915,0.09639426975169829,0.19412980144696224,136.81906131374518,-8.21951219512195,0.1374719186441908,0.24276848884870927,0.005748367982229291,0.6086956521739131,4.819965055310369,-11.525435132265372,1.3481401051240334,0.006961715136888792,1.0,p_cat_clf_platt,0.08,over,3,0.10908343343592361
839,0.5292014302741359,0.165159302651734,0.09801157453775747,0.2280661516276404,138.56865492480483,60.108462455303936,0.1542842726851915,0.31383395881952986,0.009401297770235812,0.6221692491060786,4.192616103546156,-14.94165341816607,1.35080672132862,0.007357629173980901,1.0,p_cat_clf_platt,0.1,over,1,0.10836362669865776
892,0.5818385650224215,0.15022823309734282,0.09656308517628086,0.20334126311867382,134.0035839228298,-6.8991031390134525,0.1486594478880195,0.26560531123368075,0.006001598907561781,0.625560538116592,4.46222724182746,-14.57718281718283,1.3592589381309108,0.0073997523961382055,0.8183856502242153,p_cat_clf_platt,0.1,both,3,0.10814024585943721
878,0.5227790432801822,0.15926596219887573,0.09613242327312643,0.22154512470645094,139.8355148106129,60.52847380410023,0.14659909664376383,0.2971248431495373,0.00879917657846282,0.5888382687927107,4.1601354535559825,-17.04807960617127,1.333736312197167,0.007468947791560105,1.0,p_mean_count,0.1,over,1,0.10739319317738494
934,0.582441113490364,0.14738189325144047,0.09436626168930477,0.1982899167135916,137.6546882968454,-10.724839400428266,0.15104691460025,0.26922628344942273,0.0057824942804759055,0.6209850107066381,4.569898375456524,-12.313374648111491,1.3529607392226806,0.007227348177527804,0.8340471092077087,p_cat_clf,0.1,both,3,0.10686362848543779
730,0.584931506849315,0.15815430587262377,0.09896632389101774,0.22048714348072648,115.45264328701535,-4.00958904109589,0.15152772982960522,0.2720853012296448,0.006657508050183043,0.6356164383561644,4.389169886192849,-10.760000000000005,1.3810318260297536,0.007774302937490489,1.0,p_cat_clf_platt,0.1,over,3,0.10653505260542265
1352,0.5436390532544378,0.1346334184048314,0.08556585639972987,0.18408870421574963,182.02438168333205,29.291420118343197,0.12986782588281415,0.24639809720206016,0.0080237500645614,0.5887573964497042,4.436713377186937,-13.208076171691033,1.2950152053214459,0.006142837326355189,0.867603550295858,p_mean_count,0.08,both,1,0.10546049956334422
1230,0.5756097560975609,0.12813834412600328,0.08670615939350336,0.16960806658011182,157.61016327498402,-10.997560975609757,0.12155538961323159,0.21021231905252252,0.004783790130207511,0.5967479674796748,4.915473701000614,-24.723510884856992,1.301935178687709,0.005802243573309049,1.0,p_cat_clf_platt,0.06,over,3,0.10470938639238879
1173,0.5370843989769821,0.14176312091115584,0.0863423094328079,0.1956926682762226,166.2881408287858,38.608695652173914,0.1322609053361615,0.2557082861470023,0.008057565806057551,0.5822676896845694,4.312079618419284,-10.324196370544126,1.3062396700345964,0.006400484472333809,1.0,p_mean_count,0.08,over,1,0.10339654443743358
885,0.5468926553672316,0.15279573414938136,0.0917989289652414,0.21417579486123947,135.2242247222025,33.717514124293785,0.15626617767192352,0.3043823669134695,0.008765906146025518,0.6124293785310735,4.124279082391419,-13.77880098008427,1.3372175180104802,0.0068282813999134846,1.0,p_cat_clf,0.1,over,1,0.10321851989695616
1017,0.5319567354965585,0.14977099374578962,0.08794675759616805,0.2102566263862817,152.31710063946804,50.42379547689282,0.15102670741851942,0.30122900307387673,0.008957181047549652,0.6224188790560472,4.111980044295851,-16.309019385532054,1.3199939089064454,0.006820564739185093,0.8249754178957719,p_cat_clf_platt,0.1,both,1,0.10214684354869541
1299,0.5742879137798307,0.12364602187391557,0.08221329740190036,0.166635199495753,160.61618241421633,-13.191685912240185,0.12347368939490294,0.2133228927883235,0.004677796029866753,0.5958429561200924,4.925342338609402,-23.00678909511633,1.2904451761559066,0.0056596198526380655,1.0,p_cat_clf,0.06,over,3,0.10130813576686852
1058,0.5510396975425331,0.14393997791849386,0.08597053383744375,0.19677530151611383,152.2884966377665,25.131379962192817,0.15297288252756053,0.2929397398996077,0.008627145293000456,0.6181474480151229,4.1793023389505395,-18.432828909341566,1.3206073613426663,0.006539717503719607,0.8364839319470699,p_cat_clf,0.1,both,1,0.10096108411736482
694,0.5778097982708934,0.1489826633767417,0.09211018767929628,0.20581430913831222,103.39396838345874,4.370317002881844,0.14168059437570574,0.25515618906356013,0.006682751524732763,0.622478386167147,4.257220944122231,-10.666614615785171,1.352880438168801,0.007315584670311747,1.0,p_mean_all,0.1,over,3,0.09866746492098853
779,0.5815147625160462,0.14747682536807474,0.08972729806317171,0.20418764147607893,114.88444696173022,-7.612323491655969,0.15382578605088676,0.27545956996699034,0.006152103547018033,0.6238767650834403,4.304034633058688,-11.731162681669005,1.3524062790237124,0.00725717389277307,1.0,p_cat_clf,0.1,over,3,0.09859535701214285
987,0.5775075987841946,0.1329381271160144,0.08447894587552478,0.17962064063667268,131.20993146350622,-10.015197568389057,0.14034887612294003,0.24784965773222079,0.005544106880865284,0.60790273556231,4.583537739585794,-11.66558877663403,1.3146521138213578,0.0066069432776294495,1.0,p_cat_clf,0.08,over,3,0.09808018469575057
1199,0.5754795663052544,0.12578912115476776,0.07870014809499334,0.17006449816674932,150.82115626456653,-11.781484570475396,0.13348277294487654,0.23394595933985804,0.005380791838030754,0.6063386155129274,4.477350123090023,-16.924600264600258,1.2963087549402093,0.0060650542632961725,0.786488740617181,p_cat_clf_platt,0.08,both,3,0.0961928492270998
1431,0.5688329839273235,0.11297520340502418,0.07414272934279706,0.15175490887587229,161.6675160725896,-12.44095038434661,0.11709710494547096,0.20063156956373585,0.004249044585839757,0.5814116002795248,4.817897182531022,-21.34112959992639,1.2620219061144078,0.005149834909207004,1.0,p_cat_clf,0.05,over,3,0.09517314296548224
1641,0.5655088360755637,0.10638172520198196,0.07117828943370505,0.14179533993250204,174.57241105645238,-12.712979890310786,0.10239593926688897,0.17178053271390295,0.0038448639597822936,0.5770871419865935,4.81158169098447,-14.764921120814648,1.2448420912432712,0.0044419947023037155,1.0,p_cat_clf_platt,0.03,over,3,0.09494734928706303
1160,0.5698275862068966,0.12333292781976452,0.07801679608652708,0.16876283442784337,143.06619627092684,-2.3620689655172415,0.12687545124179594,0.22326031095973192,0.005553976073423927,0.5982758620689655,4.3739098374716034,-13.531304608975155,1.286705804150154,0.005536511777994786,0.8672413793103448,p_mean_count,0.08,both,3,0.09484813980009145
1491,0.5472837022132797,0.11833257905080403,0.07292369868557845,0.1615419435194585,176.43387536474881,13.682092555331993,0.11902000454092969,0.21868273771578597,0.006879541200758639,0.5714285714285714,4.18377080031431,-21.21836906809038,1.2613835190588873,0.005114944547757108,1.0,p_mean_count,0.06,over,1,0.09477558301242939
1560,0.5666666666666667,0.10748540932568762,0.07197421032548028,0.144879037355861,167.6772385480727,-13.581410256410257,0.11111887069206208,0.18868542976424468,0.003989618969073848,0.5782051282051283,4.6886151597000145,-16.058185276299653,1.2480432522900482,0.00477758948481473,1.0,p_cat_clf,0.04,over,3,0.09473087036190811
1308,0.5045871559633027,0.12553207018260104,0.07538421937942164,0.17725022964407217,164.19594779884216,70.63226299694189,0.1286268691006172,0.2600270542479941,0.008733745511807485,0.6047400611620795,3.902389236825341,-25.074841185649447,1.2533888083315465,0.00605131905906759,0.8669724770642202,p_mean_all,0.08,both,1,0.09461714805132068
1359,0.5695364238410596,0.11545817893979177,0.07414104958680469,0.15369153336671323,156.907665179177,-11.393671817512876,0.11527362187327134,0.19757595926339577,0.004428794298820229,0.5879323031640913,4.679587874253064,-22.526599691475205,1.2682182310755163,0.005242334504885858,1.0,p_cat_clf_platt,0.05,over,3,0.09413897590138373
1096,0.5693430656934306,0.12262372369901395,0.07806372283371855,0.17045474126132598,134.3956011741193,-1.7463503649635037,0.12594629489314732,0.22161811467711595,0.005720521455821852,0.6094890510948905,4.3300770642819115,-16.507020028803467,1.284736443165507,0.005774232244453611,0.8677007299270073,p_mean_all,0.08,both,3,0.09376001021543394
1398,0.5414878397711016,0.11944757301030162,0.0727973560834428,0.16477977709219563,166.98770706840168,23.40844062947067,0.12373507843670915,0.2320102954256565,0.0074968188102169505,0.5994277539341917,4.150250839866123,-23.80628758883155,1.2605112434764458,0.005180800398463145,1.0,p_cat_clf_platt,0.06,over,1,0.09336115257087407
1694,0.564344746162928,0.10268485020970604,0.06777402744562822,0.13733438253531888,173.94813625524202,-14.604486422668241,0.10510411955719208,0.17666251264828914,0.0037667810974802572,0.5720188902007084,4.711190795651154,-15.080338691458884,1.2357020816466695,0.004418269597008906,1.0,p_cat_clf,0.03,over,3,0.09217882298142438
1506,0.5650730411686588,0.10687566007999909,0.06976139249252673,0.14444842473568342,160.95474408047863,-11.08366533864542,0.1084424287043912,0.18395224983761768,0.004098319816345086,0.5823373173970784,4.590009415959661,-19.578655166236956,1.2457324337106546,0.004776081346355719,1.0,p_cat_clf_platt,0.04,over,3,0.09181347869127968
1355,0.537269372693727,0.11858621372505404,0.07150613473936715,0.16575999225051827,160.68431959744822,30.067158671586714,0.13566115146249205,0.25922131967298956,0.00813099149442494,0.607380073800738,3.95624978740999,-27.964941104500895,1.2562748318938568,0.00545198638786909,0.7933579335793358,p_cat_clf_platt,0.08,both,1,0.09144510743719934
951,0.5699263932702419,0.12774913521204773,0.0782627591145549,0.17744693177713325,121.4894275866574,0.480546792849632,0.12757410700057487,0.22578034201783215,0.005897069046245688,0.6130389064143007,4.3402175647289685,-13.872677131983025,1.297040165248551,0.006000642423279421,1.0,p_mean_all,0.08,over,3,0.09112087839701886
1609,0.5674331883157241,0.10859260800719772,0.06753304131993212,0.1498658405943286,174.72550628358113,-15.025481665630826,0.11710596090983974,0.200578089257444,0.004895186024087444,0.5997513983840895,4.3119669093459025,-33.980410065822795,1.251042394085605,0.004912823878527665,0.764449968924798,p_cat_clf_platt,0.06,both,3,0.09090824229133596
1136,0.5501760563380281,0.12274339450614005,0.07437397632170813,0.17158022463693037,139.4364961589751,12.265845070422536,0.14156303813632048,0.26406512378973734,0.008024994304931667,0.6029929577464789,4.0460274644594305,-19.820577184721813,1.2728698554970157,0.0056385328001037505,1.0,p_cat_clf,0.08,over,1,0.09078718633888622
1527,0.5409299279633268,0.10936673417951842,0.06837885210498358,0.1531912763324303,167.00300309212463,18.578912901113295,0.11796723643271026,0.21776317044424215,0.00719033355290593,0.5926653569089718,4.044248821551732,-23.18849557660389,1.238235382442403,0.004740009117481974,1.0,p_cat_clf_platt,0.05,over,1,0.0907078962409124
1644,0.5474452554744526,0.1069539618418301,0.0662889806511861,0.14959122398718755,175.8323132679687,9.884428223844282,0.11307000769594631,0.20412333708428498,0.006337249602848092,0.5632603406326034,4.106418806930819,-15.558932819197924,1.236333754392431,0.0045667407358091095,1.0,p_mean_count,0.05,over,1,0.09009457019506477
1666,0.5660264105642256,0.10332631970764503,0.06557238686344374,0.14329083738420068,172.1416486329366,-17.42316926770708,0.11900020782936799,0.2036138369795408,0.00481316257943801,0.5984393757503002,4.2607077398634,-34.2822224827965,1.2380935665739097,0.0047781436373565,0.7797118847539015,p_cat_clf,0.06,both,3,0.08964384134953567
1238,0.5702746365105008,0.11448203797339593,0.07106250348345029,0.1584938817723583,141.72876301106416,-13.421647819063004,0.1360162172344764,0.23843196873538836,0.005250091565423944,0.6074313408723748,4.232094998762908,-15.823900963900947,1.2664074492689175,0.00575883043275656,0.7972536348949919,p_cat_clf,0.08,both,3,0.08919539057989728
1784,0.5364349775784754,0.10527475407821063,0.063370764866625,0.14469894573135111,187.81016127552778,20.883408071748878,0.1067425902241772,0.1930272248696998,0.006486195266307346,0.5818385650224215,4.195819174314439,-23.872867878202314,1.2270981393899973,0.004131638732040868,1.0,p_cat_clf_platt,0.03,over,1,0.08881086916098027
1864,0.5643776824034334,0.09796892108530103,0.062214946302400535,0.13623273571205263,182.6140689030011,-17.508583690987123,0.1121571054764926,0.1898065966199395,0.004502053010389316,0.5890557939914163,4.450483196405512,-28.537852135715553,1.2248941735258634,0.00437663797369653,0.7677038626609443,p_cat_clf,0.05,both,3,0.08853238423886743
1659,0.5394816154309825,0.10735615921196552,0.06395308570925143,0.15063481965809533,178.1038681326508,19.25075346594334,0.11216788324862828,0.20502570252194627,0.006753009962185074,0.5883062085593731,4.067985136347418,-22.494620396331072,1.2331202462469253,0.004418554777433809,1.0,p_cat_clf_platt,0.04,over,1,0.08794032954461649
694,0.5778097982708934,0.14184470366484153,0.08062689710269717,0.20328733989710407,98.44022434340002,-3.2622478386167146,0.148279895142858,0.2657709185893563,0.0067017450271682835,0.6181556195965417,3.7688818818574417,-13.816373626373625,1.3359734619228667,0.006863677286158617,1.0,p_lgb_poisson,0.1,over,3,0.08718417434438942
1813,0.5637065637065637,0.09892874915234014,0.061084650419815124,0.1350642803481354,179.35782221319266,-15.638720353006068,0.1101252086152306,0.18641672314243693,0.004586624264590425,0.5918367346938775,4.317873834571451,-26.329884523826664,1.2267481949597885,0.004401817624240036,0.7495863210148924,p_cat_clf_platt,0.05,both,3,0.08684725266646831
1134,0.4947089947089947,0.13001914821237054,0.07031529103857985,0.1851399001100643,147.44171407282818,81.97883597883597,0.13092316882377825,0.2706727288816443,0.00880029784741659,0.6014109347442681,3.6899330234276815,-21.447516921071372,1.2573153823260526,0.00619074574208191,1.0,p_mean_all,0.08,over,1,0.08669325875588996
798,0.49874686716791977,0.15013359800639628,0.07723499911809312,0.22199799813689247,119.80661120910423,96.26942355889724,0.1511564725553551,0.3234405047946918,0.009405057683376213,0.6115288220551378,3.333957301875652,-23.759367810680033,1.2995165280227605,0.007118165296262058,1.0,p_lgb_poisson,0.1,over,1,0.08658500909864546
1599,0.5628517823639775,0.10285337004755044,0.06270229320211093,0.14291158402912482,164.46253870603314,-13.519074421513446,0.11964068141545033,0.209528871370545,0.006669339386547397,0.5791119449656035,4.155682871647974,-20.920947170461787,1.2352826018684309,0.004374227168396287,1.0,p_cat_clf,0.05,over,1,0.08595280549034617
1258,0.5635930047694754,0.10759222105764966,0.06736475884690853,0.1477373871754807,135.35101409052328,-8.569952305246423,0.10631625160490939,0.18045855860976215,0.005216511049728874,0.595389507154213,4.261364377863273,-17.606967020193707,1.246541009272356,0.004188760483336685,1.0,p_cat_poisson,0.05,over,3,0.08581816562367241
1006,0.5656063618290258,0.11995104374583376,0.07109273583912154,0.16697613714413836,120.67075000830877,1.084493041749503,0.1287140160009571,0.22790678981983495,0.005648981082750687,0.6003976143141153,4.042772833205915,-12.440401689095907,1.276134439378281,0.0054678058705719445,1.0,p_mean_count,0.08,over,3,0.0850753208838714
860,0.5720930232558139,0.128542687294643,0.07404950516921063,0.18178989286332892,110.54671107339297,-4.691860465116279,0.1469185498138622,0.26217299724867216,0.006557237447168747,0.6127906976744186,3.7712565450706195,-13.765391275391266,1.3003986713950895,0.0061980845928710565,0.8069767441860465,p_lgb_poisson,0.1,both,3,0.08489599098571787
1043,0.49856184084372,0.1269653664317031,0.0699291980516354,0.18605641196316833,132.42487718826635,81.23873441994247,0.13691094767508377,0.28432046858136484,0.008193368536522652,0.5992329817833174,3.444435242147888,-17.596274686544575,1.2532024420425742,0.005767177758802897,1.0,p_lgb_poisson,0.08,over,1,0.08463416518320702
802,0.5685785536159601,0.12606354868570818,0.07443272916105136,0.17819156156387977,101.10296604593796,2.7867830423940148,0.14348647636043807,0.2583781156810682,0.006393945114243013,0.6097256857855362,3.9501159750910158,-13.712100361944152,1.2922051041790115,0.0061644944916491185,0.8890274314214464,p_mean_count,0.1,both,3,0.08388273934993781
1551,0.5602836879432624,0.09797610046085176,0.06120214312280322,0.13542969901609728,151.96093181478108,-9.625402965828497,0.09387020681551426,0.15538415465483188,0.0045371637260463145,0.5854287556415216,4.288635479144608,-21.832055635250764,1.2228166155641953,0.0035256767013327026,1.0,p_cat_poisson,0.03,over,3,0.08384308441789017
1469,0.5582028590878149,0.10558394804303822,0.06209227048869719,0.14729324031109042,155.10281967522315,-7.639210347174949,0.12535969727801635,0.22326867085501467,0.007117001287231001,0.5908781484002723,4.001671636073306,-20.46229534977563,1.23898739549341,0.004700835113851533,1.0,p_cat_clf,0.06,over,1,0.0836468520437309
737,0.5712347354138398,0.12847347982171575,0.07446051298459674,0.18283827617436232,94.68495462860452,-2.255088195386703,0.1417371710314357,0.2541472443683627,0.006033551370753345,0.6241519674355496,3.862886831089159,-14.206784599740004,1.2996359323690014,0.006383807130246818,0.8046132971506106,p_cat_poisson,0.1,both,3,0.08222010885993965
1786,0.5481522956326987,0.0991503438027913,0.05568195161001543,0.1415502437941893,177.08251403178525,2.7486002239641656,0.11529952107340534,0.20616009651825634,0.006905689595665576,0.5750279955207167,3.873608916607888,-25.54755940906245,1.219433102889449,0.00447416026170714,0.8348264277715566,p_mean_count,0.06,both,1,0.08114446487030048
1588,0.5541561712846348,0.09247189120025437,0.057399373499867984,0.1313998125484066,146.84536322600394,-5.964105793450882,0.1002424356783696,0.1697620829842434,0.004319817435157228,0.5824937027707808,4.053372721730536,-18.18946546217182,1.2074087051214744,0.003890531552779749,1.0,p_mean_all,0.04,over,3,0.08051182436756577
1711,0.5587375803623612,0.09472413149628789,0.05581770322073313,0.1354742457720465,162.0729889901486,-13.001753360607832,0.11474325691763688,0.19924333919139683,0.00631398408492476,0.5774400935125658,3.9455232501999395,-22.618861363625644,1.2146662105829782,0.004076702682302112,1.0,p_cat_clf,0.04,over,1,0.08042220673013317
1428,0.561624649859944,0.10000308719723995,0.05919662022456633,0.13953648051235804,142.80440851765866,-10.874649859943977,0.09896586485290497,0.16519816378495333,0.00480929393240004,0.5917366946778712,4.060908615358748,-21.465213003888714,1.228122058334918,0.003762773482133871,1.0,p_cat_poisson,0.04,over,3,0.08018506111411308
1802,0.5405105438401776,0.09698610227326254,0.05406079119656173,0.14039729881014898,174.7689562964191,10.589900110987791,0.11925104354643846,0.21718250093826855,0.007525024383324811,0.6048834628190899,3.6693986837803565,-37.72416135579177,1.2110736187154818,0.004307825466563016,0.7741398446170921,p_cat_clf_platt,0.06,both,1,0.07970167799148356
2080,0.5576923076923077,0.08393269012393353,0.051071169796171975,0.12029038410680293,174.57999545778176,-18.603365384615383,0.1051790886902489,0.17587764116964433,0.004120542243191414,0.5836538461538462,4.106739224160661,-26.5671747192709,1.1897608646280236,0.003876830269891155,0.75,p_cat_clf,0.04,both,3,0.07958147128163541
1733,0.5591459896133872,0.08952243683773907,0.05431881705743308,0.12213863456614697,155.1423830398018,-14.662435083669937,0.10357478175080641,0.17404598736178367,0.0031303789506020624,0.5591459896133872,4.22795676774608,-18.782111460673594,1.2030659463871751,0.0034294774922111687,1.0,p_poisson_glm_platt,0.03,over,3,0.07917884088330136
2256,0.5549645390070922,0.07973828936056526,0.048825501146050845,0.11212458471774484,179.88958079743523,-18.261524822695037,0.09641390984272617,0.15892372993357523,0.003887963099598873,0.5780141843971631,4.124147364391968,-28.493256756404246,1.1791728892404734,0.003465132854352484,0.7273936170212766,p_cat_clf_platt,0.03,both,3,0.078960311429966
842,0.5071258907363421,0.1372023476674979,0.06851551847094543,0.20640941066579493,115.52437673603323,75.6769596199525,0.1447635985865959,0.2994415327709162,0.009029939327465953,0.6152019002375297,3.3563796780687323,-15.344196258663857,1.2783719921350198,0.006456763100945903,0.8123515439429929,p_cat_poisson,0.1,both,1,0.07893895678734814
1462,0.5560875512995896,0.0956064182253416,0.05744726086568754,0.13355347050833924,139.77658344544943,-5.211354309165527,0.10885214472197825,0.18705384257552563,0.004707740117371167,0.5882352941176471,4.031845980137851,-17.580320896123325,1.2153722395153304,0.004059727457404947,1.0,p_mean_count,0.05,over,3,0.07890631170343819
1097,0.5624430264357339,0.10766248206539283,0.06317424032748462,0.1498574766900547,118.10574282573594,-6.618960802187785,0.11386085391566995,0.19588803367823107,0.005552301722559584,0.5979945305378305,3.923639528441657,-13.095651184870775,1.2460536308869499,0.004525129565859805,1.0,p_cat_poisson,0.06,over,3,0.07888876756454538
1745,0.5524355300859599,0.0892977172029156,0.05385560531758886,0.12573595249665476,155.82451651908772,-5.445272206303725,0.09433851782782236,0.15800222231070646,0.0038698971198112254,0.5730659025787965,4.056983583219629,-23.239133110806996,1.1995192272971673,0.0036158701096172165,1.0,p_mean_all,0.03,over,3,0.07885364004187558
1963,0.5517065715741213,0.08328930108887903,0.050798486316403206,0.11755509266972133,163.49689803746952,-9.356087620988284,0.09629917505878888,0.16105137298037978,0.004497504955193758,0.5883851248089659,3.9866796008213354,-26.116275392755213,1.1857919295880337,0.003379002479142844,0.8089658685685176,p_mean_all,0.04,both,3,0.0781509082334886
1781,0.5401459854014599,0.09256109973876052,0.052285578488069695,0.13301048851864145,164.85131863473248,9.9606962380685,0.10782721360690045,0.19243574622304566,0.005949915127201539,0.5609208309938237,3.705369697533225,-22.04661922771532,1.2012836613366698,0.0041300386407857785,1.0,p_mean_count,0.04,over,1,0.0776920221854191
1411,0.5485471296952515,0.10106752244303813,0.056702663368445295,0.148846110595819,142.6062741671268,3.099929128277817,0.13714971900994252,0.2504897033937177,0.00793448584159544,0.6080793763288448,3.6089674718260185,-26.52278656654056,1.2238717019892102,0.004771543061436898,0.8051027639971652,p_cat_clf,0.08,both,1,0.07745158043705774
2291,0.5552160628546486,0.07886124665507452,0.04687880178106636,0.10931619161465402,180.67111608677573,-19.958533391532082,0.09872400727453569,0.16309823550426297,0.0038365248069968925,0.5748581405499782,4.132345508462922,-25.82089382359359,1.1773023710370714,0.0034885293348996455,0.7394151025752946,p_cat_clf,0.03,both,3,0.07732151346169244
936,0.5662393162393162,0.11536910604244938,0.06476359028219149,0.1685116263531402,107.98548325573262,-4.194444444444445,0.1331571927493701,0.23560404218606215,0.005447512445430571,0.5897435897435898,3.6941676111862174,-16.159293073031762,1.2659740966889967,0.005583895258868168,1.0,p_lgb_poisson,0.08,over,3,0.0773037378432995
1458,0.5596707818930041,0.09374975815340028,0.05572099224896667,0.12957412480151645,136.6871473876576,-13.311385459533607,0.11545443065904638,0.19787136895476293,0.0035630531544093274,0.5713305898491083,3.9442298456994345,-15.712990602542842,1.2129083292642642,0.003996569443019931,1.0,p_poisson_glm_platt,0.05,over,3,0.07712524853189491
1163,0.5640584694754944,0.1070929663783224,0.05955725231113836,0.15293657575241998,124.54911989798894,-8.485812553740328,0.12072901227269547,0.20976424222860124,0.005068663213402002,0.5915735167669819,3.839579601084064,-14.996012402539876,1.2456590136055008,0.004853797384040562,1.0,p_lgb_poisson,0.06,over,3,0.07644025339306781
1256,0.5573248407643312,0.099851267201452,0.05781992533777354,0.14300657148578186,125.41319160502371,-3.356687898089172,0.11353263935539058,0.19712200548436382,0.005003124702008815,0.589968152866242,3.8201073692378107,-19.2020934580046,1.2255632942536399,0.00463298318068614,1.0,p_mean_all,0.06,over,3,0.07624151030989258
2061,0.5633187772925764,0.08199792387942395,0.04759752110192827,0.11755675954540214,168.99772111549277,-26.103833090732653,0.11452872321484461,0.19442542614390468,0.006975218748575694,0.5924308588064047,3.6934870805700593,-35.81919012110175,1.1877752456838808,0.0035848410139972674,0.7734109655507035,p_cat_clf,0.05,both,1,0.07592429075129362
1315,0.5566539923954372,0.09831849572980114,0.056500129352228055,0.13961050335610733,129.2888218846885,-5.311026615969582,0.11487832833448705,0.19921061993231498,0.005042863579796628,0.5923954372623574,3.8381946760840435,-17.488760027701446,1.2217647030612153,0.004306339406789509,1.0,p_mean_count,0.06,over,3,0.07583980627602152
1638,0.5811965811965812,0.08966408644529827,0.052094574823057724,0.12900276638724156,146.86977359739856,-43.813797313797316,0.11709506491638752,0.19402484975143922,0.005241609746866663,0.5622710622710623,3.798243302390633,-15.831256431956433,1.2140958798795898,0.003634531562907398,1.0,p_poisson_glm_platt,0.05,over,1,0.07582703814287418
713,0.5652173913043478,0.12441901720232995,0.0682712177548582,0.18118597079424412,88.71075926526126,5.46984572230014,0.14472845264750442,0.2616580679855457,0.006797685126755976,0.6157082748948106,3.572700485508845,-11.376462926179673,1.286163739565359,0.0060843062594253,1.0,p_mean_count,0.1,over,3,0.07536868419470028
1616,0.5581683168316832,0.08897635871734856,0.051800819674008035,0.12456373561019692,143.78579568723526,-14.330445544554456,0.10852706388006957,0.1840091191561303,0.003260170229688619,0.5625,4.025186597365635,-18.05024271064771,1.2013806662286208,0.0036521603043859112,1.0,p_poisson_glm_platt,0.04,over,3,0.07526284248718501
2042,0.5548481880509305,0.08147062363919402,0.04703733700570947,0.11531149449801377,166.36301347123418,-15.764446620959843,0.10284654781554438,0.17190364970568442,0.0041622494808426416,0.584720861900098,3.8669909886577885,-32.008635740284156,1.1830176165800157,0.003802474609279595,0.7375122428991185,p_cat_clf_platt,0.04,both,3,0.07517887501175785
1797,0.5509181969949917,0.08455382639739267,0.04927357995432059,0.11849364932859419,151.94322603611462,-6.3149693934335005,0.09612601999932537,0.16110312844446603,0.0036444443997587397,0.568725653867557,3.854028778220415,-23.60584964348466,1.1882815688179857,0.0033992295784484026,1.0,p_mean_count,0.03,over,3,0.07485889572154794
1291,0.5623547637490317,0.09996002101134643,0.055586128280986274,0.14152899343517042,129.04838712564825,-13.103795507358637,0.13358009795986597,0.23428183138521186,0.004580031422806454,0.5894655305964369,3.781437193983057,-17.170480900320698,1.2284042250011475,0.004686164692909605,0.8079008520526724,p_poisson_glm_platt,0.08,both,3,0.0745574141294753
1643,0.55203895313451,0.08660242885850858,0.05053550149615358,0.12370322985224946,142.2877906145296,-6.831405964698722,0.10184068618318068,0.17257786407418055,0.004032113084068703,0.5818624467437614,3.8694301568138574,-19.124795647854715,1.1933258024653934,0.003615753427477263,1.0,p_mean_count,0.04,over,3,0.07432892188845511
1054,0.5645161290322581,0.10704060315416723,0.05936883404788202,0.15420873583257017,112.82079572449226,-8.447817836812144,0.1259804018169968,0.22045713149578477,0.005923613342925385,0.6204933586337761,3.7661843057074154,-14.78321327795011,1.245796940576236,0.005084853430280272,0.7741935483870968,p_cat_poisson,0.08,both,3,0.07428362666146435
977,0.49948822927328557,0.1256098312909795,0.06080731922964987,0.19099982945062405,122.72080517128697,83.82804503582395,0.14941567955633278,0.3121590597702107,0.009433648191842803,0.6131013306038895,3.0987634898765246,-22.731079911236165,1.250962791761323,0.0061064144658570544,0.8167860798362334,p_lgb_poisson,0.1,both,1,0.07420489030206169
2192,0.5483576642335767,0.07622880292662468,0.04455180684804995,0.10864520370699535,167.0935360151613,-9.081660583941606,0.08985679360412603,0.14834092112983985,0.004114078220904591,0.5802919708029197,3.79170630795522,-30.27902617907143,1.1687813495102637,0.0030565482891920324,0.7960766423357665,p_mean_all,0.03,both,3,0.07411103784096423
1828,0.5519693654266958,0.0845480504826173,0.04793650436497518,0.12274434042800353,154.55383628222444,-10.915207877461707,0.10962185541042713,0.1887112140250902,0.00611422968714202,0.5727571115973742,3.668170120884899,-18.623703342429778,1.1887104228110188,0.003793331056164178,1.0,p_cat_clf,0.03,over,1,0.07386389743681325
2011,0.5504724017901541,0.07836257748966663,0.045824178927417886,0.11199718633821683,157.5871433317196,-10.288413724515166,0.09827990570226693,0.16466213529524243,0.004161498474753502,0.5837891596220786,3.784826589831058,-26.218313689152225,1.1743220612076546,0.0032424693993337974,0.8170064644455495,p_mean_count,0.04,both,3,0.07365976475442709
1738,0.5788262370540852,0.08565109286484189,0.048619376997597614,0.1241120478332301,148.8615993990952,-44.89873417721519,0.11294278042288819,0.1855049129561886,0.005052121014391373,0.5586881472957422,3.784032628653821,-13.586038301083054,1.2033628407091466,0.003374935603096238,1.0,p_poisson_glm_platt,0.04,over,1,0.07353702114566053
965,0.5647668393782384,0.11056739025356575,0.06034488716089293,0.15955234841522473,106.69753159469096,-7.746113989637306,0.14836673846279338,0.2662067637483954,0.0056122818996585345,0.6082901554404145,3.6204925516338027,-10.680452410292219,1.2540417418921215,0.005443601197173,0.8259067357512954,p_poisson_glm_platt,0.1,both,3,0.07349528721922881
2005,0.5406483790523691,0.08437746055765509,0.0446558341561193,0.12535493275653806,169.17680841809846,4.545137157107232,0.11274683759862093,0.20132801808750417,0.007316354004239688,0.600498753117207,3.4554470403112942,-37.46290466878125,1.183688174178174,0.0038482610577271403,0.7591022443890274,p_cat_clf_platt,0.05,both,1,0.07243165898248886
1838,0.5767138193688792,0.08516212586299446,0.04630356571512827,0.12273446864397519,156.52798733618383,-42.04842219804135,0.10870960913598872,0.17729794356015274,0.004845961038832408,0.5554951033732318,3.8022764483335423,-15.35752628704465,1.2011927857791567,0.003191962760276816,1.0,p_poisson_glm_platt,0.03,over,1,0.07234006980499708
1307,0.5600612088752869,0.09534603350522686,0.052734175606911605,0.13570909477415669,124.6172657913315,-12.229533282325937,0.12243732657805627,0.21209175147438739,0.004095121336296315,0.5837796480489671,3.729762610484314,-13.192206813479501,1.2167256796370982,0.004262039059842681,1.0,p_poisson_glm_platt,0.06,over,3,0.07195180791095221
1565,0.5527156549520766,0.08818000938970205,0.04912876560783694,0.129065500527678,138.0017146948837,-6.697763578274761,0.1121145633565632,0.19299204329439143,0.0049325810600562665,0.5904153354632588,3.6208231333006538,-24.995453357854597,1.1971453067069768,0.00393610082282195,0.8402555910543131,p_mean_count,0.06,both,3,0.07194942569887817
1868,0.5578158458244111,0.08509724449505623,0.04508317344764478,0.12565745319149582,158.96165271676506,-18.85492505353319,0.12069912945061598,0.20915691273782888,0.007275278157630274,0.5995717344753747,3.5523704978689765,-34.18255401794979,1.1924475214488681,0.0038766401427042883,0.784796573875803,p_cat_clf,0.06,both,1,0.0714434838549767
816,0.5649509803921569,0.11242300557891781,0.06161975589732639,0.16314386981657256,91.73717255239693,-5.25,0.12885827188529397,0.22695172185824783,0.006438361917272894,0.6262254901960784,3.7075346903882678,-13.479586185635924,1.2584145705701322,0.005367802188257667,1.0,p_cat_poisson,0.08,over,3,0.0714158810281647
2009,0.5450472872075659,0.081344845055739,0.0434964940209626,0.11829533194071444,163.42179371697964,-1.8143354902936784,0.10860257457642926,0.18989802421461222,0.00652950122555187,0.5689397710303634,3.483352109411029,-22.924740874126645,1.1787984613971332,0.003806665400280016,0.8183175709308114,p_mean_count,0.05,both,1,0.07131217934881745
1337,0.5011219147344802,0.1022153858709347,0.05101069489864603,0.15354079803167206,136.6619709094397,64.48242333582648,0.13343788814310328,0.268508797066978,0.00799725571762792,0.6013462976813763,3.1463529654277265,-19.546623898494175,1.2048905111086052,0.004676262940891386,0.7801047120418848,p_lgb_poisson,0.08,both,1,0.07068220447224105
1664,0.5558894230769231,0.08454989872785258,0.04560875048432379,0.12273006897132752,140.6910314831467,-13.3203125,0.11928290058529233,0.2051371489909781,0.004036964448047672,0.5823317307692307,3.619665528756913,-19.646008509565846,1.1903802861747586,0.0037731652572655094,0.7854567307692307,p_poisson_glm_platt,0.06,both,3,0.06965618094350304
1916,0.5313152400835073,0.08094287745115807,0.041893691683257656,0.12018777559294018,155.08655319641886,14.460855949895615,0.10270456190032091,0.1816338117821073,0.005690106693355471,0.5553235908141962,3.3719764513942043,-23.67937378233358,1.1727021750516915,0.00384311917769744,1.0,p_mean_count,0.03,over,1,0.06876142888542994
2176,0.5496323529411765,0.07216428544486442,0.03927148932769478,0.10606222298657647,157.029485128025,-14.063419117647058,0.08904662391152339,0.14520325879879406,0.0044759046556511715,0.5905330882352942,3.5460749141466783,-33.56652387388626,1.1602341684979847,0.002730646353245525,0.7127757352941176,p_cat_poisson,0.03,both,3,0.06868419951876761
1285,0.5587548638132296,0.09674035280252773,0.04969670816778692,0.13961159268990997,124.31135335124813,-8.604669260700389,0.11446325454810648,0.19723090712675706,0.004759522926515316,0.5828793774319067,3.541514055660502,-18.088185616079926,1.2192440094378274,0.004387099082055498,1.0,p_lgb_poisson,0.05,over,3,0.0685748261459295
1224,0.5089869281045751,0.10351228929169387,0.05052377025985641,0.15650661708980743,126.6990420930333,57.071895424836605,0.127482297911651,0.2516763798994653,0.008839311228565752,0.6102941176470589,3.194890183304095,-22.11909960537764,1.2108137139651136,0.004727901949609932,0.7826797385620915,p_cat_poisson,0.08,both,1,0.068429197552858
895,0.5430167597765363,0.11593214784871606,0.0567549422580464,0.1761534124646229,103.75927232460087,20.316201117318435,0.15215673308593491,0.28899908412046427,0.00785040269686854,0.5966480446927375,3.112788308486633,-13.351904761904763,1.2536901523828874,0.00567283112684818,1.0,p_poisson_glm_platt,0.1,over,1,0.06839925465509968
1461,0.5619438740588638,0.09075973995266426,0.04676224616833769,0.13506595305234317,132.5999800708425,-18.356605065023956,0.13431012667027556,0.23574459663862743,0.00651347960147727,0.5845311430527036,3.367415587309084,-17.273747052871123,1.2071874688606914,0.004324505332219195,0.811088295687885,p_poisson_glm_platt,0.08,both,1,0.06820761243490785
1873,0.5531233315536572,0.07736666667832602,0.04167968411890345,0.11287555970054895,144.90776668850464,-15.647090229578216,0.1120989981085435,0.19059920583504059,0.003438133863534125,0.5723438334223171,3.515534498692478,-21.18985682240313,1.173127558767628,0.0033934651278817217,0.7784303256807261,p_poisson_glm_platt,0.05,both,3,0.06809345619934139
1963,0.5522159959246052,0.07733063906216668,0.04057203589806734,0.11217632013574734,151.8000444790332,-14.413143148242487,0.09492013423375636,0.1565226221023949,0.004706012115387143,0.5960264900662252,3.4670919441036867,-34.669398139405715,1.1726962963356464,0.0030229444779660414,0.7274579724910851,p_cat_poisson,0.04,both,3,0.06792445781515273
1421,0.553835327234342,0.08741456226930286,0.04690659647384529,0.13045729821766086,124.21609298467936,-8.826882477128782,0.1077432236841535,0.1837048737692223,0.004554986772456191,0.5812807881773399,3.372577288604023,-20.252466808774912,1.1959244368843525,0.004000657505423692,1.0,p_lgb_poisson,0.04,over,3,0.06779675706734348
2214,0.5370370370370371,0.07654583142914295,0.038032023334733565,0.11449740924956607,169.4724707841225,3.8044263775971094,0.10635766642752871,0.1874047631333293,0.0068312433623445665,0.5953026196928636,3.2335298015365916,-38.49609504565837,1.1653389958869487,0.0034443534909437603,0.7466124661246613,p_cat_clf_platt,0.04,both,1,0.06779098363166138
1285,0.49961089494163424,0.09941452756033038,0.04879137120667837,0.15135845508988502,127.74766791502454,64.71906614785992,0.12423914685669521,0.24936714031746535,0.007860329046903414,0.5937743190661479,3.075211656294713,-16.98713109393782,1.1986744446578919,0.0045979515060949215,1.0,p_lgb_poisson,0.06,over,1,0.06766948918482094
797,0.5646173149309912,0.1130940680010065,0.0583103064536182,0.16894686052841515,90.13597219680219,-6.860727728983689,0.15000142986769957,0.27023648039747916,0.006002344590925023,0.616060225846926,3.3338754284006726,-12.777639358992175,1.2597578449475568,0.005612714635230931,1.0,p_poisson_glm_platt,0.1,over,3,0.06763523806097867
2291,0.5486687036228721,0.0656521050134444,0.03669773997594928,0.09409354166847474,150.40897258580114,-17.491924923614143,0.09899227226903023,0.16431184097586682,0.003084672024792552,0.563945875163684,3.5794528361492133,-31.64768240975603,1.145463223003676,0.0027390479306730973,0.7564382365779135,p_poisson_glm_platt,0.03,both,3,0.06714045165657535
1774,0.5496054114994363,0.0788271310317933,0.041766849478540535,0.11561326808042724,139.83933045040132,-8.5608793686584,0.10538545812321397,0.17919616090724405,0.004627073373515332,0.5862457722660653,3.610909160000759,-29.06147934888727,1.1750179354823547,0.0035487406028425006,0.8241262683201804,p_mean_count,0.05,both,3,0.0670945307674872
1043,0.5618408437200384,0.10109952898951512,0.05155797097372776,0.14922880922395024,105.44680873606427,-12.175455417066155,0.13580505286242592,0.2394519243408136,0.005027179652094167,0.6001917545541706,3.449680728718645,-14.600940489409204,1.23073699942246,0.004830714042088986,1.0,p_poisson_glm_platt,0.08,over,3,0.06626293810529937
1078,0.5482374768089053,0.10990897843401462,0.05081224878537742,0.16533573911988805,118.48187875186775,12.049165120593692,0.15008561788733193,0.28025916534161516,0.007386284498675577,0.5955473098330241,3.238890734919494,-17.2090057414434,1.2432892787512684,0.0053995806186262,0.8302411873840445,p_poisson_glm_platt,0.1,both,1,0.06617734184631244
2200,0.5409090909090909,0.07285759919634632,0.03647093893872948,0.11080080993821101,160.2867182319619,-1.6790909090909092,0.10307460410291923,0.17787228940640423,0.006334123467581356,0.5713636363636364,3.2966745779738136,-31.96307420746,1.1586997210217445,0.003449906558594265,0.8095454545454546,p_mean_count,0.04,both,1,0.06610302975721379
2406,0.5336658354114713,0.07109959699832073,0.03465718087251699,0.10660630632538723,171.06563037795968,3.9621778886118038,0.10065685664519496,0.17503137177048972,0.006472441121599401,0.587281795511222,3.284493869497507,-37.86592577915424,1.1524649112103027,0.003146329178485285,0.7373233582709892,p_cat_clf_platt,0.03,both,1,0.06607943683476564
2091,0.5791487326637972,0.0729668034526064,0.03686034908227481,0.10734439760604561,152.57358601939998,-50.17790530846485,0.11340718513575736,0.18349825786816382,0.00541007264643629,0.569583931133429,3.405619880947128,-20.267910110331812,1.1733790750220454,0.0031021900500271845,0.7833572453371592,p_poisson_glm_platt,0.05,both,1,0.06547614110240366
2250,0.5573333333333333,0.06924828813007114,0.03498456131504743,0.1059653496171327,155.80864829266005,-26.689333333333334,0.10869722689017454,0.18219175542345,0.00651416997069479,0.5884444444444444,3.2396588632962606,-32.158361453068395,1.1564343858360042,0.003218282204313569,0.7577777777777778,p_cat_clf,0.04,both,1,0.0650661092505729
2237,0.5440321859633438,0.06614787321813649,0.03507358186200947,0.09984153431900657,147.97279238897133,-9.954850245864998,0.09190243992955072,0.15198481255065216,0.003851332717071832,0.5757711220384444,3.251794118141169,-38.9084038738597,1.1450713650872268,0.0029233712506939553,0.8033080017881091,p_mean_count,0.03,both,3,0.06503923912336823
1425,0.5494736842105263,0.08231742635753882,0.04401506891268054,0.12062385146177716,117.30233255949281,-5.025964912280702,0.106570772691011,0.18265490242177712,0.004626369281254086,0.5887719298245614,3.3756590758497502,-26.54860799542533,1.18271391364407,0.004010018716294246,1.0,p_mean_all,0.05,over,3,0.06496144879829172
1705,0.5513196480938416,0.0792991053939572,0.03988102012465127,0.11560861753272242,135.204974696697,-11.899706744868036,0.10250273373534143,0.17221773418826888,0.00486554697852652,0.5941348973607038,3.3839060668055603,-33.37481591374591,1.1767385290152903,0.0033373114811327638,0.7378299120234604,p_cat_poisson,0.05,both,3,0.06441526595055978
1408,0.5099431818181818,0.092750337263324,0.04328888783784066,0.14130267069883,130.5924748667602,44.76136363636363,0.10978828069867169,0.20913919887495175,0.007417803701556549,0.5880681818181818,3.1012746837084975,-24.880866322262456,1.189264456328638,0.003501600417005275,1.0,p_cat_poisson,0.05,over,1,0.06399523660375658
1209,0.5558312655086849,0.0903195712269686,0.046194068695017264,0.13525322778436094,109.19636161340503,-7.5525227460711335,0.13036288629783713,0.22897408427662796,0.0051432153859589805,0.587262200165426,3.186409053597048,-20.985329896163133,1.203345179913231,0.00443260312826769,0.7741935483870968,p_lgb_poisson,0.08,both,3,0.06385288373886928
2420,0.5702479338842975,0.061416422522357524,0.031934737433355335,0.09076905849961735,148.6277425041052,-47.89504132231405,0.103402601941261,0.16392373790619494,0.004965501293726683,0.5636363636363636,3.252776355087737,-23.87018486336278,1.1429112908693317,0.0025788770397863962,0.759090909090909,p_poisson_glm_platt,0.03,both,1,0.06347303184792615
1430,0.4986013986013986,0.09503613428390742,0.042404304482134884,0.1471143164873565,135.9016720259876,64.16713286713286,0.11826844423433196,0.23544626793468262,0.00789649106884393,0.5867132867132867,2.985823637965412,-32.25197734772693,1.189542080928853,0.004848744789171118,1.0,p_mean_all,0.06,over,1,0.06342073697877011
1559,0.5509942270686338,0.08169640643297664,0.040469924234242685,0.12252602312793374,127.36469762901058,-9.032713277742143,0.10128483086282383,0.1708091599463325,0.004244124668156557,0.5792174470814625,3.3301125855969462,-18.2415555714457,1.1819495680414438,0.003682200554896754,1.0,p_lgb_poisson,0.03,over,3,0.06321375964695439
958,0.4979123173277662,0.1083479510436799,0.049840370274851796,0.16762487249506633,103.79733709984535,71.15240083507307,0.13069552656792252,0.2657020200294658,0.008803053603690996,0.6012526096033403,2.895642577378793,-22.922914858590225,1.215794879625458,0.0048424250964108784,1.0,p_cat_poisson,0.08,over,1,0.06284516386582517
1463,0.5529733424470267,0.08440033636241226,0.041113291465381424,0.12445243081444515,123.47769209820913,-10.263157894736842,0.11036514606970092,0.1881050561648124,0.005259568731198919,0.6008202323991798,3.372841176850133,-27.175067301924138,1.1888038105477203,0.0037574054747315983,0.7498291182501708,p_cat_poisson,0.06,both,3,0.06258601751734008
1489,0.5493619879113499,0.08139849834021637,0.04050884612657946,0.1199952652420026,121.20236402858218,-5.083277367360645,0.11108789421710273,0.19140014516972093,0.004946665357123027,0.590329079919409,3.291195648921894,-28.3211264801338,1.180629454588051,0.00401619816168323,0.8435191403626595,p_mean_all,0.06,both,3,0.06233388481181581
1185,0.5561181434599156,0.09309951466780136,0.04433681161156855,0.1413518095476859,110.32292488134462,-11.238818565400845,0.13695962258955433,0.24509617117358268,0.006813404944735133,0.5848101265822785,3.123278712797589,-14.497201469744972,1.209739400915104,0.004455691799977433,1.0,p_poisson_glm_platt,0.08,over,1,0.06159461071450935
593,0.5649241146711635,0.11905017387903291,0.05796723562503684,0.17901358279795884,70.59675311026652,-1.148397976391231,0.14358044455266963,0.25855105691652563,0.0064880076787130715,0.6323777403035413,3.34118778719335,-12.017778441530986,1.2736308260087847,0.006075650375905372,1.0,p_cat_poisson,0.1,over,3,0.06137896163654751
2248,0.5733985765124555,0.06236387751785728,0.03122299821511312,0.09561083382342726,140.19399666014317,-51.14279359430605,0.10862523102554235,0.1738568737471467,0.005216050325334843,0.5649466192170819,3.065791147828051,-25.00371036835889,1.1461876920335172,0.002772570905143164,0.7731316725978647,p_poisson_glm_platt,0.04,both,1,0.06128676046694092
2096,0.5491412213740458,0.0677066440965344,0.0323905316764484,0.0996173118035842,141.9131260263361,-16.751431297709924,0.10492645548467411,0.1762634533077446,0.003233919555690236,0.5648854961832062,3.3248338216462283,-31.576420684676435,1.150172620133689,0.0030113044216625346,0.7709923664122137,p_poisson_glm_platt,0.04,both,3,0.06105409061682322
1883,0.5730217737652682,0.07195235986625453,0.03420190269222322,0.11307272698096821,135.48629362815728,-41.46202867764206,0.11986439571191977,0.19853325685069262,0.0058456402143792505,0.5756771109930962,3.0999606024556945,-20.195369996974954,1.168515290582285,0.00334019416734372,0.7928836962294211,p_poisson_glm_platt,0.06,both,1,0.060722171296922436
1493,0.5713328868050904,0.08074260194512083,0.03868861419849397,0.12242089183811823,120.54870470406539,-35.90087073007368,0.12311296467546878,0.20838855162249384,0.005830794113651287,0.5720026791694575,3.2004562995793817,-18.18293138569271,1.1883573511001022,0.0037111695350502093,1.0,p_poisson_glm_platt,0.06,over,1,0.060567308180833945
1558,0.5077021822849808,0.08647525624208871,0.03689553055986871,0.13482754857618717,134.72844922517422,46.39537869062901,0.10352388555437851,0.19487624182330185,0.00716130404174732,0.5840821566110398,2.9426335869748748,-25.15898452223929,1.1756563875165245,0.0032597620341934612,1.0,p_cat_poisson,0.04,over,1,0.05962653312003875
1556,0.5488431876606684,0.07428274680992568,0.035563555925157295,0.11477031660144565,115.58395403624436,-11.241002570694087,0.11674575158617226,0.20105183572698399,0.004846610892178398,0.5880462724935732,2.9937122363258424,-32.48407274477527,1.1646495071741374,0.0035371082563476616,0.7474293059125964,p_lgb_poisson,0.06,both,3,0.0582688680514802
1752,0.4965753424657534,0.07736249151308083,0.033121125915545155,0.12262370133942155,135.5390851309176,57.82134703196347,0.10578682105093923,0.20410243194385957,0.006860225739628052,0.5753424657534246,2.768661819339509,-30.51165759792614,1.153672432121222,0.004008731709747071,1.0,p_mean_all,0.04,over,1,0.05819922937702805
2436,0.5500821018062397,0.05723391690248326,0.02644848382498816,0.08945133627228535,139.4218215744492,-25.297619047619047,0.1030590361440348,0.17098178746154108,0.006197881817950718,0.5812807881773399,2.8631605341023376,-40.29088522413954,1.127209691217563,0.002897306472584094,0.7471264367816092,p_cat_clf,0.03,both,1,0.05811857443314007
1605,0.49781931464174456,0.08259872146870882,0.034223068888662306,0.1286368299454797,132.57094795727767,59.0803738317757,0.11135860992841459,0.21762195870008114,0.0072443520953163676,0.5806853582554518,2.870536921595399,-37.92292153527734,1.1644800843142402,0.004268161629302028,1.0,p_mean_all,0.05,over,1,0.05754848763150079
684,0.49122807017543857,0.12775169591377805,0.050923039783055034,0.20527704963878485,87.38216000502419,86.11988304093568,0.14715296331793343,0.3115647045442275,0.009324668509666293,0.6125730994152047,2.756924219262148,-15.4842584873483,1.2510981609339775,0.006031549897335933,1.0,p_cat_poisson,0.1,over,1,0.05719003616706221
1256,0.5071656050955414,0.0882845742083636,0.038603016735007455,0.13809662842769713,110.88542520570468,49.46576433121019,0.1164301866225462,0.22604498534750403,0.0077524431447707,0.5883757961783439,2.822871903005061,-23.327572974975098,1.1791363896699592,0.003732802566600253,1.0,p_cat_poisson,0.06,over,1,0.057024601707126504
1721,0.5432887855897733,0.06766423159408226,0.031826565263729456,0.10391331689587191,116.45014257341558,-7.399767576990122,0.10350987522724506,0.17565860604943181,0.004711023938710306,0.5915165601394538,3.00270302661104,-33.240585939431966,1.1481553976761014,0.0034471238233233902,0.8280069726902963,p_mean_all,0.05,both,3,0.05654761921951641
1891,0.5118984664198837,0.0710117446836963,0.02936295539961016,0.11219331148694445,134.2832091968697,31.710206240084613,0.10532515621262453,0.19359328850757337,0.00722029436543493,0.5938656795346378,2.7853437110219756,-38.536670983560924,1.1454856004299783,0.0029169609715889036,0.7445795875198308,p_cat_poisson,0.05,both,1,0.05596801480433548
1900,0.4926315789473684,0.07302197554934069,0.02923326605719362,0.11923969173043727,138.7417535437473,59.76842105263158,0.10023944665425676,0.19132820997832206,0.006453337876865927,0.5689473684210526,2.67749870100185,-24.99035479268951,1.1439229808545097,0.003756022461465213,1.0,p_mean_all,0.03,over,1,0.05593328739184042
2405,0.5293139293139293,0.05803727697626724,0.023931367286194608,0.0937295493850363,139.57965112792272,3.414968814968815,0.09728900984691945,0.16601260224893127,0.005988696812564816,0.5667359667359667,2.7048610005452,-35.53018875515153,1.1233035787349142,0.0031270669480808803,0.7966735966735967,p_mean_count,0.03,both,1,0.055345308968548
1756,0.5478359908883826,0.0703522090051616,0.030074416324080484,0.11018441193645476,123.53847901306378,-13.330296127562642,0.10971203535922555,0.1867537626599296,0.004674710738215251,0.5825740318906606,2.9148925878494487,-36.6289915601499,1.1555900239459242,0.0032383131153780735,0.7317767653758542,p_lgb_poisson,0.05,both,3,0.05519812983953789
1711,0.5037989479836353,0.07640850051710055,0.03005093478664917,0.12225914508550603,130.73494438475905,46.54178842781999,0.11946797736372111,0.2308403737880448,0.007816380482811311,0.6002337814143776,2.7199441760542893,-34.43193318421637,1.1539869780739211,0.00354611221061842,0.7510227936879018,p_lgb_poisson,0.06,both,1,0.05465543829604921
2127,0.5110484250117536,0.06527011464231085,0.02481659015349972,0.10471301360884781,138.82953384419517,31.61259990597085,0.09862398528966693,0.1783465952522366,0.007190578633045434,0.5956746591443347,2.642503661284143,-40.503148012837386,1.1334899363886493,0.0026644765500432903,0.7324870709920075,p_cat_poisson,0.04,both,1,0.05377378448906063
1709,0.5002925687536571,0.07324551414512206,0.02788256795200077,0.11923374439824758,125.17658367401361,50.62083089526038,0.11476735473156222,0.22179650412850221,0.007941599833100341,0.5939145699239321,2.554950884725327,-44.15653958209197,1.1465767958712103,0.004211118599810128,0.8367466354593329,p_mean_all,0.06,both,1,0.05246367964586876
1427,0.4968465311843027,0.08275509223279535,0.031152428191925045,0.134062191539667,118.09151661619897,59.550805886475125,0.11735279274190476,0.2316072271368741,0.007363066679280941,0.5851436580238262,2.6661062155439574,-18.56902823779405,1.1644728643679652,0.004004651000680338,1.0,p_lgb_poisson,0.05,over,1,0.05212685857301794
1645,0.5094224924012158,0.0705646253225241,0.026768979838572307,0.11583882196653218,116.07880865555214,37.56534954407295,0.11283533658398338,0.21226827551133617,0.007778138798603155,0.6,2.5564457330633603,-29.164450558106857,1.1438399115930014,0.003261945542188416,0.7635258358662614,p_cat_poisson,0.06,both,1,0.05058673113411792
1981,0.5426552246340233,0.05857800673131318,0.02178929365127307,0.09489609124173094,116.04303133473141,-14.396264512872287,0.10228550627463587,0.1717348556633582,0.004569509084326441,0.5830388692579506,2.6277223350140875,-34.61527039678468,1.1280828160427498,0.0028077815808092797,0.7173144876325088,p_lgb_poisson,0.04,both,3,0.04932427261680026
1692,0.48699763593380613,0.06697250392784987,0.02349699285141388,0.11175122618349362,113.31747664592199,61.336288416075654,0.10517662855766335,0.20315819556769327,0.006596748729623814,0.5786052009456265,2.4121022114211814,-21.200702784217803,1.1305500883017534,0.003326345103613649,1.0,p_lgb_poisson,0.03,over,1,0.04787816168629341
2391,0.4960267670430782,0.054835535391843666,0.01650629470175297,0.09188752524834515,131.1117651218982,44.450439146800505,0.09496980849070265,0.17406144746633026,0.006668992087596844,0.5788373065662903,2.3626542710705487,-30.831754796327292,1.1088064440845629,0.003046196237090956,0.793810121288164,p_mean_all,0.03,both,1,0.04780347208247562
2174,0.5,0.05814844463864501,0.018378420232691362,0.0955147333103598,126.41471864441425,42.00781968721251,0.1009915619562512,0.18762782468915376,0.0070205655768516,0.5855565777368905,2.390308894137709,-41.56600687386941,1.11629688927729,0.0033092194262668573,0.8054277828886844,p_mean_all,0.04,both,1,0.047772739617870624
1702,0.4970622796709753,0.06870027435388719,0.022630036850176515,0.11532651898116424,116.927866950316,51.12279670975323,0.0976964616104518,0.1817389210472684,0.006871329977119124,0.5793184488836662,2.452990463324033,-24.078654851909622,1.1365979754092477,0.0029295793305480285,1.0,p_cat_poisson,0.03,over,1,0.04712906106439907
1963,0.49923586347427407,0.06073863945672001,0.019724646152441606,0.10105170460060646,119.22994925354139,44.309730005094245,0.10702150232001595,0.20199021241206658,0.007442520148764022,0.5909322465613857,2.3817950846097418,-46.538508833430946,1.1212919117533484,0.0035683177507324637,0.8176260825267447,p_mean_all,0.05,both,1,0.047077068069526995
2219,0.5394321766561514,0.0514325952136239,0.017115085598757865,0.08202558268456567,114.12892877903144,-15.490310950878774,0.09504976601688714,0.15731182865733237,0.004287784939154748,0.5822442541685444,2.4979292987738972,-40.55129028045161,1.1116721416624575,0.0025420561822379418,0.7025687246507436,p_lgb_poisson,0.03,both,3,0.046919162088965904
1559,0.4926234765875561,0.07071599230975809,0.02351526857881047,0.12055094091113419,110.24623201091285,58.185375240538804,0.11119584001702025,0.21682741221167925,0.006897645350032911,0.5785760102629891,2.3652862878820042,-18.645087605867367,1.1393757673968556,0.0035967425676521644,1.0,p_lgb_poisson,0.04,over,1,0.046259103991522166
1931,0.5007767995857069,0.058081351790792095,0.01657186485609381,0.10301992578437921,112.15509030801954,40.04971517348524,0.11213728326820095,0.21228000378013465,0.007373359688505205,0.5908855515277058,2.1721333535422276,-37.1789246469104,1.1163434546763689,0.002993176166399157,0.7389953392024857,p_lgb_poisson,0.05,both,1,0.043595568536220264
2363,0.501481168006771,0.04960948545305367,0.00873258991252021,0.08804608515580296,117.22721412556584,35.101565806178584,0.09225243742449238,0.16443203697190814,0.006907355184878942,0.5924672027084215,2.1157765870548286,-39.724529362699975,1.0995137641133834,0.0023327815330484543,0.7202708421498095,p_cat_poisson,0.03,both,1,0.03979417348781453
2157,0.4960593416782568,0.04355912223573663,0.005507904481792068,0.08608118659307902,93.95702666248391,37.14789058878071,0.10506086496049462,0.19567753750344652,0.007101662536864782,0.5892443208159481,1.713429689056795,-41.62469994959439,1.0864370070492033,0.002555234652355994,0.722763096893834,p_lgb_poisson,0.04,both,1,0.034745215441131364
2384,0.4899328859060403,0.03693445717256763,0.0011928697366274629,0.07331361111678465,88.05174589940123,39.03565436241611,0.09835752016741424,0.18076837647119354,0.0067572072762140944,0.5885067114093959,1.6197009113042053,-36.66824192775707,1.0724109752462183,0.002316126558695491,0.709731543624161,p_lgb_poisson,0.03,both,1,0.032431408331888435
158,0.5759493670886076,0.1781152957658799,0.04540924480181311,0.30929485904556714,28.14221673100902,30.468354430379748,0.13441976645852716,0.2469589410434163,0.007755282545847923,0.6265822784810127,2.978400915787595,-6.096861239231229,1.4200330855374477,0.008297559501383993,0.0,p_cat_poisson,0.1,under,1,0.02236898349390861
144,0.5972222222222222,0.16727917721068045,0.043378508084214236,0.28480312475354286,24.088201518337986,-6.8125,0.13414646826690993,0.23601209963877506,0.0041652309935855825,0.5902777777777778,3.0301788488928136,-7.080699300699301,1.4153138192816892,0.007652813764444576,0.0,p_cat_poisson,0.1,under,3,0.01848261210729041
154,0.5974025974025974,0.14542497573128604,0.028079283930656434,0.2672378371620257,22.39544626261805,-24.876623376623378,0.11486508664623657,0.19290733866581225,0.0049352096815100215,0.5844155844155844,2.643396095646035,-6.759538696562775,1.361216875203517,0.005985330887523208,0.0,p_mean_count,0.08,under,3,0.004526174010485183
155,0.5870967741935483,0.14690478280719452,0.022494010641994053,0.27534656279973263,22.77024133511515,-26.36774193548387,0.13708084453543676,0.23789899185467991,0.00392729422002574,0.6064516129032258,2.485845694370025,-6.289571373757372,1.3557850208611744,0.007077449905424169,0.0,p_cat_clf,0.1,under,3,-0.0009296489880648504
248,0.5645161290322581,0.09516765479670965,-0.005078374080222004,0.19775923921175634,23.60157838958399,-17.008064516129032,0.12422272713982567,0.21253825496306403,0.0027012876529766247,0.5443548387096774,1.8135610768491957,-13.09578916735343,1.218533133236889,0.0040782414219656705,0.0,p_poisson_glm_platt,0.08,under,3,-0.019101961125366197
276,0.5869565217391305,0.08071396807789091,-0.012179459568369478,0.1719050698566122,22.27705518949789,-48.916666666666664,0.12293457353858962,0.19559381466789572,0.005230889769945456,0.5833333333333334,1.6127049953987784,-13.601654335688167,1.1954127648201567,0.003761259084778936,0.0,p_poisson_glm_platt,0.08,under,1,-0.02406360422247031
454,0.5462555066079295,0.04944968509695086,-0.02578637476627192,0.12049793022493879,22.45015703401569,-28.345814977973568,0.09471398919303382,0.1530127542252936,0.005058028303322553,0.6035242290748899,1.1706496761332892,-19.76234389457351,1.108981344825319,0.0018858210586063975,0.0,p_cat_clf_platt,0.05,under,3,-0.027716592773888795
266,0.5488721804511278,0.08609663531273665,-0.018517712854596944,0.19030896379534334,22.90170499318795,6.360902255639098,0.11590984282628214,0.2011629842432981,0.00896992108180778,0.6428571428571429,1.5397375153714685,-12.023676901248097,1.1908475416098994,0.0043154464058681825,0.0,p_cat_poisson,0.08,under,1,-0.031139948647406795
433,0.5496535796766744,0.04837541069379097,-0.02867503798652331,0.12696536814933498,20.94655283041149,-34.25635103926097,0.09583114880187821,0.15403168603663098,0.005336454927841439,0.6143187066974596,1.1263046338472347,-16.46214802136762,1.107418219643136,0.001821338170658449,0.0,p_cat_clf,0.05,under,3,-0.03155244539491735
162,0.5679012345679012,0.11451197923342252,-0.0093425655927564,0.23730989070019187,18.55094063581445,-19.919753086419753,0.13573447370679964,0.23640535631359594,0.003050007765766108,0.5802469135802469,2.004921969063435,-9.28957137375737,1.2650134376544921,0.005711962919674213,0.0,p_cat_clf_platt,0.1,under,3,-0.031882800856552554
238,0.5630252100840336,0.08858665198359379,-0.017726318657185637,0.19695024726502122,21.083623172095322,-19.41176470588235,0.11611341872569207,0.19818996453876866,0.004160923897155555,0.6008403361344538,1.623192044366976,-8.22567787461363,1.202727145885532,0.004114743402929209,0.0,p_cat_poisson,0.08,under,3,-0.03257306715219998
173,0.5722543352601156,0.09863740991655479,-0.020594600661843897,0.22584823082857042,17.064271915563978,-18.791907514450866,0.13612567904339168,0.23440375777667333,0.007915488754386538,0.6473988439306358,1.701606648591808,-9.24142923594202,1.230598269129243,0.0050635380347509255,0.0,p_cat_clf,0.1,under,1,-0.04182093074033215
174,0.5689655172413793,0.096288699574793,-0.022145358719683737,0.21814908943346364,16.754233726013982,-3.3160919540229883,0.11366132952553336,0.1906466230148947,0.008299607601613223,0.6264367816091954,1.6384297065956215,-11.000714004478208,1.2233897830135199,0.0051426417111466735,0.0,p_mean_all,0.08,under,1,-0.043256414703836996
375,0.5413333333333333,0.04440409283057482,-0.03860142803634313,0.12661870510885606,16.65153481146556,-23.72,0.07960078075507106,0.12416441968401849,0.005247583206441297,0.6133333333333333,0.9223531416641024,-14.86963239357502,1.0968112489038695,0.0012128473619817616,0.0,p_mean_all,0.04,under,3,-0.04435506948537875
379,0.5408970976253298,0.0451592163815227,-0.03948682648306368,0.12457567792946404,17.1153430085971,-28.097625329815305,0.10266586247930684,0.1693113276533632,0.005255826556516673,0.6094986807387863,0.9859100388378464,-15.594754770734387,1.0983640402792938,0.002026316689659317,0.0,p_cat_clf_platt,0.06,under,3,-0.04502826434985899
368,0.5434782608695652,0.04157432803584242,-0.04131121421737113,0.12017131708020905,15.29935271719001,-25.722826086956523,0.08238218197905678,0.1293209875131899,0.0047374040995950845,0.592391304347826,0.8722644535894452,-14.186998011878458,1.0910675756975596,0.0015758779367258783,0.0,p_mean_count,0.04,under,3,-0.047441717422436344
390,0.5794871794871795,0.03830151006177419,-0.04410711702850054,0.1214018313233217,14.937588924091932,-62.751282051282054,0.10742820734633354,0.16080516686530982,0.0059022004233222885,0.5897435897435898,0.8345394256881794,-19.360894384048215,1.0910828592932436,0.0019200243622519528,0.0,p_poisson_glm_platt,0.06,under,1,-0.04907634421447053
357,0.5406162464985994,0.04502455375858599,-0.04243287286076574,0.13066178569293907,16.073765691815197,-17.313725490196077,0.107734343799459,0.17967590124359453,0.0038245370467137004,0.5770308123249299,0.9550711923571855,-20.46641832689265,1.0980107664135073,0.001983366769959172,0.0,p_poisson_glm_platt,0.06,under,3,-0.04917031919361679
179,0.5865921787709497,0.08791196008126397,-0.029001922759425817,0.19927263981436671,15.73624085454625,-31.76536312849162,0.11418580242596263,0.18538775288688103,0.007802997864457301,0.6312849162011173,1.60825233306386,-7.564102564102564,1.2126519034398144,0.004454456866953398,0.0,p_mean_count,0.08,under,1,-0.04954636861105455
168,0.5654761904761905,0.09858071070171884,-0.030239326118437545,0.22037061866544952,16.561559397888765,-11.946428571428571,0.1406116845954706,0.2470895960738733,0.003764127719610174,0.5714285714285714,1.5930761478810909,-11.652399223963483,1.2268706766834074,0.004641318994005312,0.0,p_poisson_glm_platt,0.1,under,3,-0.0520522084988162
597,0.5293132328308208,0.01126127274963771,-0.056524294318774516,0.07761823035905586,6.7229798315337135,-35.15075376884422,0.0806203050855576,0.12460931509893595,0.004033956748509648,0.5829145728643216,0.2864112867440591,-32.753533705693656,1.0239251951300132,0.0008503718742412112,0.0,p_cat_clf,0.03,under,3,-0.05297811401936631
256,0.546875,0.054695683401645906,-0.04035608719797368,0.1510830982135085,14.002094950821352,-24.90234375,0.11878838077904325,0.20144734478186296,0.004031098183551759,0.59765625,1.1267999355043716,-12.50346439444401,1.1207077150932874,0.002762119873460864,0.0,p_cat_clf_platt,0.08,under,3,-0.05374470027682626
615,0.526829268292683,0.008645804456882745,-0.05835560364957854,0.07418661879620857,5.317169740982888,-33.06666666666667,0.08045210450117964,0.12461801714899347,0.004002683899403331,0.5804878048780487,0.2223913510287482,-33.32027689929989,1.0182720609655769,0.0008585795332338333,0.0,p_cat_clf_platt,0.03,under,3,-0.05421532026189202
447,0.5324384787472036,0.025210334443117707,-0.05243052405597878,0.09947534225725076,11.269019496073614,-23.277404921700224,0.07236102454294017,0.11062510332086392,0.005064035569453501,0.6085011185682326,0.5676543072818012,-21.286094948429533,1.0539187535697303,0.0008730660148252633,0.0,p_mean_all,0.03,under,3,-0.05467151413215124
535,0.5271028037383177,0.0168142728249992,-0.05755277428927083,0.09442205364001792,8.995635961374571,-23.857943925233645,0.08412143643161764,0.13336622299455667,0.004431108737020104,0.6074766355140186,0.37983683219519626,-25.366958607032988,1.0355558733651167,0.001048223322916208,0.0,p_cat_poisson,0.04,under,3,-0.05619960131979453
473,0.5623678646934461,0.012072848064977453,-0.05572509427317296,0.07941117830626426,5.710457134734336,-66.90274841437632,0.0959624002460326,0.1408919239463086,0.008002345016689314,0.638477801268499,0.30244761976104656,-22.062757905813722,1.0275867494431612,0.000893866989556759,0.0,p_cat_clf,0.05,under,1,-0.05683534847177814
520,0.5307692307692308,0.013274532518671358,-0.05857974373318368,0.08757816720761663,6.902756909709106,-33.66923076923077,0.0873597426848094,0.13745427538584323,0.004512304963435511,0.6,0.3207617333598009,-26.142412387724193,1.0282899873348734,0.0011745526251204304,0.0,p_cat_clf,0.04,under,3,-0.05779532947011805
625,0.5232,0.008109685301190262,-0.06310776633496507,0.07538137592619913,5.068553313243914,-25.0768,0.07707642057697961,0.11993834764245052,0.0043243742191217465,0.6032,0.1974095686168598,-26.9868384573505,1.017008568165248,0.0007576990414323863,0.0,p_cat_poisson,0.03,under,3,-0.05864489530868087
536,0.5261194029850746,0.010090054833499175,-0.060057045418968405,0.08107117119998729,5.408269390755558,-28.916044776119403,0.0871237929300904,0.13805067993200634,0.004341395667550348,0.5914179104477612,0.24228018564428377,-30.942412387724197,1.0212923991762028,0.0010669303069724238,0.0,p_cat_clf_platt,0.04,under,3,-0.0586665241659962
569,0.5202108963093146,0.007207530086152823,-0.06284241125406115,0.07800701313389966,4.1010846190209564,-8.864674868189807,0.08520738667381346,0.1330861570137135,0.007270296391359878,0.6274165202108963,0.17231004788836132,-27.186005637009952,1.0150222879817619,0.0010345032911575872,0.0,p_cat_poisson,0.04,under,1,-0.060256964539978364
415,0.5301204819277109,0.0198087212068603,-0.05738774673336435,0.09817177005849968,8.220619300847025,-23.85301204819277,0.10031051459376467,0.16505025685057031,0.0030001638196222717,0.5759036144578313,0.44503027953130875,-27.098323537694917,1.0421570220556258,0.001274607076143144,0.0,p_poisson_glm_platt,0.05,under,3,-0.06111433829719422
367,0.5367847411444142,0.03140454010550493,-0.05538007626842035,0.1177381360737454,11.525466218720311,-32.40054495912806,0.10316627716552632,0.16924854135117917,0.005291187234054767,0.6076294277929155,0.6805006925348416,-15.594754770734383,1.0677968601101195,0.0016581501669184812,0.0,p_cat_clf,0.06,under,3,-0.06156500127577278
183,0.5737704918032787,0.08045140124189555,-0.04168443043923123,0.20427088920753866,14.722606427266886,-28.382513661202186,0.13995639328214246,0.23751475382757165,0.005121795707492331,0.5901639344262295,1.3282089119231373,-15.495146692388072,1.1887513644521395,0.004063191521037827,0.0,p_poisson_glm_platt,0.1,under,1,-0.061786869350846645
145,0.5655172413793104,0.08900809370663391,-0.03759067245995025,0.22013304888141144,12.906173587461918,-16.351724137931033,0.11527009272650209,0.19431964432524618,0.004565047915737579,0.5862068965517241,1.5393116643236313,-10.218419775393393,1.2048598982136813,0.004289293761258123,0.0,p_mean_all,0.08,under,3,-0.062348159579982604
661,0.5128593040847201,0.0004528701592282017,-0.0694743507666795,0.06719604853835281,0.29934717524984134,-6.151285930408472,0.07823469284884497,0.11986877419390032,0.0069994135306566865,0.6263237518910741,0.011153286748953347,-30.904192613277047,1.000929649612577,0.0007960949198195946,0.0,p_cat_poisson,0.03,under,1,-0.0638914359380896
490,0.5387755102040817,0.009283836839282744,-0.06359863130644772,0.07795820793456935,4.549080051248545,-37.957142857142856,0.09516476446144925,0.14737401285376023,0.00765244971077223,0.6244897959183674,0.2216694035811748,-22.471223196309506,1.0201286727931351,0.0010767098595305584,0.0,p_cat_clf_platt,0.05,under,1,-0.06400268545279811
178,0.5449438202247191,0.07723845907114162,-0.043801616998746296,0.20146519974183968,13.748445714663207,4.775280898876405,0.13567222843684584,0.24181575660981516,0.0068577201766696246,0.6235955056179775,1.3187401631522329,-10.635714950227733,1.1697338977118916,0.0042891205774228365,0.0,p_cat_clf_platt,0.1,under,1,-0.06445810796134843
453,0.5717439293598234,0.01259119739956168,-0.06529747430832852,0.08857978914701327,5.703812422001441,-73.18984547461369,0.10007220261771717,0.1454352170187045,0.006015346427190878,0.5960264900662252,0.29143015502911185,-26.114074298351174,1.0294010949587704,0.0011772995465000513,0.0,p_poisson_glm_platt,0.05,under,1,-0.06727179376711168
558,0.5161290322580645,-0.008482814433692969,-0.0698411478101748,0.05465153560035999,-4.733410454000676,-26.27956989247312,0.08476021325125592,0.1340801641178133,0.002942873877936476,0.578853046594982,-0.22615692490389047,-30.038249615376355,0.982468850170368,0.0005947568372224213,0.0,p_poisson_glm_platt,0.03,under,3,-0.06764613053099242
166,0.5481927710843374,0.07293064295176488,-0.046860119952088254,0.19056488912562913,12.10648672999297,-10.668674698795181,0.14122714223360266,0.24713108513761903,0.005954832354640556,0.5903614457831325,1.2346053982089096,-8.873302467061848,1.1614198230665729,0.003415425983584501,0.0,p_lgb_poisson,0.1,under,3,-0.06891252615340122
409,0.5354523227383863,0.01968869877615156,-0.06528208292369682,0.1043652448163142,8.052677799445988,-32.28361858190709,0.10326516042689889,0.16521188993921523,0.0075625042143364985,0.6210268948655256,0.4273586171805821,-19.993869181355947,1.042382514733926,0.0013123537324928683,0.0,p_cat_clf_platt,0.06,under,1,-0.06929994177128462
483,0.5175983436853002,0.007641271904988579,-0.06995463961335206,0.08159987190815106,3.6907343301094837,-6.3354037267080745,0.09231464011251195,0.14827518954842467,0.006646654983809353,0.6107660455486542,0.17616113361319938,-24.03284005368735,1.015840061502616,0.0012126704143502857,0.0,p_cat_poisson,0.05,under,1,-0.07064646850874444
251,0.5418326693227091,0.04190769540859741,-0.05696811899102992,0.13617890074662634,10.51883154755795,-26.816733067729082,0.11897902869697208,0.20139906419405937,0.004097457818833191,0.6055776892430279,0.8630116422101174,-12.503464394444013,1.0914681004135474,0.0024238209590930447,0.0,p_cat_clf,0.08,under,3,-0.07075122217683807
583,0.5506003430531733,-0.012542040373861026,-0.0744818101442633,0.051858020936839846,-7.312009537960979,-66.5368782161235,0.08656134182744604,0.12148482391951386,0.0053139408078688504,0.5883361921097771,-0.3341137024325887,-28.15154459007921,0.9720915666490039,0.000643244600009733,0.0,p_poisson_glm_platt,0.03,under,1,-0.0714102283856973
660,0.5121212121212121,-0.020054195227241122,-0.07747591956898837,0.03728424282520761,-13.23576884997914,-30.743939393939392,0.08032178708534878,0.12542949611255774,0.004390741025848509,0.5893939393939394,-0.5933963400337136,-29.716778119291106,0.958895127795096,-0.00015110302530007037,0.0,p_lgb_poisson,0.03,under,3,-0.07192328483702279
627,0.543859649122807,-0.014790122247475506,-0.07694440647808068,0.047238840674956935,-9.273406649167143,-63.771929824561404,0.082341482610295,0.11625217818339005,0.0062150041725298035,0.6012759170653907,-0.4059560533604562,-44.61915048589188,0.9675755012266882,0.00028545817653762847,0.0,p_cat_clf,0.03,under,1,-0.0724176376338661
644,0.5263975155279503,-0.013187153125069852,-0.07766911140635496,0.05165769972108708,-8.492526612544985,-39.71583850931677,0.08204684901904323,0.12161265886890613,0.006134792469250248,0.59472049689441,-0.341298347582372,-49.29154264015869,0.9721556504506722,0.00041980801417674753,0.0,p_cat_clf_platt,0.03,under,1,-0.07260729885271172
404,0.5544554455445545,0.010223419834085373,-0.06896586542297017,0.08883155675352747,4.13026161297049,-58.31930693069307,0.1030630786768537,0.1566260300982946,0.007792345872366783,0.6287128712871287,0.24023358856937382,-20.743446813039935,1.0229458978498362,0.0008738191526905189,0.0,p_cat_clf,0.06,under,1,-0.073229729832191
366,0.5245901639344263,0.014677457028615256,-0.0671364584175721,0.09363412561162142,5.371949272473183,-21.185792349726775,0.09988757364612702,0.16477738859044008,0.0043837692078657845,0.6092896174863388,0.309204551411819,-22.236821462762595,1.0308732716808802,0.0014563308081533392,0.0,p_cat_poisson,0.06,under,3,-0.0733759537179886
554,0.5505415162454874,-0.009125871189314913,-0.07642011146128395,0.05738944512994448,-5.055732638880462,-66.53068592057761,0.08858034027279756,0.12683709622350547,0.0070305683396422805,0.6191335740072202,-0.23784876919827821,-34.063628404262175,0.9796958528559018,0.0005448196457283022,0.0,p_cat_clf,0.04,under,1,-0.07436897969478211
426,0.5164319248826291,0.007012386079189023,-0.07368290862453902,0.0854922189971456,2.9872764697345238,-8.288732394366198,0.10507606938608795,0.1749556437638537,0.007684845747356407,0.6197183098591549,0.14949770032504206,-25.905211024444046,1.01450134208609,0.000373310579897044,0.0,p_lgb_poisson,0.06,under,1,-0.07688628366759545
560,0.5142857142857142,-0.014594752946335656,-0.07938575371686021,0.0505066984196283,-8.173061649947968,-28.52857142857143,0.0884365483479849,0.14136093471972808,0.004606295477185607,0.5875,-0.3864401415897483,-33.51425549437662,0.9699519792281325,-0.00021914107789979,0.0,p_lgb_poisson,0.04,under,3,-0.07711918001072014
570,0.5280701754385965,-0.013022437350737317,-0.080963029303834,0.057323128479528355,-7.422789289920271,-39.59122807017544,0.08813386418704303,0.1334381077410048,0.006954691877350594,0.612280701754386,-0.3156476554231755,-42.809996959742506,0.9724059877698131,0.0005802356840612161,0.0,p_cat_clf_platt,0.04,under,1,-0.07834246405570593
389,0.5167095115681234,0.013350600128142528,-0.0738347521416008,0.09810131034317292,5.193383449847444,-0.8586118251928021,0.10122831435150301,0.16778614812257814,0.007860803111319967,0.6375321336760925,0.27548162093741574,-25.334717180706658,1.0276243800523799,0.0017416462551414586,0.0,p_cat_poisson,0.06,under,1,-0.07885532723767572
447,0.5167785234899329,-0.0003267100533026002,-0.07669189460456888,0.07715493997127992,-0.1460393938262623,-21.270693512304252,0.09177028299727313,0.14902543637565485,0.0038801780537861294,0.5906040268456376,-0.007155205871728777,-25.375169535911002,0.9993238916952488,0.0009410635062501412,0.0,p_cat_poisson,0.05,under,3,-0.07893288468074133
471,0.5180467091295117,-0.0016409221617501495,-0.07871339178327288,0.0723070597218822,-0.7728743381843204,-26.222929936305732,0.09674957961036781,0.15816962117399902,0.0044442232625802516,0.5817409766454352,-0.0373717069934264,-28.688248283585743,0.9965952672326682,0.00010415182624751873,0.0,p_lgb_poisson,0.05,under,3,-0.07990839187138836
480,0.51875,-0.0039013951268731936,-0.07927188676983837,0.07002906704169216,-1.872669660899133,-24.902083333333334,0.09280440722017605,0.15018637828484607,0.003145761042178998,0.5729166666666666,-0.09320851702631278,-32.03289729359613,0.9918932049311726,0.0008537562831604992,0.0,p_poisson_glm_platt,0.04,under,3,-0.08008832666024347
504,0.5119047619047619,-0.011778623627340152,-0.08069812087008592,0.05716507118023513,-5.936426308179437,-15.16468253968254,0.0973703546591229,0.15755788526809641,0.007402290835946312,0.6071428571428571,-0.28375891778821,-28.094397933263284,0.975868185739108,0.00012933769711493784,0.0,p_lgb_poisson,0.05,under,1,-0.08053875747710237
250,0.532,0.03485157124078065,-0.06844226609679671,0.139398281020891,8.712892810195163,-13.992,0.09757715957268386,0.1602823301789132,0.0043542595265378065,0.58,0.6541404912249266,-12.555090763459944,1.0744691693179074,0.0019886458711525852,0.0,p_mean_count,0.06,under,3,-0.08230520970799562
280,0.5285714285714286,0.01976978220356229,-0.07456133167665852,0.12099008706148763,5.535539016997442,-11.503571428571428,0.11891912134398938,0.20292946373772536,0.007399392725093731,0.625,0.3982981852774347,-13.966657927071603,1.0419359016439202,0.0017273409908646706,0.0,p_cat_clf_platt,0.08,under,1,-0.08615770158171736
510,0.5549019607843138,-0.01699529948814127,-0.08850698950596443,0.05331379417167848,-8.667602738952047,-72.42156862745098,0.09391169994203825,0.13416218326613719,0.005770640253516877,0.5862745098039216,-0.41385107292450085,-31.330821654126346,0.9618167280222377,0.0007198065030991623,0.0,p_poisson_glm_platt,0.04,under,1,-0.08811093696004084
275,0.5418181818181819,0.011526465484187934,-0.07688767427170044,0.09776659349831955,3.169778008151682,-34.763636363636365,0.11891869890970493,0.19441087586688705,0.007560848339104863,0.6290909090909091,0.24137689557147135,-14.886597510757689,1.0251569683186643,0.0011900872682530912,0.0,p_cat_clf,0.08,under,1,-0.08884441428681285
692,0.49710982658959535,-0.0365111715990184,-0.09534572150131757,0.022090989312074517,-25.265730746520735,-15.491329479768787,0.08168420890108262,0.12602332746645734,0.007148091758896235,0.6127167630057804,-1.0155978099578185,-41.17285139040837,0.9273973254410324,-0.000153945374832724,0.0,p_lgb_poisson,0.03,under,1,-0.08884616435740801
419,0.5441527446300716,-0.010894034374154066,-0.08569395250847284,0.06761104708138997,-4.564600402770553,-51.15513126491647,0.08287317802513744,0.11596890852230321,0.007959407670051377,0.6157517899761337,-0.2530065437770792,-33.394708995227035,0.9761015685718819,0.0005589394025487164,0.0,p_mean_count,0.04,under,1,-0.08922869607847392
103,0.5728155339805825,0.09083668758764944,-0.058092094204700656,0.25367047208425886,9.356178821527893,-7.097087378640777,0.13175671851863383,0.2298366918398257,0.00744378499610549,0.6310679611650486,1.5171799837532842,-7.229421067641493,1.2126404277619975,0.0051878634730845976,0.0,p_mean_count,0.1,under,1,-0.08968967640855177
598,0.5050167224080268,-0.027239473826804212,-0.09428973421168532,0.039859132184373695,-16.28920534842892,-17.69732441471572,0.08906684135995373,0.14053931899151526,0.007631626374039155,0.617056856187291,-0.6911079433181765,-39.77082758785067,0.9449689008499023,-0.0001600008659495769,0.0,p_lgb_poisson,0.04,under,1,-0.09071008110111653
440,0.5159090909090909,-0.009023712834416539,-0.090094730827634,0.07133087939242803,-3.9704336471432775,-24.820454545454545,0.07465295496276657,0.11474478150250783,0.004693932409401517,0.6045454545454545,-0.19417253468975554,-22.507898232390907,0.9813594664453368,0.0009799225802968141,0.0,p_mean_count,0.03,under,3,-0.0926513982578317
312,0.5192307692307693,0.00020111219535855882,-0.08570806580886281,0.0887475041159007,0.06274700495187036,-24.256410256410255,0.08914092027900443,0.14237587052574519,0.004250370021598823,0.5769230769230769,0.0040873576033404226,-19.618879802548058,1.000418313366346,0.001154308611271038,0.0,p_mean_count,0.05,under,3,-0.095140164021117
295,0.5525423728813559,0.002198775142496366,-0.08594121894568271,0.08950513733465651,0.6486386670364279,-52.51186440677966,0.09649531480195164,0.14286769643175934,0.007037770225229628,0.5932203389830508,0.045731203353294954,-21.27763201510594,1.0049139292957305,0.0012354844295020479,0.0,p_mean_count,0.06,under,1,-0.09649387378733015
294,0.5102040816326531,0.014411883405351428,-0.09056208609638405,0.11738727918346546,4.23709372117332,5.037414965986395,0.12111679599393445,0.21241501002784374,0.0073045022447403895,0.608843537414966,0.2586673718165543,-27.700135856931738,1.0294242619525926,0.0008061127535386441,0.0,p_lgb_poisson,0.08,under,1,-0.10118265271805425
502,0.5059760956175299,-0.022047900058803235,-0.10315671272365762,0.05740139773880467,-11.068045829519225,-12.808764940239044,0.0738348136729053,0.10603257853819391,0.0073367375989593295,0.6155378486055777,-0.47860307796594226,-43.77607225271936,0.9553707829454869,0.00027008182922603737,0.0,p_mean_all,0.03,under,1,-0.10307687229826687
489,0.5214723926380368,-0.03171145617279372,-0.10339535623182676,0.043008373035162556,-15.506902068496132,-39.86503067484663,0.07606979157633212,0.10480557266699816,0.007152401219668182,0.6114519427402862,-0.7565239560379474,-34.226324528876056,0.9337311877414696,0.0003214308091333789,0.0,p_mean_count,0.03,under,1,-0.10384026841077315
296,0.5135135135135135,-0.002879020223233893,-0.09795912213126086,0.08917548917936692,-0.8521899860772324,-18.8277027027027,0.08877413574796648,0.1419771116893237,0.00511742349359304,0.6047297297297297,-0.05674588895339607,-17.492186197718336,0.9940820139855747,0.0007372413149332916,0.0,p_mean_all,0.05,under,3,-0.10844409501322348
393,0.5038167938931297,-0.02281212687466814,-0.10692379319128778,0.062671358948609,-8.965165861744579,-19.39440203562341,0.10495813790060857,0.17526931979471716,0.004192319319718011,0.5776081424936387,-0.47744515194354886,-31.270299694452724,0.9540247904525919,-0.00035935346249926835,0.0,p_lgb_poisson,0.06,under,3,-0.11173976292234639
273,0.5201465201465202,0.004435451859605833,-0.10178465056389845,0.10120906906848222,1.2108783576723923,-19.065934065934066,0.1207824070354384,0.20624280001571074,0.004102140464543356,0.5787545787545788,0.08059812679317149,-24.81317565113676,1.0092433462417743,0.0004853158233517602,0.0,p_lgb_poisson,0.08,under,3,-0.11388737662864308
427,0.5105386416861827,-0.028975378892869316,-0.1119987834263872,0.05183421350679039,-12.372486787255198,-21.64168618266979,0.0806731106338674,0.1186641124730751,0.00758583250630276,0.6252927400468384,-0.6269843546782374,-33.72620365084876,0.9408014986255733,0.00034927285307628146,0.0,p_mean_all,0.04,under,1,-0.11515526513025853
365,0.5342465753424658,-0.03400142342736717,-0.11613917465969358,0.049492803637630416,-12.410519550989019,-54.50684931506849,0.08848076622441266,0.12582565611120944,0.00739172062434457,0.5945205479452055,-0.743031952071049,-34.55637801716891,0.9269969438177116,0.00038320279312979624,0.0,p_mean_count,0.05,under,1,-0.12243338955648758
179,0.5027932960893855,0.016280413196551578,-0.10803260279747261,0.13917958432330138,2.9141939621827326,28.363128491620113,0.1416550493148812,0.26186524340408845,0.009560538650767565,0.6201117318435754,0.2651552737144576,-18.390100508731518,1.0327437523840755,0.0015959275236045764,0.0,p_lgb_poisson,0.1,under,1,-0.12857704864910136
359,0.5041782729805014,-0.03994707159815128,-0.12478433052836486,0.04564609519220594,-14.34099870373631,-21.153203342618383,0.08747863529521212,0.13187257547219475,0.00829782150994557,0.6350974930362117,-0.8414857549499132,-32.18383749210886,0.9194325915520432,0.0003964824382505141,0.0,p_mean_all,0.05,under,1,-0.13141004472704312
233,0.5064377682403434,-0.018072221358118097,-0.12665278488298548,0.08674705182889364,-4.210827576441517,-14.390557939914164,0.09790935390083855,0.160556125619543,0.0046432872464062655,0.592274678111588,-0.34144606065230826,-19.22538962482237,0.9633841080309433,0.000691382780276986,0.0,p_mean_all,0.06,under,3,-0.1419241777801153
279,0.5089605734767025,-0.03844117688879552,-0.13580296069747225,0.052344158749360485,-10.72508835197395,-18.810035842293907,0.09682270244138041,0.1518353491362514,0.008171703385065352,0.6308243727598566,-0.744200599410951,-29.60562435663654,0.921714683562234,0.0009429987045190333,0.0,p_mean_all,0.06,under,1,-0.14747088702948877
