,0
p_strikeouts_career_avg_prior,0.054863669954345815
opp_lineup_weighted_k_rate_prior,0.02343080696306701
is_home,0.02205621334921688
p_strikeouts_roll20,0.01996500150190124
opp_batting_k_rate_roll3,0.01506165581912466
opp_lineup_top6_k_rate_prior,0.014897973906570551
opp_lineup_k_rate_prior,0.012967800995023154
sc_max_release_speed_roll3,0.012126642183619635
p_k_rate_career_prior,0.011907815562829048
opp_batting_k_rate_roll20,0.010610242581529893
p_pitch_load_28d,0.009957904402827978
p_k_rate_roll20,0.008010106103308934
p_contact_rate_career,0.00678058243575587
p_hits_allowed_std_roll20,0.006178445466482585
p_strikeouts_roll10,0.005972650679214484
venue_strikeouts_avg_prior,0.005962532518871464
opp_batting_k_rate_prior,0.005560569837778043
opp_lineup_weighted_k_rate_vs_starter_hand_prior,0.005545709736729533
opp_pitcher_strikeouts_roll3,0.005528805111947539
opp_pitcher_strikeouts_roll10,0.0052995509546122374
sc_max_release_speed_roll5,0.005265152034133439
umpire_csr_avg_prior,0.0048348174588447165
opp_lineup_k_rate_roll7,0.004647077744116224
pvt_games_vs_opp,0.004570867818493249
opp_lineup_k_rate_vs_starter_hand_prior,0.004266972564632065
p_strikeouts_roll5,0.0041668966814879605
park_so_factor,0.004071552511229122
sc_velocity_slope_roll8,0.003915642851034125
p_strikes_roll5,0.0038917844174984366
opp_lineup_top6_k_rate_vs_starter_hand_prior,0.0033781493148557227
p_strikes_roll10,0.0031569280918988425
opp_pitcher_strikeouts_roll5,0.0031544784800064812
p_strikeouts_trimmed_roll20,0.0029518486739879388
opp_lineup_weighted_hit_rate_prior,0.0029400562024052275
p_walks_std_roll5,0.0028880870502184346
opp_lineup_right_batters_from_batters,0.0027326569307928295
temperature,0.00268407363342584
sc_csw_rate_roll20,0.0026826818421161924
opp_batting_k_rate_roll5,0.0026257808656227765
sc_max_release_speed_roll10,0.002621305161529692
sc_statcast_pitches_roll20,0.0026094293296273618
umpire_csr_excess_prior,0.0025547676378254954
p_pitches_roll20,0.0025092238429346905
umpire_strikeouts_avg_prior,0.0024851549119239086
venue_strikeouts_roll10,0.0024587220305068917
league_k_rate_roll20,0.002416535268990432
p_k_rate_roll5,0.0023690975160757487
days_rest,0.0023639765754255773
p_strikeouts_trimmed_roll10,0.002328166184777648
p_ip_pct_of_career_avg,0.002323242811828889
league_k_mean_roll3,0.0023062428955225567
opp_pitcher_walks_roll3,0.002289761824801287
opp_batting_pa_roll10,0.0022779364195638753
p_k_rate_roll10,0.0022693369662587786
wind_speed_mph,0.0022331203493429516
sc_csw_rate_avg_prior,0.0021915695733081115
opp_pitcher_strikeouts_avg_prior,0.002181149615747142
venue_strikeouts_roll20,0.002104079938058775
sc_swinging_strike_rate_avg_prior,0.0020429807928204866
umpire_strikeouts_roll5,0.002021201815605173
days_into_season,0.001985912272034366
opp_lineup_bottom3_k_rate_prior,0.001966961330911436
opp_batting_hit_rate_roll10,0.0019597290204808535
opp_lineup_switch_batters,0.0019440550887515151
p_batters_faced_std_roll3,0.0019393930355396413
p_k_minus_bb_roll20,0.0019266903264109798
sc_csw_rate_roll3,0.0017757228216797273
p_strikeouts_std_roll20,0.0017727162463829565
umpire_hits_allowed_avg_prior,0.0017597272874435835
pvt_hits_per_bf_vs_opp,0.0017406082709681746
p_contact_rate_roll5,0.0017127635059459292
p_strikeouts_roll3,0.001712358580292911
p_k_per_ip_roll20,0.001682887764294749
league_k_mean_roll20,0.0016609903931808503
opp_batting_hits_roll10,0.001645810581848465
opp_lineup_batter_pa_avg_prior,0.0016063738511785629
p_hits_allowed_roll20,0.0015912479983652098
p_contact_rate_roll20,0.0015880310519524514
sc_swinging_strike_rate_roll10,0.0015612813297737605
p_hits_per_bf_roll20,0.0015577027132025528
p_batters_faced_std_roll10,0.0015263010558454672
p_strikes_roll3,0.0015218047733220079
p_k_per_ip_career_prior,0.0015091362525699698
p_pitches_std_roll3,0.0014675695941325766
p_k_roll10_vs_career,0.00145843338406842
p_strike_rate_roll10,0.0014489716409256412
p_strike_rate_trend,0.0014314685789991557
sc_zone_rate_roll5,0.0014058447927552287
opp_lineup_k_rate_roll7_vs_hand,0.0014035295064000041
opp_lineup_hit_rate_prior,0.0014033736014580735
opp_batting_hit_rate_roll5,0.0013785149151140578
venue_strikeouts_roll3,0.0013704107068355576
p_pitches_roll10,0.0013681457742149078
sc_csw_rate_roll10,0.0013672353616438872
p_deep_start_rate_6ip_roll3,0.0013296306459780968
opp_pitcher_strikeouts_roll20,0.0013292905027847866
p_high_pitch_rate_100_career_prior,0.001322647892260794
venue_hits_allowed_roll3,0.00130815402140626
umpire_hits_allowed_roll20,0.0012910807283324256
p_hits_allowed_career_avg_prior,0.0012847467004706208
p_k9_roll20,0.0012630711994390832
league_k_mean_roll10,0.0012523244234263035
p_k_roll10_vs_season,0.001240163793237879
venue_walks_roll10,0.0012271884271731742
opp_batting_pa_roll20,0.0012176394415260592
p_k_minus_bb_career,0.0012160032206511464
p_strikes_std_roll20,0.0012137944516334156
opp_batting_hit_rate_roll20,0.0011848789403099689
p_pitches_max_roll3,0.001158503054764756
venue_walks_roll20,0.0011476558710977187
pvt_bb_rate_vs_opp,0.0011436072008055849
venue_walks_avg_prior,0.001128204921158602
opp_pitcher_hits_allowed_roll20,0.001127297823423255
p_workload_pct,0.0011122332001917983
p_hits_per_ip_career_prior,0.001109110300183479
p_walks_std_roll10,0.001107925249742402
home_plate_umpire_id,0.0010876594847398712
opp_batting_hit_rate_roll3,0.0010584946628613772
opp_batting_k_rate_roll10,0.0010435776253642434
pitcher_ip_ytd,0.0010431261993086797
sc_statcast_pitches_roll10,0.0010425604293737463
sc_avg_release_speed_roll3,0.001041194583757786
p_pitches_std_roll10,0.0010203588695551619
opp_pitcher_walks_roll5,0.0010165052566207763
p_starts_last_30d,0.0010156214919239985
p_pitches_roll5,0.0010051812311706858
venue_hits_allowed_roll10,0.0009983819343818035
venue_id,0.0009898075865409372
p_innings_pitched_std_roll3,0.0009764251540164934
p_strikeouts_season_avg_prior,0.0009746644789434852
opp_batting_hit_rate_prior,0.0009721429005968164
league_k_rate_roll10,0.0009703002682599031
venue_strikeouts_roll5,0.0009664215006135236
sc_avg_release_speed_avg_prior,0.0009446184898854176
league_k_rate_roll5,0.0009394029623337895
sc_zone_rate_roll10,0.0009301223707781811
p_hits_per_bf_roll3,0.0009255954386585846
p_strikeouts_std_roll5,0.0009232728746590719
opp_batting_pa_avg_prior,0.0009229115107824115
p_batters_faced_career_avg_prior,0.0009156008768502924
opp_lineup_right_batters,0.000911351507668742
pvt_k_rate_vs_opp,0.0009108403870165189
sc_swinging_strike_rate_roll3,0.0009062340798995706
sc_offspeed_pct_avg_prior,0.0008931985233477347
p_hits_allowed_std_roll10,0.0008914713944761981
p_innings_pitched_std_roll5,0.000888367436678001
p_pitches_max_roll20,0.0008694766056440623
league_k_mean_roll5,0.0008684759913721188
opp_batting_runs_avg_prior,0.0008593688969567292
venue_hits_allowed_avg_prior,0.0008518930248818059
venue_hits_allowed_roll5,0.0008503100335189169
opp_lineup_weighted_hit_rate_vs_starter_hand_prior,0.0008410620208683082
p_innings_pitched_std_roll20,0.000840007265405407
opp_lineup_switch_batters_from_batters,0.0008330313627244252
sc_called_strike_rate_roll20,0.0008249956607368118
p_k_roll5_vs_roll20,0.0008203239629087946
opp_batting_bb_rate_roll5,0.0008140358728896312
opp_lineup_bottom3_k_rate_vs_starter_hand_prior,0.0008118122336359608
opp_batting_bb_rate_roll3,0.0007941793221216814
umpire_walks_avg_prior,0.0007877325973050805
opp_pitcher_hits_allowed_roll10,0.0007867809642856785
venue_walks_roll5,0.00078541729790732
p_pitches_std_roll5,0.0007798212528756813
p_hits_allowed_std_roll5,0.0007732996609030852
p_k_minus_bb_roll5,0.0007690248878399505
sc_fastball_pct_roll3,0.0007597721144120401
p_low_pitch_rate_under80_roll5,0.0007596617383284837
opp_batting_runs_roll20,0.0007594575251932793
opp_batting_bb_rate_roll20,0.0007582802919014982
p_fip_no_hr_roll10,0.0007556396284114073
p_hits_per_ip_roll10,0.0007423927044147801
p_innings_pitched_max_roll10,0.000735899510529468
p_days_since_season_start,0.0007353669475770213
p_k9_career,0.0007345644632850866
p_bf_per_ip_roll5,0.000732219920541549
opp_lineup_left_batters,0.000728399779610128
league_k_rate_roll3,0.0007149932659952735
p_innings_pitched_roll3,0.0007054352730632991
p_strikeouts_std_roll10,0.0007014985746001712
sc_swinging_strike_rate_roll20,0.0006941920494001213
p_low_pitch_rate_under80_career_prior,0.0006917478211493356
p_strike_rate_roll20,0.0006904468662801716
venue_walks_roll3,0.0006765442020635429
umpire_hits_allowed_roll10,0.0006756553224520394
opp_pitcher_hits_allowed_roll5,0.0006703785634053059
p_k_roll5_vs_season,0.0006682233761872729
p_low_pitch_rate_under80_roll20,0.0006682205344660104
sc_statcast_pitches_avg_prior,0.0006677565353701257
p_bf_per_ip_roll3,0.0006664174605488674
opp_batting_pa_roll5,0.0006661556477568219
opp_lineup_weighted_bb_rate_vs_starter_hand_prior,0.0006654995630956
p_batters_faced_std_roll20,0.000660445425591669
p_bf_per_ip_roll10,0.0006578569649198549
p_pitches_min_roll20,0.0006526548810109888
sc_slider_pct_avg_prior,0.0006484835664938734
p_strike_rate_roll3,0.000646591180077726
opp_batting_bb_rate_roll10,0.0006433062061626864
p_short_start_rate_under5ip_career_prior,0.0006424091910353622
umpire_walks_roll10,0.0006393003418277522
opp_batting_runs_roll3,0.0006381242306787837
p_strikes_std_roll5,0.0006366536110920948
p_contact_rate_roll10,0.0006362018153572179
sc_breaking_pct_roll5,0.0006359631989389077
p_fip_no_hr_career,0.0006349618498713805
opp_batting_hits_roll20,0.0006271503751561325
p_pitches_roll3,0.000624787314494929
sc_max_release_speed_roll20,0.0006144311219129685
opp_lineup_confirmed_starters,0.0006128466822955826
p_games_prior,0.0006096428546014727
opp_batting_bb_rate_prior,0.0006092000680368841
p_bb_per_ip_career_prior,0.0006078893512046334
p_batters_faced_roll10,0.0006043727723761701
p_contact_rate_roll3,0.0006040923998156144
p_k_minus_bb_roll10,0.0006017521888343413
p_pitches_max_roll10,0.0005961819210845542
p_deep_start_rate_6ip_career_prior,0.0005960499530524104
p_innings_pitched_min_roll20,0.0005954936018181207
sc_fastball_pct_roll5,0.000593188383191801
sc_called_strike_rate_roll3,0.0005910875727067612
sc_fastball_pct_avg_prior,0.0005901885924263064
opp_lineup_weighted_bb_rate_prior,0.0005875130854507272
opp_lineup_bb_rate_prior,0.0005870952854397096
sc_statcast_pitches_roll3,0.0005856419123132054
sc_swinging_strike_rate_roll5,0.0005837915880229378
catcher_csr_excess_prior,0.0005824608319336482
sc_zone_minus_swstr_roll5,0.0005811252130447143
sc_statcast_pitches_roll5,0.0005751901521071927
umpire_strikeouts_roll20,0.000567226340113918
p_strikes_std_roll10,0.0005653550305063533
p_hits_per_bf_roll10,0.0005620909401288931
month,0.0005513982907586401
opp_batting_hits_avg_prior,0.000547692841556257
opp_pitcher_walks_avg_prior,0.0005446138505306253
p_pitches_career_avg_prior,0.0005376262644959307
p_strike_rate_career_prior,0.0005370489196682419
sc_swstr_slope_roll5,0.0005364784983646121
umpire_walks_roll5,0.000536340897896427
sc_called_strike_rate_roll5,0.0005351195095988573
sc_zone_rate_avg_prior,0.0005305811704113781
opp_lineup_same_hand_batters,0.0005303847913998847
p_high_pitch_rate_90_roll5,0.0005290700627923789
p_k_minus_bb_roll3,0.0005258739494532227
sc_zone_rate_roll20,0.0005238324164033651
opp_lineup_k_rate_roll14,0.0005183291048598424
p_bb_rate_roll3,0.0005173544503288514
p_walks_std_roll20,0.000514098194023991
p_innings_pitched_std_roll10,0.0005105944902180781
p_bb_rate_roll10,0.0005069439060126015
venue_hits_allowed_roll20,0.0005030709452108975
sc_csw_slope_roll8,0.0005017276910030258
p_k_per_ip_roll3,0.000499254618423328
opp_pitcher_walks_roll10,0.0004972789966872117
umpire_hits_allowed_roll3,0.0004952646676327241
opp_batting_runs_roll10,0.0004934192373099787
sc_offspeed_pct_roll20,0.0004922822338960717
p_hits_allowed_std_roll3,0.0004903430713933026
p_k_rate_roll3,0.0004888843738068548
p_innings_pitched_career_avg_prior,0.0004885335643390879
p_batters_faced_roll3,0.0004877214416122243
p_k_per_ip_roll10,0.0004849757779346141
umpire_hits_allowed_roll5,0.0004822596929057644
p_bb_rate_career_prior,0.0004816015324651914
p_pitches_max_roll5,0.0004782961860423915
opp_pitcher_hits_allowed_avg_prior,0.00047676412768091154
p_bb_per_ip_roll5,0.00047437609302028243
p_strikes_std_roll3,0.0004714498713242131
p_pitches_range_roll10,0.0004700549690449163
p_pitches_min_roll5,0.0004657277897156391
p_strike_rate_roll5,0.00046319387096864755
p_hits_per_ip_roll3,0.00046019988997417113
p_deep_start_rate_6ip_roll10,0.00045764320418477015
sc_slider_pct_roll20,0.00045431021841986063
p_hits_allowed_roll5,0.0004522876043573135
p_bb_per_ip_roll20,0.00045037928862555867
sc_offspeed_pct_roll5,0.0004489704598406653
sc_avg_release_speed_roll10,0.0004332648928037065
sc_offspeed_pct_roll10,0.00043297394674314305
p_innings_pitched_max_roll3,0.0004285649262674148
opp_pitcher_hits_allowed_roll3,0.00042588432773983046
sc_called_strike_rate_avg_prior,0.00041919340145483714
p_bb_per_ip_roll10,0.00041881590766696845
opp_batting_pa_roll3,0.000413532388231049
umpire_walks_roll20,0.00041335577808284
p_hits_per_ip_roll5,0.0004094177667810871
p_hits_allowed_roll10,0.0004080148473481873
p_high_pitch_rate_90_roll3,0.00040687024888554627
sc_called_strike_rate_roll10,0.00040631085317186026
p_pitches_range_roll20,0.00040575624293659983
sc_slider_pct_roll5,0.0004042640342231231
opp_batting_hits_roll5,0.0004025496078130118
p_walks_roll20,0.000402381523669267
p_k_roll5_vs_career,0.0004019035618002115
p_bf_per_ip_career_prior,0.0004007143340757915
p_hits_per_bf_roll5,0.0003975679720983237
p_walks_std_roll3,0.0003962518074506407
p_fip_no_hr_roll5,0.00039595140548667935
p_batters_faced_roll5,0.00039168153001712975
sc_max_release_speed_avg_prior,0.00038712596916621017
p_hits_per_ip_roll20,0.0003805170162453972
sc_fastball_pct_roll10,0.00037597048282638016
opp_pitcher_walks_roll20,0.0003727908635137087
p_bb_rate_roll5,0.0003724659221589904
p_high_pitch_rate_90_career_prior,0.0003711816149419164
p_hits_per_bf_career_prior,0.0003687445972929873
p_fip_no_hr_roll20,0.0003676236960231653
p_k_per_ip_roll5,0.0003672348741533823
p_high_pitch_rate_100_roll20,0.00036185457435025556
p_strikeouts_std_roll3,0.00036095379841619374
umpire_strikeouts_roll3,0.0003599213363885142
p_pitches_std_roll20,0.00035976450359015373
p_strikes_career_avg_prior,0.0003588799873791486
p_bb_rate_roll20,0.00035835295568206093
sc_breaking_pct_avg_prior,0.00035712968910775824
opp_batting_runs_roll5,0.00034997594501802806
sc_fastball_pct_roll20,0.0003482613079863446
p_bb_per_ip_roll3,0.00034691072459750865
p_hits_allowed_roll3,0.00034308284074958495
sc_breaking_pct_roll10,0.0003373082161820714
p_innings_pitched_roll5,0.0003368006762082578
catcher_csr_avg_prior,0.0003366497461223618
p_k_roll3_vs_roll20,0.00033553378641672027
p_batters_faced_std_roll5,0.00033373553775575045
sc_breaking_pct_roll3,0.0003329729057351027
p_fip_no_hr_roll3,0.0003319188983983891
p_deep_start_rate_6ip_roll20,0.00033127304682603685
sc_offspeed_pct_roll3,0.0003280422416797851
sc_zone_rate_roll3,0.0003279598923778182
p_bb9_roll20,0.0003266864472264935
sc_avg_release_speed_roll5,0.0003212679262249438
n_missing_feats,0.0003145518548481027
umpire_strikeouts_roll10,0.0003137474767735848
umpire_walks_roll3,0.00031189920037795395
sc_csw_rate_roll5,0.00031083840866176016
p_walks_career_avg_prior,0.0003106889954628396
p_k9_roll10,0.00030832914726513567
sc_avg_release_speed_roll20,0.0003054920977586081
p_innings_pitched_min_roll5,0.0002984923270360733
p_high_pitch_rate_100_roll10,0.00029093172868871443
p_innings_pitched_roll10,0.0002897209917423723
p_short_start_rate_under5ip_roll20,0.00028344065670465245
p_walks_roll10,0.0002820689916166923
p_high_pitch_rate_90_roll20,0.00028022957423547184
p_strikes_roll20,0.0002783409690269877
p_batters_faced_roll20,0.00027808874775718333
p_pitches_range_roll3,0.0002774031372388775
p_short_start_rate_under5ip_roll10,0.0002764651932515687
p_pitches_range_roll5,0.00027472976602308587
p_innings_pitched_max_roll5,0.000269254184308268
p_deep_start_rate_6ip_roll5,0.00026598224490798284
p_pitches_min_roll10,0.00025398127667827157
p_low_pitch_rate_under80_roll10,0.000252041736062291
p_bb9_roll3,0.00025034143899783326
p_high_pitch_rate_90_roll10,0.0002502579310864013
opp_batting_hits_roll3,0.0002499007836782927
p_pitches_min_roll3,0.000247051367593006
p_k9_roll3,0.0002465008858179201
p_walks_roll5,0.0002438460367404136
p_bf_per_ip_roll20,0.0002388114335801993
p_innings_pitched_max_roll20,0.0002337780389245814
p_log_season_start_num,0.00023320249037022664
p_bb9_roll10,0.0002310747786861291
sc_velo_x_csw_roll5,0.0002222035489843605
p_k9_roll5,0.00021593225491756487
sc_slider_pct_roll3,0.00020868747229986327
sc_slider_pct_roll10,0.00020408998206579676
p_innings_pitched_roll20,0.00019708618966535763
p_low_pitch_rate_under80_roll3,0.00019459381517450614
p_innings_pitched_min_roll10,0.00018119409392971866
opp_lineup_left_batters_from_batters,0.00017949528835942434
p_bb9_career,0.0001776637330904386
pitcher_starts_ytd,0.0001696087974079882
p_innings_pitched_min_roll3,0.00016502413252489424
p_bb9_roll5,0.00016012653750979727
sc_breaking_pct_roll20,0.00015521581563165618
p_log_expected_bf,0.00015096031356848236
p_strikeouts_trimmed_roll3,0.00013377028953998703
p_walks_roll3,0.00012784660077456967
p_strikeouts_trimmed_roll5,0.00011535370095008808
pitcher_throws_left,0.00010429087456790127
p_short_start_rate_under5ip_roll5,8.717395699886693e-05
pitcher_throws_right,8.172015350326171e-05
p_season_start_num,7.854005207516512e-05
p_high_pitch_rate_100_roll5,7.169403820538846e-05
opp_lineup_opposite_hand_batters,3.745464577634409e-05
p_high_pitch_rate_100_roll3,3.376016004237439e-05
p_short_start_rate_under5ip_roll3,2.6616203912487445e-05
opp_lineup_weighted_breaking_whiff_per_pitch_prior,0.0
opp_lineup_weighted_offspeed_whiff_per_pitch_prior,0.0
opp_lineup_weighted_fastball_whiff_per_swing_prior,0.0
opp_lineup_weighted_slider_whiff_per_swing_prior,0.0
opp_lineup_weighted_breaking_whiff_per_swing_prior,0.0
opp_lineup_weighted_offspeed_whiff_per_swing_prior,0.0
opp_lineup_weighted_fastball_whiff_per_pitch_prior,0.0
opp_lineup_weighted_slider_whiff_per_pitch_prior,0.0
opp_lineup_pitch_mix_whiff_per_swing_roll10,0.0
opp_lineup_pitch_mix_whiff_per_swing_roll3,0.0
park_runs_factor,0.0
park_hits_factor,0.0
opp_lineup_pitch_mix_whiff_per_pitch_roll3,0.0
park_hr_factor,0.0
park_1b_factor,0.0
park_2b_factor,0.0
park_bb_factor,0.0
park_3b_factor,0.0
opp_lineup_pitch_mix_whiff_per_pitch_roll5,0.0
opp_lineup_pitch_mix_whiff_per_swing_roll5,0.0
opp_lineup_pitch_mix_whiff_per_pitch_roll10,0.0
