game_date,pitcher_id,p_model,p_over_close,outcome_over,line
2026-06-01,594798.0,0.7473215184157425,0.5675301807583657,1.0,5.5
2026-06-01,594798.0,0.7579173665495171,0.5675301807583657,1.0,5.5
2026-06-01,594798.0,0.6871233715558756,0.42966541829489535,1.0,6.5
2026-06-01,594798.0,0.6992276051677387,0.42966541829489535,1.0,6.5
2026-06-01,643377.0,0.7237258420244918,0.5523395624590594,1.0,4.5
2026-06-01,643377.0,0.7337122643291901,0.5523395624590594,1.0,4.5
2026-06-01,643377.0,0.5870732035573761,,0.0,5.5
2026-06-01,643377.0,0.5992640877085815,,0.0,5.5
2026-06-01,645261.0,0.6991977159271053,0.5866549644102266,1.0,3.5
2026-06-01,645261.0,0.682306185801129,0.5866549644102266,1.0,3.5
2026-06-01,657746.0,0.6885662732838831,0.5806848681346926,1.0,5.5
2026-06-01,657746.0,0.6689868095548845,0.5806848681346926,1.0,5.5
2026-06-01,657746.0,0.5418035709527513,0.4322671667346763,1.0,6.5
2026-06-01,657746.0,0.5194368632395643,0.4322671667346763,1.0,6.5
2026-06-01,675660.0,0.6507535148664946,0.434279527121195,1.0,3.5
2026-06-01,675660.0,0.6679539419515538,0.434279527121195,1.0,3.5
2026-06-01,676917.0,0.5622233099225573,0.46640266040432987,1.0,5.5
2026-06-01,676917.0,0.5673053843294166,0.46640266040432987,1.0,5.5
2026-06-01,689818.0,0.583872066422913,0.40251390330451303,0.0,4.5
2026-06-01,689818.0,0.5603336570659391,0.40251390330451303,0.0,4.5
2026-06-01,694738.0,0.4895644265894882,0.4661261500851419,0.0,5.5
2026-06-01,694738.0,0.46613403453165464,0.4661261500851419,0.0,5.5
2026-06-01,700241.0,0.574573768417968,0.4949227722142151,0.0,3.5
2026-06-01,700241.0,0.5771868687376875,0.4949227722142151,0.0,3.5
2026-06-02,543135.0,0.742400153739697,0.5442109053783126,1.0,5.5
2026-06-02,543135.0,0.7309409338732406,0.5442109053783126,1.0,5.5
2026-06-02,592332.0,0.41821444681053355,0.44802732795285677,1.0,5.5
2026-06-02,592332.0,0.4569522830755914,0.44802732795285677,1.0,5.5
2026-06-02,605400.0,0.4452666560228468,0.44183015643266027,1.0,5.5
2026-06-02,605400.0,0.4991513273547402,0.44183015643266027,1.0,5.5
2026-06-02,656427.0,0.6993728356712986,0.566048800857138,1.0,4.5
2026-06-02,656427.0,0.6955467674609416,0.566048800857138,1.0,4.5
2026-06-02,656427.0,0.5310607322546957,0.34553893759669935,1.0,5.5
2026-06-02,656427.0,0.5265427100953083,0.34553893759669935,1.0,5.5
2026-06-02,663436.0,0.8267000929745372,,0.0,4.5
2026-06-02,663436.0,0.793802279298537,,0.0,4.5
2026-06-02,663436.0,0.6883469142605215,0.4598215949488327,0.0,5.5
2026-06-02,663436.0,0.64060312858659,0.4598215949488327,0.0,5.5
2026-06-02,669160.0,0.7706249148287591,0.5652033671877584,1.0,4.5
2026-06-02,669160.0,0.783608575020664,0.5652033671877584,1.0,4.5
2026-06-02,669358.0,0.6500166059293293,0.5607931364994035,1.0,4.5
2026-06-02,669358.0,0.668143476171354,0.5607931364994035,1.0,4.5
2026-06-02,669358.0,0.4709993771473392,0.4054905172240692,1.0,5.5
2026-06-02,669358.0,0.49113972181177395,0.4054905172240692,1.0,5.5
2026-06-02,671096.0,0.44572998801282665,0.4282292188220807,1.0,4.5
2026-06-02,671096.0,0.4407073078364428,0.4282292188220807,1.0,4.5
2026-06-02,676282.0,0.5863538698139693,0.5193252348546619,0.0,4.5
2026-06-02,676282.0,0.5916734571894936,0.5193252348546619,0.0,4.5
2026-06-02,681190.0,0.594969877876635,0.5333845384793368,0.0,3.5
2026-06-02,681190.0,0.560382887314634,0.5333845384793368,0.0,3.5
2026-06-02,686790.0,0.6568053401827905,0.517762724938835,0.0,4.5
2026-06-02,686790.0,0.6433246237802388,0.517762724938835,0.0,4.5
2026-06-02,687570.0,0.6015109305706123,0.550031644447462,1.0,4.5
2026-06-02,687570.0,0.6183466627661596,0.550031644447462,1.0,4.5
2026-06-02,690986.0,0.43732443758083894,0.5399609974699846,1.0,6.5
2026-06-02,690986.0,0.46321182431710817,0.5399609974699846,1.0,6.5
2026-06-02,690986.0,0.23839024359971622,0.4321733872943698,1.0,7.5
2026-06-02,690986.0,0.25789915027012966,0.4321733872943698,1.0,7.5
2026-06-02,693645.0,0.6044396094245373,0.47058905511561744,0.0,6.5
2026-06-02,693645.0,0.5707775008418525,0.47058905511561744,0.0,6.5
2026-06-02,693821.0,0.4064190299834651,0.42759229695666595,1.0,4.5
2026-06-02,693821.0,0.39827102262587866,0.42759229695666595,1.0,4.5
2026-06-02,702070.0,0.40334512690420204,0.429108386096677,1.0,5.5
2026-06-02,702070.0,0.4029607082954277,0.429108386096677,1.0,5.5
2026-06-02,813349.0,0.6061062080391721,0.5478543963491221,1.0,5.5
2026-06-03,543037.0,0.6748158340078625,0.4941612449070745,0.0,5.5
2026-06-03,543037.0,0.6435017698037324,0.4941612449070745,0.0,5.5
2026-06-03,571578.0,0.4199851248086745,0.5455970143855486,0.0,3.5
2026-06-03,571578.0,0.41641974318098657,0.5455970143855486,0.0,3.5
2026-06-03,607200.0,0.479439823926553,0.40611834442875283,0.0,3.5
2026-06-03,607200.0,0.503385895554438,0.40611834442875283,0.0,3.5
2026-06-03,607259.0,0.5440847461441658,0.43072135934424716,0.0,4.5
2026-06-03,607259.0,0.5201210384852166,0.43072135934424716,0.0,4.5
2026-06-03,621111.0,0.6924567757807177,0.5698223899399493,1.0,3.5
2026-06-03,621111.0,0.7041132681514295,0.5698223899399493,1.0,3.5
2026-06-03,621111.0,0.5278042236751795,0.38961038961038963,1.0,4.5
2026-06-03,621111.0,0.5415698432652587,0.38961038961038963,1.0,4.5
2026-06-03,642547.0,0.5083931889550917,0.5670257738988136,1.0,5.5
2026-06-03,642547.0,0.5334084558596972,0.5670257738988136,1.0,5.5
2026-06-03,642547.0,0.353682620487835,0.42766090948119284,0.0,6.5
2026-06-03,642547.0,0.3769220083592689,0.42766090948119284,0.0,6.5
2026-06-03,650911.0,0.634230283307231,0.5711835334476844,1.0,6.5
2026-06-03,650911.0,0.6394636465295502,0.5711835334476844,1.0,6.5
2026-06-03,650911.0,0.47269050124434775,0.44146966676160637,1.0,7.5
2026-06-03,650911.0,0.47833407475524053,0.44146966676160637,1.0,7.5
2026-06-03,656550.0,0.5953971214742093,0.49600638977635786,0.0,4.5
2026-06-03,656550.0,0.5959149584152903,0.49600638977635786,0.0,4.5
2026-06-03,657277.0,0.38112358378723205,0.44971518138197614,0.0,5.5
2026-06-03,657277.0,0.3742162658548666,0.44971518138197614,0.0,5.5
2026-06-03,663568.0,0.5175684776929607,0.4597061588269632,1.0,4.5
2026-06-03,663568.0,0.5171225359449316,0.4597061588269632,1.0,4.5
2026-06-03,668909.0,0.6201533785369573,0.5644790590831862,0.0,6.5
2026-06-03,668909.0,0.6234162414907065,0.5644790590831862,0.0,6.5
2026-06-03,669022.0,0.5885908661388686,0.4369039271656168,0.0,5.5
2026-06-03,669022.0,0.61552916933393,0.4369039271656168,0.0,5.5
2026-06-03,669467.0,0.7534313964700972,0.5869180567261649,1.0,3.5
2026-06-03,669467.0,0.7524044370174175,0.5869180567261649,1.0,3.5
2026-06-03,669923.0,0.5722177354232973,0.5060362259790544,0.0,5.5
2026-06-03,669923.0,0.5705726673599191,0.5060362259790544,0.0,5.5
2026-06-03,671737.0,0.758945195775278,0.5538046049910501,0.0,5.5
2026-06-03,671737.0,0.7435666625101752,0.5538046049910501,0.0,5.5
2026-06-03,671737.0,0.6222775378490266,,0.0,6.5
2026-06-03,671737.0,0.6027438251120978,,0.0,6.5
2026-06-03,674841.0,0.530395563408261,,1.0,3.5
2026-06-03,674841.0,0.5012653022920679,,1.0,3.5
2026-06-03,674841.0,0.35659509969004005,0.4613274632922909,1.0,4.5
2026-06-03,674841.0,0.3302964857452801,0.4613274632922909,1.0,4.5
2026-06-03,675512.0,0.6818538933565885,0.47146975301156113,1.0,3.5
2026-06-03,675512.0,0.6552510474627631,0.47146975301156113,1.0,3.5
2026-06-03,676974.0,0.6216011366107677,0.4926419783887946,1.0,5.5
2026-06-03,676974.0,0.6283963250183816,0.4926419783887946,1.0,5.5
2026-06-03,688107.0,0.3019933656258628,0.437338686550043,1.0,4.5
2026-06-03,688107.0,0.30032617226497005,0.437338686550043,1.0,4.5
2026-06-03,695505.0,0.6003563853487097,0.5414550823156166,1.0,6.5
2026-06-03,695505.0,0.6049123401778034,0.5414550823156166,1.0,6.5
2026-06-04,519242.0,0.3862821497455228,0.43622527603262906,0.0,7.5
2026-06-04,519242.0,0.39005223466096967,0.43622527603262906,0.0,7.5
2026-06-04,554430.0,0.40275656181725594,0.5025205215181032,1.0,6.5
2026-06-04,554430.0,0.4037358201506176,0.5025205215181032,1.0,6.5
2026-06-04,605288.0,0.5807131013144529,0.5111743774441239,1.0,3.5
2026-06-04,605288.0,0.6153340777156088,0.5111743774441239,1.0,3.5
2026-06-04,607074.0,0.4352969126978791,0.4262679300703812,1.0,5.5
2026-06-04,607074.0,0.46373734032057234,0.4262679300703812,1.0,5.5
2026-06-04,607625.0,0.527065492378173,0.5357144330264312,0.0,4.5
2026-06-04,607625.0,0.5175165886370151,0.5357144330264312,0.0,4.5
2026-06-04,608337.0,0.5843588888726688,0.5461201412294641,1.0,3.5
2026-06-04,608337.0,0.6289538746992316,0.5461201412294641,1.0,3.5
2026-06-04,669432.0,0.441791127029537,0.44139774534190385,0.0,4.5
2026-06-04,669432.0,0.4560422428767948,0.44139774534190385,0.0,4.5
2026-06-04,677944.0,0.5137810834978749,0.4326770678938307,0.0,4.5
2026-06-04,677944.0,0.5252175179059327,0.4326770678938307,0.0,4.5
2026-06-04,678394.0,0.6849847397313031,0.5815544137407779,1.0,3.5
2026-06-04,678394.0,0.6801572484400144,0.5815544137407779,1.0,3.5
2026-06-04,678394.0,0.5355739861469725,0.4165029469548134,0.0,4.5
2026-06-04,678394.0,0.5300277833101296,0.4165029469548134,0.0,4.5
2026-06-05,527048.0,0.48701336695724123,0.5259314773253891,1.0,4.5
2026-06-05,527048.0,0.44711833822511055,0.5259314773253891,1.0,4.5
2026-06-05,543243.0,0.47245372859844104,0.46703624794664733,0.0,5.5
2026-06-05,543243.0,0.4429827180618654,0.46703624794664733,0.0,5.5
2026-06-05,592662.0,0.4974071030803709,0.5310549445388825,0.0,4.5
2026-06-05,592662.0,0.5181053370518481,0.5310549445388825,0.0,4.5
2026-06-05,641743.0,0.5383261920761362,0.45209080891886494,0.0,4.5
2026-06-05,641743.0,0.4998701156205928,0.45209080891886494,0.0,4.5
2026-06-05,656605.0,0.4813054117481598,0.5834970530451867,1.0,3.5
2026-06-05,656605.0,0.5004215746361113,0.5834970530451867,1.0,3.5
2026-06-05,656605.0,0.412622023623432,0.4342829066793151,0.0,4.5
2026-06-05,656605.0,0.43127844724129705,0.4342829066793151,0.0,4.5
2026-06-05,656876.0,0.5520278829517724,0.5114063895971132,1.0,4.5
2026-06-05,656876.0,0.5658109961127491,0.5114063895971132,1.0,4.5
2026-06-05,664285.0,0.6297104362211434,0.5616083038824267,1.0,4.5
2026-06-05,664285.0,0.647732873443562,0.5616083038824267,1.0,4.5
2026-06-05,664285.0,0.4766779818284999,,0.0,5.5
2026-06-05,664285.0,0.4961895760065399,,0.0,5.5
2026-06-05,666200.0,0.4821039917818285,0.501673580289201,0.0,6.5
2026-06-05,666200.0,0.48369089702754436,0.501673580289201,0.0,6.5
2026-06-05,677960.0,0.37504945459099637,0.42913975497657003,0.0,6.5
2026-06-05,677960.0,0.3579661800148152,0.42913975497657003,0.0,6.5
2026-06-05,687064.0,0.5962815508782964,0.5610714200699166,1.0,3.5
2026-06-05,687064.0,0.5883449797568968,0.5610714200699166,1.0,3.5
2026-06-05,687064.0,0.42922642733541394,,0.0,4.5
2026-06-05,687064.0,0.42119360994018457,,0.0,4.5
2026-06-05,693433.0,0.5728669913277173,0.5455397216624421,1.0,5.5
2026-06-05,693433.0,0.5783342095209328,0.5455397216624421,1.0,5.5
2026-06-05,702056.0,0.6251171507955317,,0.0,5.5
2026-06-05,702056.0,0.6284973658123774,,0.0,5.5
2026-06-05,702056.0,0.4428638316086525,0.43181217133371935,0.0,6.5
2026-06-05,702056.0,0.44643213766470513,0.43181217133371935,0.0,6.5
2026-06-06,593958.0,0.5552261938564581,0.4686664878470346,1.0,4.5
2026-06-06,593958.0,0.5890858253614336,0.4686664878470346,1.0,4.5
2026-06-06,641793.0,0.5370356658841089,0.4119923807257997,1.0,3.5
2026-06-06,641793.0,0.5933822992409116,0.4119923807257997,1.0,3.5
2026-06-06,657746.0,0.591590551969967,0.5728294904539364,0.0,5.5
2026-06-06,657746.0,0.5655845339005755,0.5728294904539364,0.0,5.5
2026-06-06,657746.0,0.41803229416455395,0.41690830577554333,0.0,6.5
2026-06-06,657746.0,0.3923267189487968,0.41690830577554333,0.0,6.5
2026-06-06,663556.0,0.6222332294278707,0.5665108372290693,1.0,4.5
2026-06-06,663556.0,0.6020349467292893,0.5665108372290693,1.0,4.5
2026-06-06,663556.0,0.4358408566587294,0.44211451316619116,1.0,5.5
2026-06-06,663556.0,0.4150455018937698,0.44211451316619116,1.0,5.5
2026-06-06,666157.0,0.683369732539142,0.5391098637940631,0.0,4.5
2026-06-06,666157.0,0.6908113996304871,0.5391098637940631,0.0,4.5
2026-06-06,666157.0,0.45794400031587595,0.42367399741267786,0.0,5.5
2026-06-06,666157.0,0.4665479680338276,0.42367399741267786,0.0,5.5
2026-06-06,669461.0,0.6175521476512429,0.5519232842446705,0.0,4.5
2026-06-06,669461.0,0.5858006014919712,0.5519232842446705,0.0,4.5
2026-06-06,669461.0,0.46444868434313563,0.4176935633581922,0.0,5.5
2026-06-06,669461.0,0.43168372701164104,0.4176935633581922,0.0,5.5
2026-06-06,672456.0,0.6700816311363348,0.593321793851183,0.0,3.5
2026-06-06,672456.0,0.6518049887781324,0.593321793851183,0.0,3.5
2026-06-06,672456.0,0.4881034383226206,0.4162993010694264,0.0,4.5
2026-06-06,672456.0,0.4677531228944922,0.4162993010694264,0.0,4.5
2026-06-06,675911.0,0.5655695098092689,0.450499936238124,0.0,6.5
2026-06-06,675911.0,0.49870056466573826,0.450499936238124,0.0,6.5
2026-06-06,676440.0,0.6790618117715916,0.5866096990416154,0.0,4.5
2026-06-06,676440.0,0.6543946234880231,0.5866096990416154,0.0,4.5
2026-06-06,676440.0,0.5177534394353717,0.41228925994923904,0.0,5.5
2026-06-06,676440.0,0.48999958048678266,0.41228925994923904,0.0,5.5
2026-06-06,676962.0,0.7907135284597174,,1.0,4.5
2026-06-06,676962.0,0.7553393636348993,,1.0,4.5
2026-06-06,676962.0,0.6589223904353889,0.44339848140005733,0.0,5.5
2026-06-06,676962.0,0.6121975608136592,0.44339848140005733,0.0,5.5
2026-06-06,677952.0,0.779313230582399,0.503193776097566,0.0,5.5
2026-06-06,677952.0,0.7715043941170691,0.503193776097566,0.0,5.5
2026-06-06,679883.0,0.7530324064742754,0.5361295840578084,0.0,3.5
2026-06-06,679883.0,0.7348363341776293,0.5361295840578084,0.0,3.5
2026-06-06,680694.0,0.5850639240626535,0.5707432269434783,0.0,4.5
2026-06-06,680694.0,0.5673460552390336,0.5707432269434783,0.0,4.5
2026-06-06,680694.0,0.5088039953149159,0.4074251259903852,0.0,5.5
2026-06-06,680694.0,0.4906646405559264,0.4074251259903852,0.0,5.5
2026-06-06,682243.0,0.7152979936474185,0.5479752573957057,1.0,4.5
2026-06-06,682243.0,0.70790195516756,0.5479752573957057,1.0,4.5
2026-06-06,683004.0,0.5323371215225616,0.4436416869928273,0.0,5.5
2026-06-06,683004.0,0.5269099474197058,0.4436416869928273,0.0,5.5
2026-06-06,691725.0,0.6778986906509518,0.580571484529578,1.0,3.5
2026-06-06,691725.0,0.7051380774096729,0.580571484529578,1.0,3.5
2026-06-06,694738.0,0.6728602976792892,0.5704818841348384,1.0,4.5
2026-06-06,694738.0,0.6746452443789639,0.5704818841348384,1.0,4.5
2026-06-06,694738.0,0.513910696686161,0.41341421751015484,0.0,5.5
2026-06-06,694738.0,0.5159389908865075,0.41341421751015484,0.0,5.5
2026-06-06,837227.0,0.6117138541160583,0.5781966868946343,1.0,4.5
2026-06-06,837227.0,0.6217006589234529,0.5781966868946343,1.0,4.5
2026-06-06,837227.0,0.44952442857583924,0.4040988128612645,1.0,5.5
2026-06-06,837227.0,0.4600002838389062,0.4040988128612645,1.0,5.5
2026-06-07,592332.0,0.5062373684453669,0.5594871427548169,0.0,5.5
2026-06-07,592332.0,0.480764571917957,0.5594871427548169,0.0,5.5
2026-06-07,592332.0,0.4339354720834245,0.4344135333506465,0.0,6.5
2026-06-07,592332.0,0.4090865748882377,0.4344135333506465,0.0,6.5
2026-06-07,594798.0,0.9004499437612025,0.7370242214532872,1.0,4.5
2026-06-07,594798.0,0.8954833438070551,0.7370242214532872,1.0,4.5
2026-06-07,594798.0,0.8178330091991711,0.5795773853772498,1.0,5.5
2026-06-07,594798.0,0.8096160908105947,0.5795773853772498,1.0,5.5
2026-06-07,594798.0,0.6744086028441607,0.4032815125622252,0.0,6.5
2026-06-07,594798.0,0.6623929117162412,0.4032815125622252,0.0,6.5
2026-06-07,594798.0,0.5243494669529711,0.2629757785467128,0.0,7.5
2026-06-07,594798.0,0.5108128554656245,0.2629757785467128,0.0,7.5
2026-06-07,605400.0,0.5973176802403423,0.4478802070077446,0.0,5.5
2026-06-07,605400.0,0.5846382787423317,0.4478802070077446,0.0,5.5
2026-06-07,607536.0,0.45980785207051394,0.500221593146683,0.0,3.5
2026-06-07,607536.0,0.46152189309689545,0.500221593146683,0.0,3.5
2026-06-07,622491.0,0.6962263798751881,0.4686354332463755,1.0,4.5
2026-06-07,622491.0,0.6819114324985961,0.4686354332463755,1.0,4.5
2026-06-07,624133.0,0.572521508688414,,1.0,4.5
2026-06-07,624133.0,0.595668709933213,,1.0,4.5
2026-06-07,624133.0,0.3907192430353445,0.428414760314317,1.0,5.5
2026-06-07,624133.0,0.4136282959152498,0.428414760314317,1.0,5.5
2026-06-07,643377.0,0.7181409973180801,0.6333530455351862,1.0,3.5
2026-06-07,643377.0,0.7002010451403787,0.6333530455351862,1.0,3.5
2026-06-07,643377.0,0.5407148803059888,0.45868868839196414,0.0,4.5
2026-06-07,643377.0,0.5190451202326706,0.45868868839196414,0.0,4.5
2026-06-07,645261.0,0.4974144089190647,0.4617989973931118,1.0,4.5
2026-06-07,645261.0,0.5076955095215344,0.4617989973931118,1.0,4.5
2026-06-07,647336.0,0.6323656693163547,0.5709263748556024,1.0,4.5
2026-06-07,647336.0,0.6554612748083187,0.5709263748556024,1.0,4.5
2026-06-07,656427.0,0.5712916503853834,0.5602201255222967,1.0,5.5
2026-06-07,656427.0,0.6065597088478113,0.5602201255222967,1.0,5.5
2026-06-07,656427.0,0.34081200321501576,0.4554079696394686,1.0,6.5
2026-06-07,656427.0,0.37427342019508947,0.4554079696394686,1.0,6.5
2026-06-07,667755.0,0.5917866779519365,0.4580449381321485,0.0,5.5
2026-06-07,667755.0,0.5683819862684004,0.4580449381321485,0.0,5.5
2026-06-07,669358.0,0.6368858788561175,0.5452754038438283,0.0,4.5
2026-06-07,669358.0,0.653381553066553,0.5452754038438283,0.0,4.5
2026-06-07,669358.0,0.46275744228088456,0.39785977076241874,0.0,5.5
2026-06-07,669358.0,0.4807137489940068,0.39785977076241874,0.0,5.5
2026-06-07,675660.0,0.832729447281321,0.5682953477519453,1.0,3.5
2026-06-07,675660.0,0.8105390986331876,0.5682953477519453,1.0,3.5
2026-06-07,675660.0,0.6541222312494631,0.4171177482009807,0.0,4.5
2026-06-07,675660.0,0.6190763086257497,0.4171177482009807,0.0,4.5
2026-06-07,676282.0,0.7735040660345702,0.7542533081285445,1.0,3.5
2026-06-07,676282.0,0.7561212039639532,0.7542533081285445,1.0,3.5
2026-06-07,676282.0,0.6227340740841111,0.5800855652581609,1.0,4.5
2026-06-07,676282.0,0.5997673089373343,0.5800855652581609,1.0,4.5
2026-06-07,676282.0,0.44251234908066495,0.4258677836202815,1.0,5.5
2026-06-07,676282.0,0.41881359680814056,0.4258677836202815,1.0,5.5
2026-06-07,676282.0,0.2927915743911431,0.27027027027027023,1.0,6.5
2026-06-07,676282.0,0.2731819664833962,0.27027027027027023,1.0,6.5
2026-06-07,681190.0,0.5480628700319649,0.5557821448695043,0.0,3.5
2026-06-07,681190.0,0.5613156637850043,0.5557821448695043,0.0,3.5
2026-06-07,681347.0,0.4378281734559216,0.4323548255454844,0.0,5.5
2026-06-07,681347.0,0.44530855383964396,0.4323548255454844,0.0,5.5
2026-06-07,687570.0,0.5687673828178109,0.5148737077425214,1.0,4.5
2026-06-07,687570.0,0.5569875494324367,0.5148737077425214,1.0,4.5
2026-06-07,693645.0,0.7042651969320775,0.5751633986928104,0.0,5.5
2026-06-07,693645.0,0.6921867206378169,0.5751633986928104,0.0,5.5
2026-06-07,693645.0,0.5421468078690423,0.4228270299360057,0.0,6.5
2026-06-07,693645.0,0.5278857214125571,0.4228270299360057,0.0,6.5
2026-06-07,693821.0,0.5208548725151233,0.5519278438339407,0.0,4.5
2026-06-07,693821.0,0.5103265745202761,0.5519278438339407,0.0,4.5
2026-06-07,695611.0,0.5980095396734876,0.5261204563242193,0.0,4.5
2026-06-07,695611.0,0.6008584833962531,0.5261204563242193,0.0,4.5
2026-06-07,700241.0,0.5904436025602107,0.5823325060197827,1.0,3.5
2026-06-07,700241.0,0.5920580704013797,0.5823325060197827,1.0,3.5
2026-06-07,700241.0,0.4243808608201628,,1.0,4.5
2026-06-07,700241.0,0.42601357454114497,,1.0,4.5
2026-06-07,702070.0,0.5941254378434104,0.5291566598098086,1.0,4.5
2026-06-07,702070.0,0.5937748409562186,0.5291566598098086,1.0,4.5
2026-06-08,650911.0,0.6072568971281871,0.43278078056327307,1.0,6.5
2026-06-08,650911.0,0.5997837163065569,0.43278078056327307,1.0,6.5
2026-06-08,668909.0,0.6394695931153929,0.5542027021155601,0.0,6.5
2026-06-08,668909.0,0.635442482108017,0.5542027021155601,0.0,6.5
2026-06-08,676106.0,0.5709309471190713,,0.0,4.5
2026-06-08,676106.0,0.5844463864295933,,0.0,4.5
2026-06-08,676106.0,0.34449482621561117,0.4424699957088554,0.0,5.5
2026-06-08,676106.0,0.35711130072941827,0.4424699957088554,0.0,5.5
2026-06-08,694346.0,0.4209753032619698,0.540719367722981,0.0,3.5
2026-06-08,694346.0,0.4362980361802132,0.540719367722981,0.0,3.5
2026-06-08,701542.0,0.6305031272798379,0.45503542332955654,1.0,4.5
2026-06-08,701542.0,0.6119321921148736,0.45503542332955654,1.0,4.5
2026-06-08,813349.0,0.6746827680732805,0.5668224522830203,1.0,4.5
2026-06-08,813349.0,0.6670079899621302,0.5668224522830203,1.0,4.5
2026-06-08,813349.0,0.44559782026458034,0.3959708232025009,1.0,5.5
2026-06-08,813349.0,0.4370281896211857,0.3959708232025009,1.0,5.5
2026-06-09,543037.0,0.7479339112018356,0.5510827715157103,0.0,4.5
2026-06-09,543037.0,0.7433581166317008,0.5510827715157103,0.0,4.5
2026-06-09,543135.0,0.7433239125920074,0.5665108372290693,0.0,4.5
2026-06-09,543135.0,0.698616858081077,0.5665108372290693,0.0,4.5
2026-06-09,543135.0,0.5763984858477259,0.4128277122124092,0.0,5.5
2026-06-09,543135.0,0.5213393265025523,0.4128277122124092,0.0,5.5
2026-06-09,554430.0,0.5062355239511885,0.5245807092080196,0.0,5.5
2026-06-09,554430.0,0.510374055532068,0.5245807092080196,0.0,5.5
2026-06-09,607259.0,0.5364755531454443,0.47775793691493595,0.0,3.5
2026-06-09,607259.0,0.5305207065087812,0.47775793691493595,0.0,3.5
2026-06-09,641778.0,0.5923757440717232,0.5403972927035223,1.0,3.5
2026-06-09,641778.0,0.6046086520815577,0.5403972927035223,1.0,3.5
2026-06-09,641778.0,0.4074788106714865,,1.0,4.5
2026-06-09,641778.0,0.4198260129636089,,1.0,4.5
2026-06-09,642547.0,0.5706027206139288,0.5602640337913221,0.0,5.5
2026-06-09,642547.0,0.6061727715867136,0.5602640337913221,0.0,5.5
2026-06-09,642547.0,0.3421553053541696,0.4267425320056899,0.0,6.5
2026-06-09,642547.0,0.37595288267211563,0.4267425320056899,0.0,6.5
2026-06-09,656302.0,0.5914995033434776,0.5597513294154459,1.0,6.5
2026-06-09,656302.0,0.6233498612393475,0.5597513294154459,1.0,6.5
2026-06-09,663568.0,0.6721467010045161,0.5505853859000583,0.0,3.5
2026-06-09,663568.0,0.6719811609843264,0.5505853859000583,0.0,3.5
2026-06-09,668678.0,0.445951387847239,0.4218409971383095,0.0,4.5
2026-06-09,668678.0,0.4432501425428208,0.4218409971383095,0.0,4.5
2026-06-09,669160.0,0.7723601763402314,0.6063594451708787,1.0,4.5
2026-06-09,669160.0,0.7678675842398301,0.6063594451708787,1.0,4.5
2026-06-09,669160.0,0.6310757002139306,0.4295155520495974,1.0,5.5
2026-06-09,669160.0,0.6251480501531737,0.4295155520495974,1.0,5.5
2026-06-09,669302.0,0.4759229860138555,0.47868058363065846,0.0,6.5
2026-06-09,669302.0,0.47716521349058527,0.47868058363065846,0.0,6.5
2026-06-09,669432.0,0.4928151065776938,0.5974722419188222,0.0,4.5
2026-06-09,669432.0,0.48775802278057256,0.5974722419188222,0.0,4.5
2026-06-09,669432.0,0.273846225291046,0.42794238609541524,0.0,5.5
2026-06-09,669432.0,0.2698406455177693,0.42794238609541524,0.0,5.5
2026-06-09,671737.0,0.7170890628135287,0.4962189883637933,0.0,5.5
2026-06-09,671737.0,0.6711732094900135,0.4962189883637933,0.0,5.5
2026-06-09,675512.0,0.7008725835340862,0.579913952127542,1.0,3.5
2026-06-09,675512.0,0.679097289313232,0.579913952127542,1.0,3.5
2026-06-09,675512.0,0.5439038268027044,0.4059040590405904,1.0,4.5
2026-06-09,675512.0,0.5185511486161597,0.4059040590405904,1.0,4.5
2026-06-09,676974.0,0.5739344917080123,0.5136656263132604,0.0,5.5
2026-06-09,676974.0,0.5508675689903141,0.5136656263132604,0.0,5.5
2026-06-09,677944.0,0.5677796944172387,0.47584159844290047,1.0,4.5
2026-06-09,677944.0,0.5739807673789088,0.47584159844290047,1.0,4.5
2026-06-09,694973.0,0.4496332191032662,0.5052676020462502,1.0,6.5
2026-06-09,694973.0,0.4730848237395957,0.5052676020462502,1.0,6.5
2026-06-09,801139.0,0.6829617746589213,0.5782444689174613,0.0,4.5
2026-06-09,801139.0,0.6646924292377451,0.5782444689174613,0.0,4.5
2026-06-09,801139.0,0.6173230894268524,0.42489881535766855,0.0,5.5
2026-06-09,801139.0,0.5975004658508065,0.42489881535766855,0.0,5.5
2026-06-10,519242.0,0.5023050550620356,0.4800072373352012,0.0,7.5
2026-06-10,519242.0,0.4732588785258267,0.4800072373352012,0.0,7.5
2026-06-10,592662.0,0.4743421826536902,0.5665108372290693,0.0,4.5
2026-06-10,592662.0,0.4811092721311747,0.5665108372290693,0.0,4.5
2026-06-10,592662.0,0.40354602297052655,0.4157660437208438,0.0,5.5
2026-06-10,592662.0,0.4100910630191715,0.4157660437208438,0.0,5.5
2026-06-10,607074.0,0.4723055369756638,0.4996247170539302,1.0,5.5
2026-06-10,607074.0,0.4744630707608331,0.4996247170539302,1.0,5.5
2026-06-10,650633.0,0.5733814487951755,,0.0,5.5
2026-06-10,650633.0,0.5569808274795435,,0.0,5.5
2026-06-10,650633.0,0.3967138263250096,0.4413369918530698,0.0,6.5
2026-06-10,650633.0,0.3808552696148506,0.4413369918530698,0.0,6.5
2026-06-10,656492.0,0.6508214028896606,0.5783772605197484,1.0,4.5
2026-06-10,656492.0,0.6488573006320607,0.5783772605197484,1.0,4.5
2026-06-10,656492.0,0.4666204906916339,0.40921947175888407,0.0,5.5
2026-06-10,656492.0,0.4644728385792164,0.40921947175888407,0.0,5.5
2026-06-10,656876.0,0.6670084226313017,0.5676531277232281,1.0,4.5
2026-06-10,656876.0,0.6866510982875156,0.5676531277232281,1.0,4.5
2026-06-10,656876.0,0.4866327503231126,,1.0,5.5
2026-06-10,656876.0,0.5090844524120148,,1.0,5.5
2026-06-10,660271.0,0.6284896227979002,0.4742681493562217,0.0,6.5
2026-06-10,660271.0,0.6211680759514918,0.4742681493562217,0.0,6.5
2026-06-10,663436.0,0.6635975040542329,0.5185363863409207,1.0,4.5
2026-06-10,663436.0,0.6466710315557653,0.5185363863409207,1.0,4.5
2026-06-10,663903.0,0.6095983292662023,,1.0,3.5
2026-06-10,663903.0,0.6036651828479956,,1.0,3.5
2026-06-10,663903.0,0.4269673681744335,0.4406730763338224,1.0,4.5
2026-06-10,663903.0,0.4208953818484273,0.4406730763338224,1.0,4.5
2026-06-10,664285.0,0.6763495240376428,0.5662587026537725,0.0,4.5
2026-06-10,664285.0,0.6365988505198115,0.5662587026537725,0.0,4.5
2026-06-10,664285.0,0.518161301439077,0.41540256709451573,0.0,5.5
2026-06-10,664285.0,0.4740891655001403,0.41540256709451573,0.0,5.5
2026-06-10,666200.0,0.5349447481378694,0.48610214597359286,1.0,5.5
2026-06-10,666200.0,0.5431025147892291,0.48610214597359286,1.0,5.5
2026-06-10,669022.0,0.6234255825356467,0.5306600505449617,1.0,4.5
2026-06-10,669022.0,0.6344238756944245,0.5306600505449617,1.0,4.5
2026-06-10,669022.0,0.4673603909783987,0.37974683544303806,1.0,5.5
2026-06-10,669022.0,0.4791083426758893,0.37974683544303806,1.0,5.5
2026-06-10,669194.0,0.4078599840209043,0.44092469128361644,0.0,4.5
2026-06-10,669194.0,0.4022616945345494,0.44092469128361644,0.0,4.5
2026-06-10,669467.0,0.7074716325549855,0.5677851775619616,1.0,3.5
2026-06-10,669467.0,0.7116209488047743,0.5677851775619616,1.0,3.5
2026-06-10,669923.0,0.666768267133099,0.580056749087961,1.0,4.5
2026-06-10,669923.0,0.6817283918738226,0.580056749087961,1.0,4.5
2026-06-10,669923.0,0.5990599276834405,0.41761611907563545,1.0,5.5
2026-06-10,669923.0,0.6153059890172747,0.41761611907563545,1.0,5.5
2026-06-10,683003.0,0.7061655325073286,0.5668217647438704,0.0,4.5
2026-06-10,683003.0,0.7241482515535218,0.5668217647438704,0.0,4.5
2026-06-10,687064.0,0.5362767128786083,0.5012277267749786,1.0,4.5
2026-06-10,687064.0,0.5579250708493712,0.5012277267749786,1.0,4.5
2026-06-10,687562.0,0.32015265224200445,0.3902784458340014,1.0,3.5
2026-06-10,687562.0,0.319702355593153,0.3902784458340014,1.0,3.5
2026-06-10,800048.0,0.5114351270276921,0.4680048731332372,0.0,5.5
2026-06-10,800048.0,0.4969894924409612,0.4680048731332372,0.0,5.5
2026-06-11,518876.0,0.5908832835776497,0.5834970530451867,0.0,3.5
2026-06-11,518876.0,0.571688622473534,0.5834970530451867,0.0,3.5
2026-06-11,518876.0,0.4068320458142805,0.4197693514527262,0.0,4.5
2026-06-11,518876.0,0.3879467632320319,0.4197693514527262,0.0,4.5
2026-06-11,608379.0,0.5073371275636258,0.46326028491155957,0.0,4.5
2026-06-11,608379.0,0.4847551213209661,0.46326028491155957,0.0,4.5
2026-06-11,656605.0,0.6269421034016854,0.5834970530451867,0.0,3.5
2026-06-11,656605.0,0.6066039011827519,0.5834970530451867,0.0,3.5
2026-06-11,656605.0,0.4436695093229003,0.42322823049968455,0.0,4.5
2026-06-11,656605.0,0.42254266858048956,0.42322823049968455,0.0,4.5
2026-06-11,663372.0,0.6307158092149513,0.49068068181166713,0.0,3.5
2026-06-11,663372.0,0.6284647299762992,0.49068068181166713,0.0,3.5
2026-06-11,665795.0,0.7273692116639693,0.5068515668080797,1.0,4.5
2026-06-11,665795.0,0.723224499459258,0.5068515668080797,1.0,4.5
2026-06-11,672456.0,0.5963682312498146,0.540362615786503,1.0,3.5
2026-06-11,672456.0,0.5871087070295484,0.540362615786503,1.0,3.5
2026-06-11,677958.0,0.5411419998542392,0.5451403366900078,0.0,3.5
2026-06-11,677958.0,0.5582301138514005,0.5451403366900078,0.0,3.5
2026-06-11,680694.0,0.5663833388857679,0.46076397986953127,0.0,5.5
2026-06-11,680694.0,0.5832734929836807,0.46076397986953127,0.0,5.5
2026-06-11,680736.0,0.591750498015334,0.5540535405934536,0.0,4.5
2026-06-11,680736.0,0.5833548127346161,0.5540535405934536,0.0,4.5
2026-06-11,681035.0,0.6362584538943061,,1.0,4.5
2026-06-11,681035.0,0.6506379398914812,,1.0,4.5
2026-06-11,681035.0,0.44779012146893665,0.44233151848082136,1.0,5.5
2026-06-11,681035.0,0.4633358524451852,0.44233151848082136,1.0,5.5
2026-06-11,690928.0,0.6041839681211026,0.4910009393793933,1.0,3.5
2026-06-11,690928.0,0.6136555975943585,0.4910009393793933,1.0,3.5
2026-06-11,693433.0,0.5541363216747723,0.5481788842784694,0.0,5.5
2026-06-11,693433.0,0.5608520069475895,0.5481788842784694,0.0,5.5
2026-06-11,693433.0,0.4831107735005855,0.4302708232238047,0.0,6.5
2026-06-11,693433.0,0.489911496299342,0.4302708232238047,0.0,6.5
2026-06-11,805673.0,0.71469902292057,0.5520904511227932,0.0,4.5
2026-06-11,805673.0,0.6924813079701804,0.5520904511227932,0.0,4.5
2026-06-12,543243.0,0.44817330731216243,0.4116217187343437,1.0,5.5
2026-06-12,543243.0,0.46477767156099836,0.4116217187343437,1.0,5.5
2026-06-12,641743.0,0.5527996085882693,0.4531961599193253,1.0,3.5
2026-06-12,641743.0,0.5876376144022482,0.4531961599193253,1.0,3.5
2026-06-12,645261.0,0.5159230238594005,0.4599982297730237,1.0,4.5
2026-06-12,645261.0,0.5319945442069438,0.4599982297730237,1.0,4.5
2026-06-12,656288.0,0.5136961676162363,0.4789355523983045,1.0,4.5
2026-06-12,656288.0,0.5395245260540279,0.4789355523983045,1.0,4.5
2026-06-12,666157.0,0.5874446269990945,0.5066718079967646,1.0,4.5
2026-06-12,666157.0,0.5600199416666113,0.5066718079967646,1.0,4.5
2026-06-12,669358.0,0.6917573836391918,0.5466156692000197,0.0,4.5
2026-06-12,669358.0,0.692971024510876,0.5466156692000197,0.0,4.5
2026-06-12,669358.0,0.521675726950698,0.4116867136466161,0.0,5.5
2026-06-12,669358.0,0.5230973595830569,0.4116867136466161,0.0,5.5
2026-06-12,676440.0,0.5563046565083878,0.5715249662618084,1.0,4.5
2026-06-12,676440.0,0.59095275499355,0.5715249662618084,1.0,4.5
2026-06-12,676440.0,0.4830756404203104,0.4210526944834102,1.0,5.5
2026-06-12,676440.0,0.5184926050463984,0.4210526944834102,1.0,5.5
2026-06-12,677952.0,0.7342666433604069,0.5452027360239727,0.0,5.5
2026-06-12,677952.0,0.721955412432618,0.5452027360239727,0.0,5.5
2026-06-12,677960.0,0.49349750729770375,0.5806890894133675,0.0,4.5
2026-06-12,677960.0,0.5080009489890793,0.5806890894133675,0.0,4.5
2026-06-12,677960.0,0.4163878772904139,0.39309526442152787,0.0,5.5
2026-06-12,677960.0,0.4305515008154547,0.39309526442152787,0.0,5.5
2026-06-12,682243.0,0.6822737077125642,0.5392656821105788,1.0,4.5
2026-06-12,682243.0,0.68007634894231,0.5392656821105788,1.0,4.5
2026-06-12,683004.0,0.6701181424225382,0.5445920303605313,0.0,4.5
2026-06-12,683004.0,0.6480905513834614,0.5445920303605313,0.0,4.5
2026-06-12,683004.0,0.4943402449540029,0.4118687587034377,0.0,5.5
2026-06-12,683004.0,0.46986085781288484,0.4118687587034377,0.0,5.5
2026-06-12,690997.0,0.5197682777245963,0.5193195720177689,1.0,5.5
2026-06-12,690997.0,0.5225980336177907,0.5193195720177689,1.0,5.5
2026-06-12,694819.0,0.6982459414049441,0.49590563287252437,1.0,8.5
2026-06-12,694819.0,0.6957364775214044,0.49590563287252437,1.0,8.5
2026-06-12,702056.0,0.38597725728159005,0.43059055476898894,0.0,6.5
2026-06-12,702056.0,0.3586247410167727,0.43059055476898894,0.0,6.5
2026-06-12,808963.0,0.6427355479689798,0.5083075195654088,0.0,5.5
2026-06-12,808963.0,0.6265258791497221,0.5083075195654088,0.0,5.5
2026-06-13,527048.0,0.5902813088979869,0.5559045838051113,1.0,3.5
2026-06-13,527048.0,0.5977878425522393,0.5559045838051113,1.0,3.5
2026-06-13,592332.0,0.5498442421365509,0.5766829734315034,1.0,5.5
2026-06-13,592332.0,0.5954510961832729,0.5766829734315034,1.0,5.5
2026-06-13,592332.0,0.36921864400532767,0.4201499665860928,1.0,6.5
2026-06-13,592332.0,0.41360916120532965,0.4201499665860928,1.0,6.5
2026-06-13,594798.0,0.6802100668429167,0.5813255391421123,0.0,5.5
2026-06-13,594798.0,0.6636450467973664,0.5813255391421123,0.0,5.5
2026-06-13,594798.0,0.619011380938234,0.4318069986955554,0.0,6.5
2026-06-13,594798.0,0.6011351704139543,0.4318069986955554,0.0,6.5
2026-06-13,605400.0,0.6685966111519076,0.5630388533396458,0.0,4.5
2026-06-13,605400.0,0.6451519154346348,0.5630388533396458,0.0,4.5
2026-06-13,605400.0,0.5145952404507163,0.4248366013071895,0.0,5.5
2026-06-13,605400.0,0.4885892384346607,0.4248366013071895,0.0,5.5
2026-06-13,622491.0,0.6651878650971678,0.48347804033894265,0.0,4.5
2026-06-13,622491.0,0.6217099323755801,0.48347804033894265,0.0,4.5
2026-06-13,624133.0,0.49414759195991537,0.4922665272281946,1.0,5.5
2026-06-13,624133.0,0.5053842004038839,0.4922665272281946,1.0,5.5
2026-06-13,640455.0,0.2992129147545149,0.5104778468381137,1.0,4.5
2026-06-13,640455.0,0.2815632202180017,0.5104778468381137,1.0,4.5
2026-06-13,647336.0,0.46175348396551597,0.5618119659496148,1.0,5.5
2026-06-13,647336.0,0.4701171919440135,0.5618119659496148,1.0,5.5
2026-06-13,647336.0,0.24290780164929768,0.4165029469548134,1.0,6.5
2026-06-13,647336.0,0.24914239167171245,0.4165029469548134,1.0,6.5
2026-06-13,669373.0,0.6227725036040492,0.48619079553011807,0.0,5.5
2026-06-13,669373.0,0.6064355821144584,0.48619079553011807,0.0,5.5
2026-06-13,669461.0,0.5250922279238937,0.4829919976484128,0.0,4.5
2026-06-13,669461.0,0.49892057605539214,0.4829919976484128,0.0,4.5
2026-06-13,675660.0,0.6301270320806932,0.5815492376281647,1.0,4.5
2026-06-13,675660.0,0.6556776873466126,0.5815492376281647,1.0,4.5
2026-06-13,675660.0,0.4730444065290845,0.4218488521582572,1.0,5.5
2026-06-13,675660.0,0.500850581175662,0.4218488521582572,1.0,5.5
2026-06-13,676282.0,0.6154615583050678,0.5698972469226485,0.0,4.5
2026-06-13,676282.0,0.6419888807875154,0.5698972469226485,0.0,4.5
2026-06-13,676282.0,0.46100009017844595,0.4246003443437391,0.0,5.5
2026-06-13,676282.0,0.489341876840685,0.4246003443437391,0.0,5.5
2026-06-13,676917.0,0.7903350572075617,,1.0,4.5
2026-06-13,676917.0,0.77422664935271,,1.0,4.5
2026-06-13,676917.0,0.639720272751241,0.43880433056112117,0.0,5.5
2026-06-13,676917.0,0.6176385525270973,0.43880433056112117,0.0,5.5
2026-06-13,680732.0,0.5958625600243735,0.5382975095608421,1.0,4.5
2026-06-13,680732.0,0.5755692979712516,0.5382975095608421,1.0,4.5
2026-06-13,681190.0,0.5881949280440845,0.5155630992981984,1.0,3.5
2026-06-13,681190.0,0.583646149279578,0.5155630992981984,1.0,3.5
2026-06-13,681347.0,0.4239638202072173,0.42175930582235077,1.0,4.5
2026-06-13,681347.0,0.41958839582304286,0.42175930582235077,1.0,4.5
2026-06-13,687570.0,0.66747293607214,0.5403554660518446,0.0,4.5
2026-06-13,687570.0,0.6609769406411299,0.5403554660518446,0.0,4.5
2026-06-13,693645.0,0.5412123700617127,0.47940439677536045,1.0,5.5
2026-06-13,693645.0,0.5174772997906265,0.47940439677536045,1.0,5.5
2026-06-13,694346.0,0.3876994604626469,0.43303698442668503,1.0,3.5
2026-06-13,694346.0,0.41979720278665494,0.43303698442668503,1.0,3.5
2026-06-13,696149.0,0.5015408338164012,0.4766905456158799,1.0,4.5
2026-06-13,696149.0,0.5409563836508051,0.4766905456158799,1.0,4.5
2026-06-13,702070.0,0.5650431345139444,0.5081839249933028,0.0,4.5
2026-06-13,702070.0,0.5460512925945079,0.5081839249933028,0.0,4.5
2026-06-13,808967.0,0.6376074282416462,0.5642088231409326,1.0,5.5
2026-06-13,808967.0,0.6408298930762863,0.5642088231409326,1.0,5.5
2026-06-13,808967.0,0.5702203944254258,0.4286153879678442,1.0,6.5
2026-06-13,808967.0,0.5736413892674512,0.4286153879678442,1.0,6.5
2026-06-14,543135.0,0.715973264549666,0.5728426324541359,1.0,4.5
2026-06-14,543135.0,0.7110579778782988,0.5728426324541359,1.0,4.5
2026-06-14,543135.0,0.5708038181090415,,1.0,5.5
2026-06-14,543135.0,0.5649029714990229,,1.0,5.5
2026-06-14,605488.0,0.5390454322206655,0.5441947587935174,1.0,4.5
2026-06-14,605488.0,0.5412022519085558,0.5441947587935174,1.0,4.5
2026-06-14,608372.0,0.5476281318526277,0.4067413830500028,0.0,3.5
2026-06-14,608372.0,0.5489567689807381,0.4067413830500028,0.0,3.5
2026-06-14,621111.0,0.7003436901383802,0.5547986599122786,1.0,3.5
2026-06-14,621111.0,0.7088481664514837,0.5547986599122786,1.0,3.5
2026-06-14,642547.0,0.5437268348060855,0.45098711973155,0.0,5.5
2026-06-14,642547.0,0.5159069507635553,0.45098711973155,0.0,5.5
2026-06-14,650911.0,0.5411261771024677,0.5445920303605313,0.0,6.5
2026-06-14,650911.0,0.49430667288487,0.5445920303605313,0.0,6.5
2026-06-14,650911.0,0.46688497744739155,0.42823269135672853,0.0,7.5
2026-06-14,650911.0,0.42060123022214174,0.42823269135672853,0.0,7.5
2026-06-14,657277.0,0.46296885381484254,0.4728775862513346,1.0,5.5
2026-06-14,657277.0,0.44666562419409406,0.4728775862513346,1.0,5.5
2026-06-14,663568.0,0.6630669913707148,0.5656298065496512,1.0,3.5
2026-06-14,663568.0,0.6512086570230256,0.5656298065496512,1.0,3.5
2026-06-14,663568.0,0.431629583877644,0.3959708232025009,0.0,4.5
2026-06-14,663568.0,0.4187659752435552,0.3959708232025009,0.0,4.5
2026-06-14,668678.0,0.6122439378330947,0.5346420888792488,0.0,4.5
2026-06-14,668678.0,0.6300125701703462,0.5346420888792488,0.0,4.5
2026-06-14,669432.0,0.4140505548842483,0.44291283196254067,0.0,4.5
2026-06-14,669432.0,0.44438531052992747,0.44291283196254067,0.0,4.5
2026-06-14,671096.0,0.7095450752884769,0.5368000427040877,1.0,3.5
2026-06-14,671096.0,0.7227285952653245,0.5368000427040877,1.0,3.5
2026-06-14,671096.0,0.527159898780743,,1.0,4.5
2026-06-14,671096.0,0.5432933044226904,,1.0,4.5
2026-06-14,671737.0,0.7560308744196292,0.5940959409594095,1.0,4.5
2026-06-14,671737.0,0.7380376814508545,0.5940959409594095,1.0,4.5
2026-06-14,671737.0,0.5970418894065149,0.4307640745518594,1.0,5.5
2026-06-14,671737.0,0.5739311147173745,0.4307640745518594,1.0,5.5
2026-06-14,676106.0,0.6159636800198706,0.5724611774387937,0.0,3.5
2026-06-14,676106.0,0.6038944772091102,0.5724611774387937,0.0,3.5
2026-06-14,676106.0,0.5461703942049972,0.41772180207323756,0.0,4.5
2026-06-14,676106.0,0.5335687152982613,0.41772180207323756,0.0,4.5
2026-06-14,676974.0,0.5885164257766832,0.5109551135512996,1.0,5.5
2026-06-14,676974.0,0.6054916275527176,0.5109551135512996,1.0,5.5
2026-06-14,681293.0,0.5224305784020546,0.5478021470358517,1.0,4.5
2026-06-14,681293.0,0.5447447314186329,0.5478021470358517,1.0,4.5
2026-06-14,686218.0,0.5731131334801478,0.4679274898919021,1.0,5.5
2026-06-14,686218.0,0.5650829876897855,0.4679274898919021,1.0,5.5
2026-06-14,690986.0,0.5355618868784692,0.5415683162254961,0.0,6.5
2026-06-14,690986.0,0.5443986022458809,0.5415683162254961,0.0,6.5
2026-06-14,690986.0,0.3706882352396999,0.42642396392452403,0.0,7.5
2026-06-14,690986.0,0.3790246501050568,0.42642396392452403,0.0,7.5
2026-06-14,693821.0,0.4784059953629811,0.4519968066243658,0.0,4.5
2026-06-14,693821.0,0.490104270367741,0.4519968066243658,0.0,4.5
2026-06-14,694973.0,0.45174157600349013,0.5595283630846791,1.0,6.5
2026-06-14,694973.0,0.4706375478219035,0.5595283630846791,1.0,6.5
2026-06-14,694973.0,0.24295733571538175,0.43432238082539143,1.0,7.5
2026-06-14,694973.0,0.25721728051678283,0.43432238082539143,1.0,7.5
2026-06-14,700241.0,0.5556970640754785,0.482976968051601,0.0,3.5
2026-06-14,700241.0,0.5351304744979063,0.482976968051601,0.0,3.5
2026-06-14,701542.0,0.5468827469359955,0.5302316661552556,0.0,4.5
2026-06-14,701542.0,0.5322396784519067,0.5302316661552556,0.0,4.5
2026-06-14,701542.0,0.3273154925869707,0.3414012738853503,0.0,5.5
2026-06-14,701542.0,0.3144713034267783,0.3414012738853503,0.0,5.5
2026-06-14,813349.0,0.5296894036149244,0.4585857561641326,0.0,5.5
2026-06-14,813349.0,0.5153292147533859,0.4585857561641326,0.0,5.5
2026-06-15,554430.0,0.3373314009844351,0.43059520149223707,1.0,6.5
2026-06-15,554430.0,0.36519082476855375,0.43059520149223707,1.0,6.5
2026-06-15,669160.0,0.7358733399553697,0.6040291767974991,1.0,4.5
2026-06-15,669160.0,0.7436541256961829,0.6040291767974991,1.0,4.5
2026-06-15,669160.0,0.5627017268773854,0.42893685588505354,1.0,5.5
2026-06-15,669160.0,0.572621125740608,0.42893685588505354,1.0,5.5
2026-06-15,674841.0,0.39700456783860955,0.4422795594143031,1.0,4.5
2026-06-15,674841.0,0.4238379306264813,0.4422795594143031,1.0,4.5
2026-06-15,687473.0,0.7611361758325674,0.5456769298331965,0.0,3.5
2026-06-15,687473.0,0.7480817082743974,0.5456769298331965,0.0,3.5
2026-06-15,687473.0,0.5566916890248595,0.4059040590405904,0.0,4.5
2026-06-15,687473.0,0.5392279195299114,0.4059040590405904,0.0,4.5
2026-06-15,687765.0,0.5378590087395455,0.4317603699488298,0.0,3.5
2026-06-15,687765.0,0.5147810861072322,0.4317603699488298,0.0,3.5
2026-06-15,695505.0,0.4725672979495407,0.44646111146936573,0.0,7.5
2026-06-15,695505.0,0.47053304807756285,0.44646111146936573,0.0,7.5
2026-06-16,543037.0,0.5939907160386239,0.49624945798795495,1.0,5.5
2026-06-16,543037.0,0.5668159607770528,0.49624945798795495,1.0,5.5
2026-06-16,608379.0,0.6500546694867827,0.5875125204711562,0.0,3.5
2026-06-16,608379.0,0.6615498600903795,0.5875125204711562,0.0,3.5
2026-06-16,608379.0,0.46311224857220235,0.4135906079121657,0.0,4.5
2026-06-16,608379.0,0.47579629862748013,0.4135906079121657,0.0,4.5
2026-06-16,650633.0,0.6508298114151705,0.460872194727484,0.0,4.5
2026-06-16,650633.0,0.6112717018398982,0.460872194727484,0.0,4.5
2026-06-16,656302.0,0.6451718587003936,0.5294767492857999,1.0,6.5
2026-06-16,656302.0,0.6381783401024467,0.5294767492857999,1.0,6.5
2026-06-16,656492.0,0.40028250078243727,0.4350316227926954,1.0,5.5
2026-06-16,656492.0,0.4128804145511641,0.4350316227926954,1.0,5.5
2026-06-16,663903.0,0.479264908346791,0.4811589655557758,1.0,4.5
2026-06-16,663903.0,0.5251081491674008,0.4811589655557758,1.0,4.5
2026-06-16,663969.0,0.7295212323866419,0.5620774326209812,1.0,3.5
2026-06-16,663969.0,0.7349009460592434,0.5620774326209812,1.0,3.5
2026-06-16,663969.0,0.5856839977166505,,0.0,4.5
2026-06-16,663969.0,0.5923258555291169,,0.0,4.5
2026-06-16,666200.0,0.40733274686048104,0.4756172798789591,1.0,6.5
2026-06-16,666200.0,0.43712233685113494,0.4756172798789591,1.0,6.5
2026-06-16,669467.0,0.6799088291828767,0.5507344940798439,1.0,3.5
2026-06-16,669467.0,0.6909572505724618,0.5507344940798439,1.0,3.5
2026-06-16,673540.0,0.5625317599094743,0.5620517952889496,1.0,4.5
2026-06-16,673540.0,0.5855717260517243,0.5620517952889496,1.0,4.5
2026-06-16,673540.0,0.3807395284556131,0.40692788844305544,0.0,5.5
2026-06-16,673540.0,0.4031961787069286,0.40692788844305544,0.0,5.5
2026-06-16,677944.0,0.49753697061143665,0.4533754411211299,0.0,4.5
2026-06-16,677944.0,0.4959704763637202,0.4533754411211299,0.0,4.5
2026-06-16,688107.0,0.504636956436513,0.5789713245334547,1.0,4.5
2026-06-16,688107.0,0.5035207168547096,0.5789713245334547,1.0,4.5
2026-06-16,688107.0,0.3429700639886025,0.42235797955611276,0.0,5.5
2026-06-16,688107.0,0.3419645624673162,0.42235797955611276,0.0,5.5
2026-06-16,801139.0,0.5593680886026638,0.5766829734315034,1.0,4.5
2026-06-16,801139.0,0.5515592144251947,0.5766829734315034,1.0,4.5
2026-06-16,801139.0,0.4869296853898067,0.4332206453151127,1.0,5.5
2026-06-16,801139.0,0.4790326812485472,0.4332206453151127,1.0,5.5
2026-06-17,593958.0,0.6369769242228959,,1.0,4.5
2026-06-17,593958.0,0.6329357556714572,,1.0,4.5
2026-06-17,593958.0,0.4763614466399034,0.4522561295977573,0.0,5.5
2026-06-17,593958.0,0.4720143438159735,0.4522561295977573,0.0,5.5
2026-06-17,607074.0,0.553554464299033,0.5445569001971572,1.0,5.5
2026-06-17,607074.0,0.5858935304008142,0.5445569001971572,1.0,5.5
2026-06-17,607074.0,0.4032797838045135,0.37974683544303806,1.0,6.5
2026-06-17,607074.0,0.4354016771819091,0.37974683544303806,1.0,6.5
2026-06-17,641743.0,0.5553443904679677,0.4914416640384947,0.0,4.5
2026-06-17,641743.0,0.5518365738689414,0.4914416640384947,0.0,4.5
2026-06-17,641793.0,0.5212904619614612,0.43697277745424495,0.0,3.5
2026-06-17,641793.0,0.4972083237786255,0.43697277745424495,0.0,3.5
2026-06-17,645261.0,0.6221042028326064,0.5112126886204581,1.0,4.5
2026-06-17,645261.0,0.6610825281541155,0.5112126886204581,1.0,4.5
2026-06-17,660271.0,0.7453963029718403,0.6040291767974991,0.0,5.5
2026-06-17,660271.0,0.7203265646075604,0.6040291767974991,0.0,5.5
2026-06-17,660271.0,0.5947409124229642,0.45221125102614435,0.0,6.5
2026-06-17,660271.0,0.5635232577650607,0.45221125102614435,0.0,6.5
2026-06-17,663554.0,0.6279175455587696,0.4356698287367335,0.0,4.5
2026-06-17,663554.0,0.6242224227995271,0.4356698287367335,0.0,4.5
2026-06-17,663567.0,0.4719573958650141,0.5751633986928104,1.0,4.5
2026-06-17,663567.0,0.4595661451012932,0.5751633986928104,1.0,4.5
2026-06-17,663567.0,0.3998835607187289,0.42352226972912616,0.0,5.5
2026-06-17,663567.0,0.38799418917646195,0.42352226972912616,0.0,5.5
2026-06-17,666157.0,0.4731021123898157,0.4480781370872193,0.0,5.5
2026-06-17,666157.0,0.4755749800006562,0.4480781370872193,0.0,5.5
2026-06-17,668909.0,0.5079377371094708,0.49002916768453236,0.0,6.5
2026-06-17,668909.0,0.5054402178198291,0.49002916768453236,0.0,6.5
2026-06-17,681517.0,0.605326126838565,0.5483927721391314,1.0,3.5
2026-06-17,681517.0,0.6320952745974472,0.5483927721391314,1.0,3.5
2026-06-17,687562.0,0.32429839669920674,0.4051621270705064,1.0,3.5
2026-06-17,687562.0,0.3574105371185527,0.4051621270705064,1.0,3.5
2026-06-17,687931.0,0.3258394717163036,0.5691423881821913,0.0,3.5
2026-06-17,687931.0,0.2920520201025776,0.5691423881821913,0.0,3.5
2026-06-17,690997.0,0.44170473694302625,0.4271076056523076,1.0,6.5
2026-06-17,690997.0,0.4739791391680901,0.4271076056523076,1.0,6.5
2026-06-17,702275.0,0.4616769498856529,0.5593899414525011,1.0,3.5
2026-06-17,702275.0,0.4892472076413281,0.5593899414525011,1.0,3.5
2026-06-18,543243.0,0.7053226416250659,,1.0,3.5
2026-06-18,543243.0,0.6741191375913234,,1.0,3.5
2026-06-18,543243.0,0.5226922538539622,0.4503562312734681,0.0,4.5
2026-06-18,543243.0,0.48623650798487583,0.4503562312734681,0.0,4.5
2026-06-18,605400.0,0.49054515782996394,0.429459901932407,1.0,5.5
2026-06-18,605400.0,0.46267316103088285,0.429459901932407,1.0,5.5
2026-06-18,640455.0,0.44546466164685833,0.6040291767974991,1.0,4.5
2026-06-18,640455.0,0.4443861101659724,0.6040291767974991,1.0,4.5
2026-06-18,640455.0,0.37215644933533054,0.42306030990704535,0.0,5.5
2026-06-18,640455.0,0.3711365991071725,0.42306030990704535,0.0,5.5
2026-06-18,657746.0,0.5233170509046213,0.5232614094654873,1.0,6.5
2026-06-18,657746.0,0.5137411594693035,0.5232614094654873,1.0,6.5
2026-06-18,669358.0,0.56597573397533,0.445859325480774,1.0,5.5
2026-06-18,669358.0,0.5772742438478966,0.445859325480774,1.0,5.5
2026-06-18,675660.0,0.5108514769825284,0.523577924398159,0.0,5.5
2026-06-18,675660.0,0.49153461571441914,0.523577924398159,0.0,5.5
2026-06-18,677960.0,0.5231712189165251,0.5029142381348877,1.0,5.5
2026-06-18,677960.0,0.5089753877121269,0.5029142381348877,1.0,5.5
2026-06-18,677960.0,0.3803816928772969,,1.0,6.5
2026-06-18,677960.0,0.3670776461188838,,1.0,6.5
2026-06-18,683004.0,0.47918740366083323,0.46166982263547435,0.0,5.5
2026-06-18,683004.0,0.47053543442590184,0.46166982263547435,0.0,5.5
2026-06-18,693433.0,0.47171941357883107,0.4674200586766058,1.0,6.5
2026-06-18,693433.0,0.46102756521573934,0.4674200586766058,1.0,6.5
2026-06-18,702056.0,0.6379288085638667,0.5812221747337009,1.0,4.5
2026-06-18,702056.0,0.6868287196603372,0.5812221747337009,1.0,4.5
2026-06-18,702056.0,0.39865746299989996,0.4186744608578877,1.0,5.5
2026-06-18,702056.0,0.45211884573926947,0.4186744608578877,1.0,5.5
2026-06-18,702070.0,0.5399799942980915,0.44045318935083344,1.0,4.5
2026-06-18,702070.0,0.5571093863302632,0.44045318935083344,1.0,4.5
2026-06-18,800048.0,0.3489462352799931,0.424000187336863,1.0,5.5
2026-06-18,800048.0,0.3833867381054571,0.424000187336863,1.0,5.5
2026-06-19,527048.0,0.5324062573221018,0.5616772984602744,1.0,3.5
2026-06-19,527048.0,0.537380739448586,0.5616772984602744,1.0,3.5
2026-06-19,643377.0,0.7161001132461542,0.5238085850755643,1.0,4.5
2026-06-19,643377.0,0.7122159894193069,0.5238085850755643,1.0,4.5
2026-06-19,669373.0,0.6090127701003404,0.5060316429571732,1.0,6.5
2026-06-19,669373.0,0.629971338337292,0.5060316429571732,1.0,6.5
2026-06-19,676962.0,0.6343278391015315,0.5151992042022105,0.0,4.5
2026-06-19,676962.0,0.6304926389261983,0.5151992042022105,0.0,4.5
2026-06-19,693645.0,0.47549895995775515,0.5656913848370034,1.0,6.5
2026-06-19,693645.0,0.5133910250743925,0.5656913848370034,1.0,6.5
2026-06-19,694738.0,0.38204557283243784,0.44820771684224797,1.0,5.5
2026-06-19,694738.0,0.39616410998149393,0.44820771684224797,1.0,5.5
2026-06-19,694819.0,0.664272430197884,0.47528332460637296,0.0,8.5
2026-06-19,694819.0,0.6689999844619342,0.47528332460637296,0.0,8.5
2026-06-19,695076.0,0.4604702537329145,0.427619892558537,1.0,4.5
2026-06-19,695076.0,0.4743642427359484,0.427619892558537,1.0,4.5
2026-06-20,519242.0,0.32897446421008913,0.4500495889404412,0.0,7.5
2026-06-20,519242.0,0.33024103074262423,0.4500495889404412,0.0,7.5
2026-06-20,607067.0,0.4941896367447456,0.5333728960499082,0.0,3.5
2026-06-20,607067.0,0.4972435506558704,0.5333728960499082,0.0,3.5
2026-06-20,621111.0,0.5595700128510112,0.5919881305637983,1.0,3.5
2026-06-20,621111.0,0.5729027324289895,0.5919881305637983,1.0,3.5
2026-06-20,621111.0,0.48159674397074287,0.4298160603583027,1.0,4.5
2026-06-20,621111.0,0.4951603302745881,0.4298160603583027,1.0,4.5
2026-06-20,650911.0,0.5907961466255753,0.5940959409594095,0.0,6.5
2026-06-20,650911.0,0.5579343219707744,0.5940959409594095,0.0,6.5
2026-06-20,650911.0,0.40091019463730193,0.4422777298440414,0.0,7.5
2026-06-20,650911.0,0.36908391131660656,0.4422777298440414,0.0,7.5
2026-06-20,669022.0,0.4130964776952609,0.4491719097302216,0.0,6.5
2026-06-20,669022.0,0.392052080588936,0.4491719097302216,0.0,6.5
2026-06-20,671096.0,0.5906910827046824,0.456881993064573,1.0,4.5
2026-06-20,671096.0,0.6038617838941863,0.456881993064573,1.0,4.5
2026-06-20,675512.0,0.4853266981671423,0.4275632215996888,1.0,4.5
2026-06-20,675512.0,0.5272543402018893,0.4275632215996888,1.0,4.5
2026-06-20,676282.0,0.5683139072430965,0.5179348970632685,1.0,4.5
2026-06-20,676282.0,0.6032012081055022,0.5179348970632685,1.0,4.5
2026-06-20,676974.0,0.5817955776829319,0.5565246514719618,1.0,5.5
2026-06-20,676974.0,0.5735406619284663,0.5565246514719618,1.0,5.5
2026-06-20,681293.0,0.47858422431391245,0.5481381985759538,1.0,5.5
2026-06-20,681293.0,0.4989375255377105,0.5481381985759538,1.0,5.5
2026-06-20,681293.0,0.2681983437799353,0.4424778761061947,1.0,6.5
2026-06-20,681293.0,0.28448600864188384,0.4424778761061947,1.0,6.5
2026-06-20,690986.0,0.588093789121463,0.5417647613454325,1.0,5.5
2026-06-20,690986.0,0.5676709148882599,0.5417647613454325,1.0,5.5
2026-06-20,690986.0,0.3642654894584776,0.42102867546654527,1.0,6.5
2026-06-20,690986.0,0.34510323106630275,0.42102867546654527,1.0,6.5
2026-06-20,693855.0,0.6682549976146778,0.5052849543810175,0.0,4.5
2026-06-20,693855.0,0.6642618459683275,0.5052849543810175,0.0,4.5
2026-06-20,701542.0,0.46979337771792723,0.551424581375849,1.0,5.5
2026-06-20,701542.0,0.4811446054409433,0.551424581375849,1.0,5.5
2026-06-20,701542.0,0.32244951665699934,,1.0,6.5
2026-06-20,701542.0,0.3324730341811929,,1.0,6.5
2026-06-21,543135.0,0.4778298165431896,0.543599843839517,1.0,5.5
2026-06-21,543135.0,0.4889747200966401,0.543599843839517,1.0,5.5
2026-06-21,547179.0,0.6576117336231273,0.5495765456734284,1.0,3.5
2026-06-21,547179.0,0.6362100058162227,0.5495765456734284,1.0,3.5
2026-06-21,554430.0,0.5239814094537065,0.5000914641236833,1.0,6.5
2026-06-21,554430.0,0.5411092618741129,0.5000914641236833,1.0,6.5
2026-06-21,607259.0,0.6533322610650834,0.5559544504025854,1.0,3.5
2026-06-21,607259.0,0.6855737124767366,0.5559544504025854,1.0,3.5
2026-06-21,656849.0,0.5036327658963872,0.516275130709399,1.0,4.5
2026-06-21,656849.0,0.4915037052959198,0.516275130709399,1.0,4.5
2026-06-21,657277.0,0.3342232216415771,0.5047522146622467,0.0,5.5
2026-06-21,657277.0,0.3286033653040545,0.5047522146622467,0.0,5.5
2026-06-21,663436.0,0.5324934598907575,0.42663797753407356,0.0,5.5
2026-06-21,663436.0,0.5115828609844465,0.42663797753407356,0.0,5.5
2026-06-21,669302.0,0.5304307793289175,0.5511808249506318,1.0,6.5
2026-06-21,669302.0,0.5655792886672618,0.5511808249506318,1.0,6.5
2026-06-21,669302.0,0.3909656091536262,0.4273648080223441,1.0,7.5
2026-06-21,669302.0,0.42524171452453174,0.4273648080223441,1.0,7.5
2026-06-21,672282.0,0.43421429548734136,0.516656683565311,0.0,6.5
2026-06-21,672282.0,0.403439502035166,0.516656683565311,0.0,6.5
2026-06-21,672456.0,0.635775495027322,0.5136780674614027,0.0,3.5
2026-06-21,672456.0,0.6591327694308791,0.5136780674614027,0.0,3.5
2026-06-21,674841.0,0.7074982920912422,0.5736333876000406,1.0,3.5
2026-06-21,674841.0,0.7285037119706106,0.5736333876000406,1.0,3.5
2026-06-21,674841.0,0.5408513929015853,0.3993154592127781,1.0,4.5
2026-06-21,674841.0,0.5664913779299615,0.3993154592127781,1.0,4.5
2026-06-21,677944.0,0.724835054310476,0.5992050302115289,0.0,3.5
2026-06-21,677944.0,0.6943370973442298,0.5992050302115289,0.0,3.5
2026-06-21,677944.0,0.5646412846514272,0.4198646690371275,0.0,4.5
2026-06-21,677944.0,0.5279512330523316,0.4198646690371275,0.0,4.5
2026-06-21,678906.0,0.6633180293608555,0.4985517269325373,0.0,5.5
2026-06-21,678906.0,0.6467657455610365,0.4985517269325373,0.0,5.5
2026-06-21,687064.0,0.7073111939216299,0.5615212988778221,1.0,3.5
2026-06-21,687064.0,0.7113648963378973,0.5615212988778221,1.0,3.5
2026-06-21,687473.0,0.6677151013481751,0.5501629463229377,1.0,3.5
2026-06-21,687473.0,0.6629805853084546,0.5501629463229377,1.0,3.5
2026-06-21,688107.0,0.5476321807179862,0.5751633986928104,1.0,3.5
2026-06-21,688107.0,0.5533435504969788,0.5751633986928104,1.0,3.5
2026-06-21,688107.0,0.4676560530099332,0.4170415913678786,1.0,4.5
2026-06-21,688107.0,0.47340621393279575,0.4170415913678786,1.0,4.5
2026-06-21,693821.0,0.43801696483127306,0.45250219557861443,1.0,4.5
2026-06-21,693821.0,0.45944685199546176,0.45250219557861443,1.0,4.5
2026-06-21,695505.0,0.46880735247209643,0.4471363955997654,0.0,7.5
2026-06-21,695505.0,0.4330391972049679,0.4471363955997654,0.0,7.5
2026-06-21,801139.0,0.6693649437755922,0.5559838362013281,0.0,5.5
2026-06-21,801139.0,0.634182483504459,0.5559838362013281,0.0,5.5
2026-06-21,801139.0,0.49302005712035646,0.42795848471824166,0.0,6.5
2026-06-21,801139.0,0.45436890486652365,0.42795848471824166,0.0,6.5
2026-06-22,518876.0,0.5554364752695521,0.4847548890490452,0.0,3.5
2026-06-22,518876.0,0.535430625679327,0.4847548890490452,0.0,3.5
2026-06-22,543037.0,0.5627498145192001,0.5302047966250968,0.0,5.5
2026-06-22,543037.0,0.597578224069188,0.5302047966250968,0.0,5.5
2026-06-22,605540.0,0.7182531837963279,0.5751633986928104,1.0,4.5
2026-06-22,605540.0,0.7396954491315638,0.5751633986928104,1.0,4.5
2026-06-22,605540.0,0.5454015118955827,0.4314591632921312,1.0,5.5
2026-06-22,605540.0,0.5721627543298237,0.4314591632921312,1.0,5.5
2026-06-22,608379.0,0.606583386820296,0.5411353494389305,1.0,3.5
2026-06-22,608379.0,0.6317718306485558,0.5411353494389305,1.0,3.5
2026-06-22,608379.0,0.42351377646476984,,1.0,4.5
2026-06-22,608379.0,0.44979155283421773,,1.0,4.5
2026-06-22,641743.0,0.569693228277035,0.5494784506372498,1.0,4.5
2026-06-22,641743.0,0.6111981832781291,0.5494784506372498,1.0,4.5
2026-06-22,641743.0,0.4194017947824289,0.4059040590405904,1.0,5.5
2026-06-22,641743.0,0.4617057189570435,0.4059040590405904,1.0,5.5
2026-06-22,656302.0,0.6362247534398607,0.5700751321428885,1.0,6.5
2026-06-22,656302.0,0.6196056246604738,0.5700751321428885,1.0,6.5
2026-06-22,656302.0,0.47709870551463784,0.4165029469548134,1.0,7.5
2026-06-22,656302.0,0.45938708665947314,0.4165029469548134,1.0,7.5
2026-06-22,656492.0,0.5323604694720244,0.46592825647162023,1.0,5.5
2026-06-22,656492.0,0.5415314040912146,0.46592825647162023,1.0,5.5
2026-06-22,656876.0,0.5575033802611815,0.5632044242240241,0.0,5.5
2026-06-22,656876.0,0.5509895682822764,0.5632044242240241,0.0,5.5
2026-06-22,663903.0,0.5511673059194283,0.4779093092077073,1.0,4.5
2026-06-22,663903.0,0.5850398386618422,0.4779093092077073,1.0,4.5
2026-06-22,663969.0,0.49353901079871176,0.4303251985413031,0.0,4.5
2026-06-22,663969.0,0.46752838527654794,0.4303251985413031,0.0,4.5
2026-06-22,664285.0,0.6154604025399297,0.5653423376274386,1.0,4.5
2026-06-22,664285.0,0.6200346306627877,0.5653423376274386,1.0,4.5
2026-06-22,668909.0,0.7443486908435404,0.5940959409594095,1.0,5.5
2026-06-22,668909.0,0.7449375970496148,0.5940959409594095,1.0,5.5
2026-06-22,668909.0,0.5903625813779141,0.43519371059713763,1.0,6.5
2026-06-22,668909.0,0.5911113491349083,0.43519371059713763,1.0,6.5
2026-06-22,805673.0,0.5718462842722144,0.46875301554886084,1.0,4.5
2026-06-22,805673.0,0.5910697362282166,0.46875301554886084,1.0,4.5
2026-06-23,593958.0,0.582092919162269,0.5656650433899963,1.0,3.5
2026-06-23,593958.0,0.5757368298191783,0.5656650433899963,1.0,3.5
2026-06-23,607074.0,0.6116906131520231,0.5631856591289409,0.0,5.5
2026-06-23,607074.0,0.5913923272035321,0.5631856591289409,0.0,5.5
2026-06-23,607074.0,0.460076139931538,,0.0,6.5
2026-06-23,607074.0,0.43911952840774016,,0.0,6.5
2026-06-23,645261.0,0.644171094561739,0.5940959409594095,0.0,4.5
2026-06-23,645261.0,0.6350013142522065,0.5940959409594095,0.0,4.5
2026-06-23,645261.0,0.4621344876863252,0.42802226167243207,0.0,5.5
2026-06-23,645261.0,0.45226243872230465,0.42802226167243207,0.0,5.5
2026-06-23,656605.0,0.49031562883756047,0.4902020618485399,0.0,4.5
2026-06-23,656605.0,0.49896880038194813,0.4902020618485399,0.0,4.5
2026-06-23,663554.0,0.6799789831684845,0.5751633986928104,1.0,4.5
2026-06-23,663554.0,0.6988449325203422,0.5751633986928104,1.0,4.5
2026-06-23,663554.0,0.6245982827400289,0.4774110899741929,1.0,5.5
2026-06-23,663554.0,0.6450246875765356,0.4774110899741929,1.0,5.5
2026-06-23,663556.0,0.5755366835849351,,0.0,4.5
2026-06-23,663556.0,0.5809237132466385,,0.0,4.5
2026-06-23,663556.0,0.40125440313304656,0.43157726905404115,0.0,5.5
2026-06-23,663556.0,0.4065726760489659,0.43157726905404115,0.0,5.5
2026-06-23,663567.0,0.47573107701182393,0.5703885890658048,1.0,3.5
2026-06-23,663567.0,0.4845575195326198,0.5703885890658048,1.0,3.5
2026-06-23,663567.0,0.27038940473711254,0.37974683544303806,1.0,4.5
2026-06-23,663567.0,0.27742204405557636,0.37974683544303806,1.0,4.5
2026-06-23,665795.0,0.6621878613726704,0.5479627609292583,0.0,4.5
2026-06-23,665795.0,0.6517541644735879,0.5479627609292583,0.0,4.5
2026-06-23,665795.0,0.43492856397000906,0.4059040590405904,0.0,5.5
2026-06-23,665795.0,0.4235856727504586,0.4059040590405904,0.0,5.5
2026-06-23,666157.0,0.5951291696699013,0.5762913489776962,1.0,4.5
2026-06-23,666157.0,0.6217342112946301,0.5762913489776962,1.0,4.5
2026-06-23,666157.0,0.4248951792058951,0.3666469544648137,1.0,5.5
2026-06-23,666157.0,0.45239349186639666,0.3666469544648137,1.0,5.5
2026-06-23,666200.0,0.6611676504330348,0.5412918908147835,1.0,5.5
2026-06-23,666200.0,0.6865139538191283,0.5412918908147835,1.0,5.5
2026-06-23,666200.0,0.5864262024183536,0.42827649850206784,1.0,6.5
2026-06-23,666200.0,0.6141002499500124,0.42827649850206784,1.0,6.5
2026-06-23,669923.0,0.7738024037858039,0.6040291767974991,1.0,4.5
2026-06-23,669923.0,0.7543138381773276,0.6040291767974991,1.0,4.5
2026-06-23,669923.0,0.6116585839690019,0.42607226019372496,0.0,5.5
2026-06-23,669923.0,0.5856800891407838,0.42607226019372496,0.0,5.5
2026-06-23,679883.0,0.7157169079501111,0.43462525458425,1.0,3.5
2026-06-23,679883.0,0.7351294077355048,0.43462525458425,1.0,3.5
2026-06-23,680732.0,0.606307038956116,0.5649140879407529,1.0,5.5
2026-06-23,680732.0,0.6081223200869099,0.5649140879407529,1.0,5.5
2026-06-23,680732.0,0.4438882164291274,0.4193548387096774,0.0,6.5
2026-06-23,680732.0,0.44576781934487,0.4193548387096774,0.0,6.5
2026-06-23,680736.0,0.5032761182470751,0.46418893556093627,0.0,4.5
2026-06-23,680736.0,0.5188408047067743,0.46418893556093627,0.0,4.5
2026-06-23,687075.0,0.7218133595297431,0.5169314477205184,1.0,4.5
2026-06-23,687075.0,0.7647023209778199,0.5169314477205184,1.0,4.5
2026-06-23,800048.0,0.6214342717607827,0.5256638132075698,1.0,5.5
2026-06-23,800048.0,0.6440799299324168,0.5256638132075698,1.0,5.5
2026-06-24,594798.0,0.5758782288801116,0.5521844883848039,1.0,6.5
2026-06-24,594798.0,0.6144585964235396,0.5521844883848039,1.0,6.5
2026-06-24,605400.0,0.6789053995224181,0.5252124859640753,1.0,4.5
2026-06-24,605400.0,0.6764410959686128,0.5252124859640753,1.0,4.5
2026-06-24,607536.0,0.6365452867351368,0.5627630153366071,1.0,3.5
2026-06-24,607536.0,0.6528970763508223,0.5627630153366071,1.0,3.5
2026-06-24,607536.0,0.458135900261919,0.40405437376139314,0.0,4.5
2026-06-24,607536.0,0.4759056580646293,0.40405437376139314,0.0,4.5
2026-06-24,624133.0,0.6384554676359523,0.5741569831550415,1.0,4.5
2026-06-24,624133.0,0.6333107341311595,0.5741569831550415,1.0,4.5
2026-06-24,624133.0,0.40458469015146753,0.42227893846345665,1.0,5.5
2026-06-24,624133.0,0.39924345086827323,0.42227893846345665,1.0,5.5
2026-06-24,643377.0,0.5800440420468057,0.5721832521977962,1.0,4.5
2026-06-24,643377.0,0.5749837677011639,0.5721832521977962,1.0,4.5
2026-06-24,643377.0,0.43188346325229693,0.43071346395807203,1.0,5.5
2026-06-24,643377.0,0.4268021177177108,0.43071346395807203,1.0,5.5
2026-06-24,657746.0,0.5960766808514163,0.5712287970792703,1.0,5.5
2026-06-24,657746.0,0.6143637390126409,0.5712287970792703,1.0,5.5
2026-06-24,657746.0,0.4487947242906455,0.4170616113744075,1.0,6.5
2026-06-24,657746.0,0.46779629437241954,0.4170616113744075,1.0,6.5
2026-06-24,660271.0,0.45483568957075354,0.45370107397554976,1.0,6.5
2026-06-24,660271.0,0.5092748064497934,0.45370107397554976,1.0,6.5
2026-06-24,665871.0,0.4809439774271761,0.5760555992527217,1.0,3.5
2026-06-24,665871.0,0.4862765039566585,0.5760555992527217,1.0,3.5
2026-06-24,669373.0,0.6695274799911667,0.5663310897446114,1.0,6.5
2026-06-24,669373.0,0.6949208532024519,0.5663310897446114,1.0,6.5
2026-06-24,669373.0,0.5308942571735301,0.42723631508678234,1.0,7.5
2026-06-24,669373.0,0.5599385507442035,0.42723631508678234,1.0,7.5
2026-06-24,669461.0,0.5473258313463425,0.4254374947616237,0.0,3.5
2026-06-24,669461.0,0.5376655781215804,0.4254374947616237,0.0,3.5
2026-06-24,675660.0,0.7462798986162059,0.6082814835597645,1.0,4.5
2026-06-24,675660.0,0.5933744418958978,0.429505255134805,0.0,5.5
2026-06-24,676440.0,0.7379848997467392,0.5882954845609489,0.0,4.5
2026-06-24,676440.0,0.745236340392558,0.5882954845609489,0.0,4.5
2026-06-24,676440.0,0.5721507507975128,0.41985935713997824,0.0,5.5
2026-06-24,676440.0,0.5813883918232252,0.41985935713997824,0.0,5.5
2026-06-24,677952.0,0.7083783298372929,0.5709983684830343,1.0,5.5
2026-06-24,677952.0,0.7455598107219551,0.5709983684830343,1.0,5.5
2026-06-24,677952.0,0.5722419924922078,0.4493136977196164,1.0,6.5
2026-06-24,677952.0,0.6174061036406672,0.4493136977196164,1.0,6.5
2026-06-24,677960.0,0.5306397008704136,0.504326403145798,1.0,5.5
2026-06-24,677960.0,0.5368984314529425,0.504326403145798,1.0,5.5
2026-06-24,681347.0,0.6516085582226151,0.5814892313739747,0.0,3.5
2026-06-24,681347.0,0.6484709806591363,0.5814892313739747,0.0,3.5
2026-06-24,681347.0,0.42049324638700536,0.4186744608578877,0.0,4.5
2026-06-24,681347.0,0.4171360812443392,0.4186744608578877,0.0,4.5
2026-06-24,684007.0,0.5273180223340665,0.5019388076105992,0.0,5.5
2026-06-24,684007.0,0.50706014640739,0.5019388076105992,0.0,5.5
2026-06-24,690997.0,0.4829614932373329,0.5713323276683983,1.0,5.5
2026-06-24,690997.0,0.5115671062821385,0.5713323276683983,1.0,5.5
2026-06-24,690997.0,0.34626109430316065,0.4264792414721053,1.0,6.5
2026-06-24,690997.0,0.3726049090309597,0.4264792414721053,1.0,6.5
2026-06-24,691587.0,0.735334046436633,0.5436786048582071,0.0,4.5
2026-06-24,691587.0,0.7094014759870304,0.5436786048582071,0.0,4.5
2026-06-24,693433.0,0.6239415029078733,0.5751633986928104,0.0,4.5
2026-06-24,693433.0,0.6424987556492944,0.5751633986928104,0.0,4.5
2026-06-24,693433.0,0.5553380231649502,0.4694809320264685,0.0,5.5
2026-06-24,693433.0,0.5749745465694663,0.4694809320264685,0.0,5.5
2026-06-24,695076.0,0.433371621320292,0.43124573270427174,1.0,4.5
2026-06-24,695076.0,0.4404235638814905,0.43124573270427174,1.0,4.5
2026-06-24,702056.0,0.5347756675418708,0.5087670932323646,0.0,5.5
2026-06-24,702056.0,0.5085260190084783,0.5087670932323646,0.0,5.5
2026-06-24,702070.0,0.6273182957331928,0.5834970530451867,1.0,3.5
2026-06-24,702070.0,0.6055922690375681,0.5834970530451867,1.0,3.5
2026-06-24,702070.0,0.5584250980597002,0.45294260303656286,1.0,4.5
2026-06-24,702070.0,0.535655676067169,0.45294260303656286,1.0,4.5
2026-06-25,571510.0,0.4311403911917378,0.4696523101792128,0.0,4.5
2026-06-25,571510.0,0.4051964125415883,0.4696523101792128,0.0,4.5
2026-06-25,592332.0,0.511678877680539,0.5457543401393213,0.0,5.5
2026-06-25,592332.0,0.5191977897973138,0.5457543401393213,0.0,5.5
2026-06-25,592332.0,0.3591668003865067,,0.0,6.5
2026-06-25,592332.0,0.36612490475075093,,0.0,6.5
2026-06-25,605488.0,0.5016103391141395,0.5127310020473892,1.0,4.5
2026-06-25,605488.0,0.54492588622137,0.5127310020473892,1.0,4.5
2026-06-25,607625.0,0.537432745640055,0.4356070979784243,0.0,4.5
2026-06-25,607625.0,0.5336820306116274,0.4356070979784243,0.0,4.5
2026-06-25,642547.0,0.41036705430722087,0.4534694321535352,0.0,5.5
2026-06-25,642547.0,0.37144323279138647,0.4534694321535352,0.0,5.5
2026-06-25,650911.0,0.5883925020741855,0.6202531645569621,1.0,5.5
2026-06-25,650911.0,0.5766578878296215,0.6202531645569621,1.0,5.5
2026-06-25,650911.0,0.5179149297822114,0.4577485893929405,0.0,6.5
2026-06-25,650911.0,0.5058584643189813,0.4577485893929405,0.0,6.5
2026-06-25,669022.0,0.7313755724532484,0.5655078197614618,1.0,4.5
2026-06-25,669022.0,0.7070835728833174,0.5655078197614618,1.0,4.5
2026-06-25,669022.0,0.5699220187319946,0.4059040590405904,0.0,5.5
2026-06-25,669022.0,0.5402083994100959,0.4059040590405904,0.0,5.5
2026-06-25,675512.0,0.5139555349077641,0.4323758020416448,1.0,4.5
2026-06-25,675512.0,0.5299405812841423,0.4323758020416448,1.0,4.5
2026-06-25,676917.0,0.6679333286024911,0.5612183265835163,1.0,4.5
2026-06-25,676917.0,0.6699954998111848,0.5612183265835163,1.0,4.5
2026-06-25,682243.0,0.405362980744086,0.5011264919020413,1.0,5.5
2026-06-25,682243.0,0.4239085510688365,0.5011264919020413,1.0,5.5
2026-06-25,693645.0,0.4982281191800793,0.47231611629851006,1.0,6.5
2026-06-25,693645.0,0.5298046459863317,0.47231611629851006,1.0,6.5
2026-06-25,694738.0,0.5200144530450639,0.5700112098244909,1.0,5.5
2026-06-25,694738.0,0.49358435428324,0.5700112098244909,1.0,5.5
2026-06-25,694738.0,0.3661630318349516,0.44073296631734393,0.0,6.5
2026-06-25,694738.0,0.3419812082425442,0.44073296631734393,0.0,6.5
2026-06-25,696149.0,0.7349478577837761,0.5686283084685017,0.0,4.5
2026-06-25,696149.0,0.736260916128348,0.5686283084685017,0.0,4.5
2026-06-25,813349.0,0.5611580096671446,0.48826857268194274,1.0,5.5
2026-06-25,813349.0,0.5909428954814672,0.48826857268194274,1.0,5.5
2026-06-25,837227.0,0.6615111473498978,0.47307306136466404,1.0,5.5
2026-06-25,837227.0,0.6704119380327963,0.47307306136466404,1.0,5.5
2026-06-26,543135.0,0.7052857999263042,0.5626591727408448,1.0,4.5
2026-06-26,543135.0,0.7408119825812649,0.5626591727408448,1.0,4.5
2026-06-26,543135.0,0.5382184567488718,0.4173610241240713,1.0,5.5
2026-06-26,543135.0,0.5819463989310854,0.4173610241240713,1.0,5.5
2026-06-26,554430.0,0.5451548539840125,0.5043489904374584,0.0,6.5
2026-06-26,554430.0,0.5446637641575589,0.5043489904374584,0.0,6.5
2026-06-26,571578.0,0.4018428797718409,0.58732181636987,1.0,3.5
2026-06-26,571578.0,0.3975041267149349,0.58732181636987,1.0,3.5
2026-06-26,571578.0,0.2552724224211671,,1.0,4.5
2026-06-26,571578.0,0.2518498927590222,,1.0,4.5
2026-06-26,607067.0,0.47200113499386354,0.40942671403618114,0.0,4.5
2026-06-26,607067.0,0.4832905892050792,0.40942671403618114,0.0,4.5
2026-06-26,607259.0,0.4539899390461627,0.45001840672522647,0.0,3.5
2026-06-26,607259.0,0.46763087747272836,0.45001840672522647,0.0,3.5
2026-06-26,622491.0,0.6912276205392484,0.5714811714958473,0.0,4.5
2026-06-26,622491.0,0.6724295027539711,0.5714811714958473,0.0,4.5
2026-06-26,668678.0,0.6656171192270443,0.5096903104752588,0.0,3.5
2026-06-26,668678.0,0.6530450387914114,0.5096903104752588,0.0,3.5
2026-06-26,669432.0,0.6306584117063855,0.5245431479116479,1.0,4.5
2026-06-26,669432.0,0.6738001897220932,0.5245431479116479,1.0,4.5
2026-06-26,671096.0,0.6085549607899747,0.5607541883573588,1.0,4.5
2026-06-26,671096.0,0.621693734347358,0.5607541883573588,1.0,4.5
2026-06-26,671096.0,0.4615452449042119,0.412226802520028,1.0,5.5
2026-06-26,671096.0,0.47536446304115476,0.412226802520028,1.0,5.5
2026-06-26,672456.0,0.6244150382790333,0.507695268757501,0.0,3.5
2026-06-26,672456.0,0.6480488142437495,0.507695268757501,0.0,3.5
2026-06-26,676282.0,0.538684278850981,0.4750118790460362,1.0,5.5
2026-06-26,676282.0,0.6074338993232454,0.4750118790460362,1.0,5.5
2026-06-26,694819.0,0.7248923928130818,0.5474697517675425,0.0,8.5
2026-06-26,694819.0,0.7223287341931256,0.5474697517675425,0.0,8.5
2026-06-26,694973.0,0.5124525886026231,0.5743806808109491,0.0,7.5
2026-06-26,694973.0,0.5043875965460825,0.5743806808109491,0.0,7.5
2026-06-26,694973.0,0.35435389739199513,0.4438081603435934,0.0,8.5
2026-06-26,694973.0,0.3470061470314489,0.4438081603435934,0.0,8.5
2026-06-26,701542.0,0.5707420988181375,0.5632238212002836,0.0,4.5
2026-06-26,701542.0,0.5643422223595631,0.5632238212002836,0.0,4.5
2026-06-26,701542.0,0.34176275734074124,0.4248366013071895,0.0,5.5
2026-06-26,701542.0,0.3359211739757562,0.4248366013071895,0.0,5.5
2026-06-26,801139.0,0.5690918923272198,0.5119028165670796,1.0,5.5
2026-06-26,801139.0,0.5746229975601876,0.5119028165670796,1.0,5.5
2026-06-26,804267.0,0.46711722404526845,0.5679084729900299,1.0,3.5
2026-06-26,804267.0,0.2963117989801632,0.41634080135015794,1.0,4.5
2026-06-27,543037.0,0.6472703816077315,0.587936136341453,1.0,4.5
2026-06-27,543037.0,0.623043383324593,0.587936136341453,1.0,4.5
2026-06-27,543037.0,0.48626983261720863,0.41867449543404317,0.0,5.5
2026-06-27,543037.0,0.4602066554549393,0.41867449543404317,0.0,5.5
2026-06-27,547179.0,0.605877065164185,0.5883964308553584,0.0,3.5
2026-06-27,547179.0,0.6036790403862322,0.5883964308553584,0.0,3.5
2026-06-27,547179.0,0.4224468479460751,0.42299112458426125,0.0,4.5
2026-06-27,547179.0,0.4202047853650805,0.42299112458426125,0.0,4.5
2026-06-27,608379.0,0.4765729955359072,0.5113645854269064,1.0,4.5
2026-06-27,608379.0,0.4993802497316738,0.5113645854269064,1.0,4.5
2026-06-27,656302.0,0.43526982442528356,0.5533101405204846,1.0,7.5
2026-06-27,656302.0,0.41996087114673253,0.5533101405204846,1.0,7.5
2026-06-27,656302.0,0.2994948605574424,0.4275925621906649,1.0,8.5
2026-06-27,656302.0,0.28653830136757275,0.4275925621906649,1.0,8.5
2026-06-27,663436.0,0.4133135158148893,0.4315478253468836,0.0,5.5
2026-06-27,663436.0,0.38394595539217014,0.4315478253468836,0.0,5.5
2026-06-27,664285.0,0.6238087879212942,0.5646543365846984,0.0,4.5
2026-06-27,664285.0,0.6212385321959327,0.5646543365846984,0.0,4.5
2026-06-27,669302.0,0.6402993244489107,0.5598042139206455,1.0,6.5
2026-06-27,669302.0,0.6448778382509812,0.5598042139206455,1.0,6.5
2026-06-27,669467.0,0.49209369601182595,0.47979353512420825,0.0,4.5
2026-06-27,669467.0,0.4792036459588006,0.47979353512420825,0.0,4.5
2026-06-27,677944.0,0.5752458236166363,0.4597229208208026,0.0,4.5
2026-06-27,677944.0,0.5808864584593045,0.4597229208208026,0.0,4.5
2026-06-27,681035.0,0.5481268865924475,0.5133956911401951,1.0,4.5
2026-06-27,681035.0,0.6079272587325711,0.5133956911401951,1.0,4.5
2026-06-27,683003.0,0.5685128216637642,0.4458379782011323,0.0,5.5
2026-06-27,683003.0,0.5569402840218742,0.4458379782011323,0.0,5.5
2026-06-27,687064.0,0.6261148965312585,0.42281189996887547,1.0,4.5
2026-06-27,687064.0,0.650897182751744,0.42281189996887547,1.0,4.5
2026-06-27,687562.0,0.7840053282962165,0.5940959409594095,0.0,3.5
2026-06-27,687562.0,0.7895964534864081,0.5940959409594095,0.0,3.5
2026-06-27,687562.0,0.6245373420276418,0.4360960826329279,0.0,4.5
2026-06-27,687562.0,0.6323204846995049,0.4360960826329279,0.0,4.5
2026-06-27,690986.0,0.6766993575909817,0.5865846336209326,1.0,5.5
2026-06-27,690986.0,0.7129906800112391,0.5865846336209326,1.0,5.5
2026-06-27,690986.0,0.5313934039625022,0.4344402772921765,1.0,6.5
2026-06-27,690986.0,0.5737207804552655,0.4344402772921765,1.0,6.5
2026-06-27,695505.0,0.6106299458907897,0.5834970530451867,1.0,6.5
2026-06-27,695505.0,0.6376863657065585,0.5834970530451867,1.0,6.5
2026-06-27,695505.0,0.42954544755286295,0.4263166829357613,1.0,7.5
2026-06-27,695505.0,0.45801645125136387,0.4263166829357613,1.0,7.5
2026-06-27,702474.0,0.5266413415256238,0.48362542949126036,0.0,3.5
2026-06-28,518876.0,0.49525686448657,0.5297578730357901,0.0,3.5
2026-06-28,518876.0,0.49053644303418975,0.5297578730357901,0.0,3.5
2026-06-28,519242.0,0.5071328029485948,0.5742771247330368,1.0,7.5
2026-06-28,519242.0,0.5047075458199811,0.5742771247330368,1.0,7.5
2026-06-28,519242.0,0.3462193062777741,0.4365782914593325,1.0,8.5
2026-06-28,519242.0,0.34402644079542954,0.4365782914593325,1.0,8.5
2026-06-28,543243.0,0.6521538882281948,0.5454424511037295,1.0,5.5
2026-06-28,543243.0,0.6720912280144752,0.5454424511037295,1.0,5.5
2026-06-28,592662.0,0.4504464331948481,0.5781765711688888,0.0,4.5
2026-06-28,592662.0,0.44872561387369786,0.5781765711688888,0.0,4.5
2026-06-28,592662.0,0.37983890185971003,0.4167731861686333,0.0,5.5
2026-06-28,592662.0,0.3782021873270254,0.4167731861686333,0.0,5.5
2026-06-28,605540.0,0.6388098550393017,0.5638823798832563,1.0,5.5
2026-06-28,605540.0,0.6267869372558204,0.5638823798832563,1.0,5.5
2026-06-28,607074.0,0.5385350090887226,0.5173950966158961,1.0,5.5
2026-06-28,607074.0,0.555392815276303,0.5173950966158961,1.0,5.5
2026-06-28,641793.0,0.6129849362881047,0.48684681455030443,0.0,3.5
2026-06-28,641793.0,0.6291709819578767,0.48684681455030443,0.0,3.5
2026-06-28,650633.0,0.5495788369006522,0.5494669469856989,1.0,4.5
2026-06-28,650633.0,0.5642694573808519,0.5494669469856989,1.0,4.5
2026-06-28,650633.0,0.3861343565151066,,0.0,5.5
2026-06-28,650633.0,0.40033919321244926,,0.0,5.5
2026-06-28,650644.0,0.7007287130335448,0.5692871193108593,0.0,3.5
2026-06-28,650644.0,0.6832517428303996,0.5692871193108593,0.0,3.5
2026-06-28,650644.0,0.6382732272604444,0.4214898792393884,0.0,4.5
2026-06-28,650644.0,0.6191313812878746,0.4214898792393884,0.0,4.5
2026-06-28,656427.0,0.3434199033734992,0.4865133100432675,1.0,5.5
2026-06-28,656427.0,0.35062308089395267,0.4865133100432675,1.0,5.5
2026-06-28,656605.0,0.572018986826118,0.5755212396522869,0.0,4.5
2026-06-28,656605.0,0.5934375511791877,0.5755212396522869,0.0,4.5
2026-06-28,656605.0,0.40357812231916274,0.43071288068914054,0.0,5.5
2026-06-28,656605.0,0.42495204947256604,0.43071288068914054,0.0,5.5
2026-06-28,656876.0,0.5139091177985624,0.4886614775649516,0.0,5.5
2026-06-28,656876.0,0.5019321263141677,0.4886614775649516,0.0,5.5
2026-06-28,663372.0,0.6631854845631692,,0.0,3.5
2026-06-28,663372.0,0.6505994725906451,,0.0,3.5
2026-06-28,663372.0,0.49452390196144846,0.4259887325864475,0.0,4.5
2026-06-28,663372.0,0.48057170947314093,0.4259887325864475,0.0,4.5
2026-06-28,663903.0,0.6640292042918461,0.5410406873989436,1.0,4.5
2026-06-28,663903.0,0.6704784865691351,0.5410406873989436,1.0,4.5
2026-06-28,663969.0,0.5845577555850673,0.4530697402013835,0.0,3.5
2026-06-28,663969.0,0.5609785241621116,0.4530697402013835,0.0,3.5
2026-06-28,666200.0,0.6492082811975322,0.5672262462162,0.0,6.5
2026-06-28,666200.0,0.6454068092897262,0.5672262462162,0.0,6.5
2026-06-28,666200.0,0.4943597513855037,,0.0,7.5
2026-06-28,666200.0,0.49019794347663015,,0.0,7.5
2026-06-28,668909.0,0.587876908410773,0.5391161571333221,0.0,6.5
2026-06-28,668909.0,0.5827738983746271,0.5391161571333221,0.0,6.5
2026-06-28,669456.0,0.5090464248081633,0.5467238845521813,0.0,4.5
2026-06-28,669456.0,0.5251904332043061,0.5467238845521813,0.0,4.5
2026-06-28,669456.0,0.33066474239916926,,0.0,5.5
2026-06-28,669456.0,0.34512841423674423,,0.0,5.5
2026-06-28,676106.0,0.5381954520372888,0.5369342926674524,1.0,4.5
2026-06-28,676106.0,0.5262703771058549,0.5369342926674524,1.0,4.5
2026-06-28,676106.0,0.3876376429880382,,1.0,5.5
2026-06-28,676106.0,0.3763300196087975,,1.0,5.5
2026-06-28,677958.0,0.7007502146586356,0.5626411184074277,1.0,3.5
2026-06-28,677958.0,0.7238027624283576,0.5626411184074277,1.0,3.5
2026-06-28,677958.0,0.5259071457051006,,1.0,4.5
2026-06-28,677958.0,0.5538533644809551,,1.0,4.5
2026-06-28,679883.0,0.7852588924077961,0.5702426440341117,1.0,3.5
2026-06-28,679883.0,0.7803229627518026,0.5702426440341117,1.0,3.5
2026-06-28,680694.0,0.8189987979634236,0.5455072393175667,0.0,5.5
2026-06-28,680694.0,0.7959162642562979,0.5455072393175667,0.0,5.5
2026-06-28,680694.0,0.7078993211328305,,0.0,6.5
2026-06-28,680694.0,0.6762492978775465,,0.0,6.5
2026-06-28,681517.0,0.4302801089815604,0.4708298825132433,1.0,4.5
2026-06-28,681517.0,0.44217198343016223,0.4708298825132433,1.0,4.5
2026-06-28,686218.0,0.5008185361666752,0.5040515323886439,0.0,5.5
2026-06-28,686218.0,0.5216757176122102,0.5040515323886439,0.0,5.5
2026-06-28,686613.0,0.541122544368642,0.5547532189439863,0.0,6.5
2026-06-28,686613.0,0.5077373698273822,0.5547532189439863,0.0,6.5
2026-06-28,686613.0,0.3848979739687721,,0.0,7.5
2026-06-28,686613.0,0.35372153821215646,,0.0,7.5
2026-06-28,687570.0,0.3799211260321234,0.47577052462800157,1.0,5.5
2026-06-28,687570.0,0.4133392442106468,0.47577052462800157,1.0,5.5
2026-06-29,571945.0,0.29295223697753686,0.3587443946188341,0.0,3.5
2026-06-29,571945.0,0.27739509150721675,0.3587443946188341,0.0,3.5
2026-06-29,605400.0,0.48986027360110723,0.5219103671001565,0.0,5.5
2026-06-29,605400.0,0.5047753585659188,0.5219103671001565,0.0,5.5
2026-06-29,624133.0,0.5272639807207655,0.5025160661616519,1.0,5.5
2026-06-29,624133.0,0.5320909695640424,0.5025160661616519,1.0,5.5
2026-06-29,640455.0,0.6480038845624526,,1.0,3.5
2026-06-29,640455.0,0.6224978218840729,,1.0,3.5
2026-06-29,640455.0,0.49154065092739124,0.42334389312404114,0.0,4.5
2026-06-29,640455.0,0.4640736726521397,0.42334389312404114,0.0,4.5
2026-06-29,663554.0,0.7046956165719803,0.6202531645569621,1.0,4.5
2026-06-29,663554.0,0.7001657547953386,0.6202531645569621,1.0,4.5
2026-06-29,663554.0,0.6426733549433226,0.4722088214072825,1.0,5.5
2026-06-29,663554.0,0.6376812553161811,0.4722088214072825,1.0,5.5
2026-06-29,666157.0,0.598821642444669,0.5035234589120569,0.0,4.5
2026-06-29,666157.0,0.5891669627123228,0.5035234589120569,0.0,4.5
2026-06-29,669358.0,0.49188330499929206,0.4544917675078166,1.0,5.5
2026-06-29,669358.0,0.48059945728827,0.4544917675078166,1.0,5.5
2026-06-29,677952.0,0.7951015211560397,0.5665108372290693,1.0,5.5
2026-06-29,677952.0,0.7949173473989036,0.5665108372290693,1.0,5.5
2026-06-29,677952.0,0.6470344364319092,0.44105434053659665,1.0,6.5
2026-06-29,677952.0,0.646776297522383,0.44105434053659665,1.0,6.5
2026-06-29,680732.0,0.6518738766386458,0.4961389928073366,1.0,5.5
2026-06-29,680732.0,0.683310007735334,0.4961389928073366,1.0,5.5
2026-06-29,688107.0,0.4852024103161346,0.641255605381166,1.0,4.5
2026-06-29,688107.0,0.4742133724232628,0.641255605381166,1.0,4.5
2026-06-29,688107.0,0.42692611633379196,0.5120345737008577,0.0,5.5
2026-06-29,688107.0,0.41618989350863744,0.5120345737008577,0.0,5.5
2026-06-29,702056.0,0.5168385705005154,0.5401316168828598,0.0,5.5
2026-06-29,702056.0,0.5368016858309874,0.5401316168828598,0.0,5.5
2026-06-29,702056.0,0.36787944014774376,,0.0,6.5
2026-06-29,702056.0,0.38669379389362407,,0.0,6.5
2026-06-29,800048.0,0.6638296871311347,,0.0,5.5
2026-06-29,800048.0,0.6840290331148989,,0.0,5.5
2026-06-29,800048.0,0.47659884006483116,0.44912826420638824,0.0,6.5
2026-06-29,800048.0,0.49956731230976065,0.44912826420638824,0.0,6.5
2026-07-03,543037.0,0.4156495641720448,0.4629719961412737,1.0,5.5
2026-07-03,543037.0,0.44697279708430937,0.4629719961412737,1.0,5.5
2026-07-03,641743.0,0.5352111267559757,0.5367365410223629,0.0,4.5
2026-07-03,641743.0,0.556446887498811,0.5367365410223629,0.0,4.5
2026-07-03,641743.0,0.3870599687945183,,0.0,5.5
2026-07-03,641743.0,0.40757210152920514,,0.0,5.5
2026-07-03,656492.0,0.4761960805140603,0.44837874602987915,0.0,6.5
2026-07-03,656492.0,0.4440234406838831,0.44837874602987915,0.0,6.5
2026-07-03,656550.0,0.5569971508154364,0.5133305052863467,0.0,4.5
2026-07-03,656550.0,0.5518263445790323,0.5133305052863467,0.0,4.5
2026-07-03,656605.0,0.7422221284821534,0.576713347258092,0.0,3.5
2026-07-03,656605.0,0.7205550796268642,0.576713347258092,0.0,3.5
2026-07-03,663903.0,0.7187543479432605,0.5694238315179587,1.0,4.5
2026-07-03,663903.0,0.7208117348768778,0.5694238315179587,1.0,4.5
2026-07-03,663903.0,0.5473597426821463,0.43073269115881,1.0,5.5
2026-07-03,663903.0,0.5498857462003353,0.43073269115881,1.0,5.5
2026-07-03,668909.0,0.4584157559288724,0.45163352204915036,0.0,6.5
2026-07-03,668909.0,0.4559222883535241,0.45163352204915036,0.0,6.5
2026-07-03,669432.0,0.48493695397569575,0.4520548931376428,0.0,5.5
2026-07-03,669432.0,0.4592798261089347,0.4520548931376428,0.0,5.5
2026-07-03,669467.0,0.6813528553574911,0.5478131982164811,0.0,3.5
2026-07-03,669467.0,0.64991150468772,0.5478131982164811,0.0,3.5
2026-07-03,681035.0,0.6482140035837646,0.5181088467991389,1.0,4.5
2026-07-03,681035.0,0.6542251572626635,0.5181088467991389,1.0,4.5
2026-07-03,702474.0,0.5239198664145576,0.4403633155278405,0.0,3.5
2026-07-03,702474.0,0.49367349691280205,0.4403633155278405,0.0,3.5
2026-07-04,656427.0,0.4883625011515675,0.4959794169487908,0.0,5.5
2026-07-04,656427.0,0.4566936636609119,0.4959794169487908,0.0,5.5
2026-07-04,656876.0,0.5448054604837997,0.5374716244637036,0.0,5.5
2026-07-04,656876.0,0.5294881590278012,0.5374716244637036,0.0,5.5
2026-07-04,669302.0,0.6783033072555954,0.5664674805341124,1.0,5.5
2026-07-04,669302.0,0.6839974308415033,0.5664674805341124,1.0,5.5
2026-07-04,669302.0,0.47914670745026344,0.4348451559155427,1.0,6.5
2026-07-04,669302.0,0.4856931172049469,0.4348451559155427,1.0,6.5
2026-07-04,669456.0,0.5829875422857727,0.5682026969313144,0.0,4.5
2026-07-04,669456.0,0.6078712927300788,0.5682026969313144,0.0,4.5
2026-07-04,669456.0,0.4239096089825806,,0.0,5.5
2026-07-04,669456.0,0.44931939271964816,,0.0,5.5
2026-07-04,677952.0,0.7944639839006675,,1.0,5.5
2026-07-04,677952.0,0.7872948865643566,,1.0,5.5
2026-07-04,677952.0,0.6031537563224816,0.47413839206641495,1.0,6.5
2026-07-04,677952.0,0.5927324988600415,0.47413839206641495,1.0,6.5
2026-07-04,680732.0,0.6899352657085367,,1.0,5.5
2026-07-04,680732.0,0.6908521141509016,,1.0,5.5
2026-07-04,686613.0,0.558914187115215,,0.0,5.5
2026-07-04,686613.0,0.5327104574822498,,0.0,5.5
2026-07-04,686613.0,0.37292254174360184,0.4388685894110056,0.0,6.5
2026-07-04,686613.0,0.34854820336955894,0.4388685894110056,0.0,6.5
2026-07-04,687064.0,0.6280330495641364,0.5495281870345626,1.0,4.5
2026-07-04,687064.0,0.6450947452339457,0.5495281870345626,1.0,4.5
2026-07-04,687064.0,0.4775502536302778,,0.0,5.5
2026-07-04,687064.0,0.49597487324932016,,0.0,5.5
2026-07-04,800048.0,0.4981360008369355,,0.0,6.5
2026-07-04,800048.0,0.44038386743190205,,0.0,6.5
2026-07-04,805673.0,0.7675904790763439,0.5403914262890712,1.0,4.5
2026-07-04,805673.0,0.7783973556766022,0.5403914262890712,1.0,4.5
2026-07-04,805673.0,0.6520091566773943,,0.0,5.5
2026-07-04,805673.0,0.6658508655362473,,0.0,5.5
2026-07-05,527048.0,0.47787422645561156,0.5902735864650811,0.0,3.5
2026-07-05,527048.0,0.4497013945078966,0.5902735864650811,0.0,3.5
2026-07-05,527048.0,0.2964805991925007,0.43326426310403354,0.0,4.5
2026-07-05,527048.0,0.27340202648742384,0.43326426310403354,0.0,4.5
2026-07-05,593958.0,0.64491301833366,,0.0,3.5
2026-07-05,593958.0,0.6328667387004229,,0.0,3.5
2026-07-05,593958.0,0.4706820573731012,0.4353328570375311,0.0,4.5
2026-07-05,593958.0,0.45769535058214345,0.4353328570375311,0.0,4.5
2026-07-05,605400.0,0.7246230986864934,,1.0,3.5
2026-07-05,605400.0,0.7385520418512767,,1.0,3.5
2026-07-05,605400.0,0.5491864936049391,0.5753343191054257,1.0,4.5
2026-07-05,605400.0,0.5666828053682156,0.5753343191054257,1.0,4.5
2026-07-05,605400.0,0.3857243385860124,,1.0,5.5
2026-07-05,605400.0,0.4026644454844514,,1.0,5.5
2026-07-05,605400.0,0.23977550157358737,,1.0,6.5
2026-07-05,605400.0,0.25294526485946583,,1.0,6.5
2026-07-05,641816.0,0.6338872265407858,0.5990402033727357,1.0,3.5
2026-07-05,641816.0,0.6641152432028277,0.5990402033727357,1.0,3.5
2026-07-05,641816.0,0.47080214734961334,0.4156602203020175,1.0,4.5
2026-07-05,641816.0,0.5039582892142764,0.4156602203020175,1.0,4.5
2026-07-05,657746.0,0.49122013311170065,0.5098532127981245,1.0,6.5
2026-07-05,657746.0,0.5320872314712481,0.5098532127981245,1.0,6.5
2026-07-05,663554.0,0.7454666056629657,0.5951882775590969,0.0,4.5
2026-07-05,663554.0,0.7485200117481992,0.5951882775590969,0.0,4.5
2026-07-05,663554.0,0.582619632463859,0.42816143617198377,0.0,5.5
2026-07-05,663554.0,0.5865430842275778,0.42816143617198377,0.0,5.5
2026-07-05,663567.0,0.42360467542792,0.47927640983921205,1.0,4.5
2026-07-05,663567.0,0.45462943970001346,0.47927640983921205,1.0,4.5
2026-07-05,665871.0,0.45270489558507193,0.45266360979523146,0.0,3.5
2026-07-05,665871.0,0.47136120450444335,0.45266360979523146,0.0,3.5
2026-07-05,666157.0,0.5266199979038533,0.5072031944466233,0.0,5.5
2026-07-05,666157.0,0.5221804085996982,0.5072031944466233,0.0,5.5
2026-07-05,669438.0,0.4080167335038073,0.501616556748827,1.0,3.5
2026-07-05,669438.0,0.44296801078011094,0.501616556748827,1.0,3.5
2026-07-05,669461.0,0.48673421528308664,0.4481388788656626,0.0,4.5
2026-07-05,669461.0,0.49350361947819926,0.4481388788656626,0.0,4.5
2026-07-05,676106.0,0.4005846166543667,0.4618726408645733,1.0,4.5
2026-07-05,676106.0,0.43695151841709695,0.4618726408645733,1.0,4.5
2026-07-05,676440.0,0.5632618302954332,0.5718346549252498,0.0,4.5
2026-07-05,676440.0,0.5443898555579367,0.5718346549252498,0.0,4.5
2026-07-05,676440.0,0.4048324650638366,0.42286449087878625,0.0,5.5
2026-07-05,676440.0,0.38657023467282176,0.42286449087878625,0.0,5.5
2026-07-05,676664.0,0.5162129746738545,0.544047202888528,1.0,3.5
2026-07-05,676664.0,0.5376405780723682,0.544047202888528,1.0,3.5
2026-07-05,676664.0,0.35698601820537484,,1.0,4.5
2026-07-05,676664.0,0.37695409436730776,,1.0,4.5
2026-07-05,677958.0,0.6802142041436153,0.5603797107292151,0.0,4.5
2026-07-05,677958.0,0.6910773479897903,0.5603797107292151,0.0,4.5
2026-07-05,677958.0,0.4575531870989383,0.3959708232025009,0.0,5.5
2026-07-05,677958.0,0.4700876493238227,0.3959708232025009,0.0,5.5
2026-07-05,677960.0,0.48649494986341657,0.531916344050256,1.0,5.5
2026-07-05,677960.0,0.4941266090502005,0.531916344050256,1.0,5.5
2026-07-05,679883.0,0.7726267409159844,0.5905645736716061,1.0,3.5
2026-07-05,679883.0,0.7559308699654864,0.5905645736716061,1.0,3.5
2026-07-05,679883.0,0.6075262914666423,0.40938236407847234,0.0,4.5
2026-07-05,679883.0,0.5852155483098683,0.40938236407847234,0.0,4.5
2026-07-05,679883.0,0.45346668168191895,,0.0,5.5
2026-07-05,679883.0,0.430606242184413,,0.0,5.5
2026-07-05,680694.0,0.452686139189187,0.5078528392559177,0.0,6.5
2026-07-05,680694.0,0.42761306028854634,0.5078528392559177,0.0,6.5
2026-07-05,685299.0,0.5102304425468914,0.46279201168814443,1.0,3.5
2026-07-05,685299.0,0.5216976910196088,0.46279201168814443,1.0,3.5
2026-07-05,686218.0,0.7869773022339266,,1.0,4.5
2026-07-05,686218.0,0.7835684045806914,,1.0,4.5
2026-07-05,686218.0,0.6242985632068221,0.5027223687865979,0.0,5.5
2026-07-05,686218.0,0.6195449173869619,0.5027223687865979,0.0,5.5
2026-07-05,686218.0,0.4753640786310515,,0.0,6.5
2026-07-05,686218.0,0.4703248149617372,,0.0,6.5
2026-07-05,687075.0,0.5987464829616008,0.4146740020338136,0.0,4.5
2026-07-05,690997.0,0.6617368276825086,0.5475879231262518,0.0,5.5
2026-07-05,690997.0,0.6526592124818055,0.5475879231262518,0.0,5.5
2026-07-05,690997.0,0.4957000783159897,0.4176935633581922,0.0,6.5
2026-07-05,690997.0,0.4856301785646062,0.4176935633581922,0.0,6.5
2026-07-05,691587.0,0.5622932967709636,0.5477834402966704,1.0,5.5
2026-07-05,691587.0,0.5299092807370549,0.5477834402966704,1.0,5.5
2026-07-05,696149.0,0.5815659745993063,0.48334717907138697,0.0,4.5
2026-07-05,696149.0,0.5184172456598092,0.48334717907138697,0.0,4.5
2026-07-05,702056.0,0.5865809131981905,0.5825700113386711,1.0,5.5
2026-07-05,702056.0,0.5699495565709519,0.5825700113386711,1.0,5.5
2026-07-05,702056.0,0.3599249822319532,0.43051625001908556,1.0,6.5
2026-07-05,702056.0,0.3443670045996971,0.43051625001908556,1.0,6.5
2026-07-06,571945.0,0.39997186015115677,0.398890913772821,0.0,3.5
2026-07-06,571945.0,0.3928187033517944,0.398890913772821,0.0,3.5
2026-07-06,625643.0,0.4830506709576683,0.4462557590202228,1.0,4.5
2026-07-06,625643.0,0.48681136185437435,0.4462557590202228,1.0,4.5
2026-07-06,642547.0,0.49422289278711784,0.5636236975826829,1.0,4.5
2026-07-06,642547.0,0.47976793060197687,0.5636236975826829,1.0,4.5
2026-07-06,643377.0,0.5579676585688474,0.4749510993348983,1.0,5.5
2026-07-06,643377.0,0.5733069704688091,0.4749510993348983,1.0,5.5
2026-07-06,669160.0,0.6346394875716473,0.5481788842784694,1.0,3.5
2026-07-06,669160.0,0.61226609247084,0.5481788842784694,1.0,3.5
2026-07-06,669160.0,0.5638977535651277,,1.0,4.5
2026-07-06,669160.0,0.5403300368116618,,1.0,4.5
2026-07-06,675660.0,0.6746844413845796,0.5940959409594095,0.0,3.5
2026-07-06,675660.0,0.6605607820339013,0.5940959409594095,0.0,3.5
2026-07-06,675660.0,0.48413144492624044,0.41798563058976573,0.0,4.5
2026-07-06,675660.0,0.4682550766412055,0.41798563058976573,0.0,4.5
2026-07-06,681347.0,0.6552015834129964,0.5735149351211166,0.0,3.5
2026-07-06,681347.0,0.6151268164922746,0.5735149351211166,0.0,3.5
2026-07-06,693645.0,0.5711690597659157,0.5693407162616825,1.0,5.5
2026-07-06,693645.0,0.5798177046375069,0.5693407162616825,1.0,5.5
2026-07-06,693645.0,0.49366529637768486,,1.0,6.5
2026-07-06,693645.0,0.5025155907252806,,1.0,6.5
2026-07-06,702070.0,0.43026414274778096,0.5666294915850678,1.0,4.5
2026-07-06,702070.0,0.4295542662769147,0.5666294915850678,1.0,4.5
2026-07-06,702070.0,0.2704122880666065,,1.0,5.5
2026-07-06,702070.0,0.26984123427831247,,1.0,5.5
2026-07-07,554430.0,0.27981964001832965,0.4561586597198904,1.0,7.5
2026-07-07,554430.0,0.30753125794199837,0.4561586597198904,1.0,7.5
2026-07-07,571510.0,0.49326750826264254,0.6027461935754987,1.0,4.5
2026-07-07,571510.0,0.5146298050356302,0.6027461935754987,1.0,4.5
2026-07-07,571510.0,0.33817951111998124,0.40661200379187373,1.0,5.5
2026-07-07,571510.0,0.35756465588993425,0.40661200379187373,1.0,5.5
2026-07-07,607625.0,0.38803073073058175,0.4730974759457216,0.0,4.5
2026-07-07,607625.0,0.4144932672082282,0.4730974759457216,0.0,4.5
2026-07-07,669358.0,0.46209421530520456,0.43650255292217427,0.0,5.5
2026-07-07,669358.0,0.4321294141926563,0.43650255292217427,0.0,5.5
2026-07-07,669372.0,0.5314027331079405,0.5492088580535105,0.0,4.5
2026-07-07,669372.0,0.5379468940870846,0.5492088580535105,0.0,4.5
2026-07-07,669372.0,0.36705375299784565,,0.0,5.5
2026-07-07,669372.0,0.3731858184112314,,0.0,5.5
2026-07-07,669373.0,0.5194007576596819,0.5659897729134012,1.0,7.5
2026-07-07,669373.0,0.5263879193131594,0.5659897729134012,1.0,7.5
2026-07-07,669373.0,0.3384927470385138,0.43589422229850905,1.0,8.5
2026-07-07,669373.0,0.34479221479185135,0.43589422229850905,1.0,8.5
2026-07-07,671096.0,0.4600260773539457,0.5689809531641747,1.0,4.5
2026-07-07,671096.0,0.45002322261853184,0.5689809531641747,1.0,4.5
2026-07-07,671096.0,0.3822293008141006,0.4209771747540851,1.0,5.5
2026-07-07,671096.0,0.3727503213501596,0.4209771747540851,1.0,5.5
2026-07-07,671737.0,0.6357975762272281,0.5940959409594095,1.0,5.5
2026-07-07,671737.0,0.6869518354252806,0.5940959409594095,1.0,5.5
2026-07-07,671737.0,0.4547241729993254,0.43693565175737364,1.0,6.5
2026-07-07,671737.0,0.5117818083859096,0.43693565175737364,1.0,6.5
2026-07-07,674841.0,0.5097853850990512,0.5102188851592255,0.0,4.5
2026-07-07,674841.0,0.48725927903312577,0.5102188851592255,0.0,4.5
2026-07-07,676282.0,0.7225044913251354,0.5786232014281187,1.0,4.5
2026-07-07,676282.0,0.7098297036136788,0.5786232014281187,1.0,4.5
2026-07-07,676282.0,0.5749331068643982,0.43970944723341776,1.0,5.5
2026-07-07,676282.0,0.5596262532971203,0.43970944723341776,1.0,5.5
2026-07-07,676974.0,0.4496789125034482,0.444600661829269,0.0,6.5
2026-07-07,676974.0,0.44225257307494864,0.444600661829269,0.0,6.5
2026-07-07,688107.0,0.45747207940891194,0.563597254633744,1.0,3.5
2026-07-07,688107.0,0.4388838710207469,0.563597254633744,1.0,3.5
2026-07-07,688107.0,0.4059902438224099,0.39018584427145686,0.0,4.5
2026-07-07,688107.0,0.38799785923312125,0.39018584427145686,0.0,4.5
2026-07-07,690928.0,0.4455484468137177,0.5239036539663012,1.0,3.5
2026-07-07,690928.0,0.4360203195383989,0.5239036539663012,1.0,3.5
2026-07-07,693433.0,0.6288616959296007,0.6202531645569621,1.0,4.5
2026-07-07,693433.0,0.63224657740869,0.6202531645569621,1.0,4.5
2026-07-07,693433.0,0.43218072686145814,0.42816103560033375,0.0,5.5
2026-07-07,693433.0,0.43574990837194005,0.42816103560033375,0.0,5.5
2026-07-07,693855.0,0.49392117553422665,0.5021529206199509,1.0,5.5
2026-07-07,693855.0,0.5146072662095408,0.5021529206199509,1.0,5.5
2026-07-07,694819.0,0.8657554255387808,,1.0,6.5
2026-07-07,694819.0,0.8620960649503786,,1.0,6.5
2026-07-07,694819.0,0.7536200831682918,0.5566780975348373,1.0,7.5
2026-07-07,694819.0,0.7477944871535619,0.5566780975348373,1.0,7.5
2026-07-07,694819.0,0.5526813725902547,0.43668122270742354,1.0,8.5
2026-07-07,694819.0,0.544973313755277,0.43668122270742354,1.0,8.5
2026-07-07,694973.0,0.4702934613161358,0.4956427034770643,0.0,6.5
2026-07-07,694973.0,0.4588079811086991,0.4956427034770643,0.0,6.5
2026-07-07,701542.0,0.5541295421390751,0.47647649000385744,0.0,4.5
2026-07-07,701542.0,0.5334434801876056,0.47647649000385744,0.0,4.5
2026-07-07,702273.0,0.4007782648577736,0.5191521694576432,0.0,4.5
2026-07-07,801139.0,0.4512955210903715,0.5097538195665465,1.0,5.5
2026-07-07,801139.0,0.47941934563432603,0.5097538195665465,1.0,5.5
