game_date,pitcher_id,pitcher_name,line,bet_side,won,best_odds,edge,p_model,p_over_open,p_over_close,clv_over,outcome_over,actual_ks,pnl
2026-06-01,594798.0,Jacob deGrom,5.5,over,True,-150.0,0.17979133765737676,0.7473215184157425,,0.5675301807583657,,1.0,8,0.6666666666666666
2026-06-01,689818.0,David Sandlin,4.5,over,False,135.0,0.15781975376142604,0.5603336570659391,,0.40251390330451303,,0.0,4,-1.0
2026-06-01,689818.0,David Sandlin,4.5,over,False,135.0,0.18135816311839997,0.583872066422913,,0.40251390330451303,,0.0,4,-1.0
2026-06-01,676917.0,Cade Cavalli,5.5,over,True,106.0,0.1009027239250867,0.5673053843294166,0.4563289124867005,0.46640266040432987,0.010073747917629383,1.0,6,1.06
2026-06-01,675660.0,Shane Drohan,3.5,over,True,124.0,0.21647398774529958,0.6507535148664946,0.41342771727312416,0.434279527121195,0.020851809848070835,1.0,5,1.24
2026-06-01,657746.0,Joe Ryan,5.5,over,True,-147.0,0.10788140514919053,0.6885662732838831,0.5831153313058199,0.5806848681346926,-0.002430463171127384,1.0,9,0.6802721088435374
2026-06-01,675660.0,Shane Drohan,3.5,over,True,124.0,0.23367441483035878,0.6679539419515538,0.41342771727312416,0.434279527121195,0.020851809848070835,1.0,5,1.24
2026-06-01,643377.0,Griffin Jax,4.5,over,True,-130.0,0.18137270187013077,0.7337122643291901,0.5526973188956827,0.5523395624590594,-0.00035775643662339096,1.0,5,0.7692307692307693
2026-06-01,643377.0,Griffin Jax,4.5,over,True,-130.0,0.1713862795654324,0.7237258420244918,0.5526973188956827,0.5523395624590594,-0.00035775643662339096,1.0,5,0.7692307692307693
2026-06-01,594798.0,Jacob deGrom,6.5,over,True,125.0,0.2695621868728434,0.6992276051677387,0.43543341736862967,0.42966541829489535,-0.00576799907373432,1.0,8,1.25
2026-06-01,594798.0,Jacob deGrom,6.5,over,True,125.0,0.2574579532609802,0.6871233715558756,0.43543341736862967,0.42966541829489535,-0.00576799907373432,1.0,8,1.25
2026-06-01,594798.0,Jacob deGrom,5.5,over,True,-150.0,0.19038718579115144,0.7579173665495171,,0.5675301807583657,,1.0,8,0.6666666666666666
2026-06-01,645261.0,Sandy Alcantara,3.5,over,True,-160.0,0.11254275151687876,0.6991977159271053,0.575105578756105,0.5866549644102266,0.011549385654121558,1.0,5,0.625
2026-06-02,686790.0,Trevor McDonald,4.5,over,False,-110.0,0.13904261524395545,0.6568053401827905,0.5183811685311812,0.517762724938835,-0.0006184435923461962,0.0,4,-1.0
2026-06-02,690986.0,Kyle Harrison,7.5,under,False,-152.0,0.17427423702424016,0.25789915027012966,,0.4321733872943698,,1.0,12,-1.0
2026-06-02,690986.0,Kyle Harrison,7.5,under,False,-152.0,0.1937831436946536,0.23839024359971622,,0.4321733872943698,,1.0,12,-1.0
2026-06-02,693645.0,Cam Schlittler,6.5,over,False,112.0,0.10018844572623509,0.5707775008418525,0.48718083121749717,0.47058905511561744,-0.01659177610187973,0.0,3,-1.0
2026-06-02,693645.0,Cam Schlittler,6.5,over,False,112.0,0.1338505543089199,0.6044396094245373,0.48718083121749717,0.47058905511561744,-0.01659177610187973,0.0,3,-1.0
2026-06-02,686790.0,Trevor McDonald,4.5,over,False,-110.0,0.12556189884140379,0.6433246237802388,0.5183811685311812,0.517762724938835,-0.0006184435923461962,0.0,4,-1.0
2026-06-02,669358.0,Shane Baz,4.5,over,True,-143.0,0.1073503396719504,0.668143476171354,0.5665108372290693,0.5607931364994035,-0.005717700729665709,1.0,6,0.6993006993006993
2026-06-02,690986.0,Kyle Harrison,6.5,under,False,106.0,0.10263655988914566,0.43732443758083894,0.5021559062037255,0.5399609974699846,0.03780509126625908,1.0,12,-1.0
2026-06-02,669160.0,Dustin May,4.5,over,True,-135.0,0.20542154764100062,0.7706249148287591,0.5367193319613122,0.5652033671877584,0.02848403522644627,1.0,9,0.7407407407407407
2026-06-02,543135.0,Nathan Eovaldi,5.5,over,True,-135.0,0.1981892483613844,0.742400153739697,0.5357026737006169,0.5442109053783126,0.008508231677695766,1.0,7,0.7407407407407407
2026-06-02,669160.0,Dustin May,4.5,over,True,-135.0,0.21840520783290562,0.783608575020664,0.5367193319613122,0.5652033671877584,0.02848403522644627,1.0,9,0.7407407407407407
2026-06-02,656427.0,Jack Flaherty,4.5,over,True,-150.0,0.13332403481416055,0.6993728356712986,0.584301552407845,0.566048800857138,-0.018252751550706936,1.0,6,0.6666666666666666
2026-06-02,543135.0,Nathan Eovaldi,5.5,over,True,-135.0,0.18673002849492792,0.7309409338732406,0.5357026737006169,0.5442109053783126,0.008508231677695766,1.0,7,0.7407407407407407
2026-06-02,663436.0,Davis Martin,5.5,over,False,110.0,0.18078153363775729,0.64060312858659,0.4407082091720004,0.4598215949488327,0.019113385776832303,0.0,2,-1.0
2026-06-02,663436.0,Davis Martin,5.5,over,False,110.0,0.22852531931168885,0.6883469142605215,0.4407082091720004,0.4598215949488327,0.019113385776832303,0.0,2,-1.0
2026-06-02,656427.0,Jack Flaherty,4.5,over,True,-150.0,0.12949796660380353,0.6955467674609416,0.584301552407845,0.566048800857138,-0.018252751550706936,1.0,6,0.6666666666666666
2026-06-03,543037.0,Gerrit Cole,5.5,over,False,-106.0,0.18065458910078797,0.6748158340078625,0.48893155932842347,0.4941612449070745,0.005229685578651055,0.0,2,-1.0
2026-06-03,688107.0,Robert Gasser,4.5,under,False,-144.0,0.13701251428507294,0.30032617226497005,,0.437338686550043,,1.0,5,-1.0
2026-06-03,688107.0,Robert Gasser,4.5,under,False,-144.0,0.13534532092418017,0.3019933656258628,,0.437338686550043,,1.0,5,-1.0
2026-06-03,674841.0,Andrew Alvarez,4.5,under,False,-115.0,0.13103097754701082,0.3302964857452801,0.4083326892468724,0.4613274632922909,0.052994774045418525,1.0,5,-1.0
2026-06-03,674841.0,Andrew Alvarez,4.5,under,False,-115.0,0.10473236360225086,0.35659509969004005,0.4083326892468724,0.4613274632922909,0.052994774045418525,1.0,5,-1.0
2026-06-03,571578.0,Patrick Corbin,3.5,under,True,108.0,0.12917727120456207,0.41641974318098657,0.5500432508434177,0.5455970143855486,-0.004446236457869013,0.0,1,1.08
2026-06-03,571578.0,Patrick Corbin,3.5,under,True,108.0,0.12561188957687414,0.4199851248086745,0.5500432508434177,0.5455970143855486,-0.004446236457869013,0.0,1,1.08
2026-06-03,676974.0,Max Meyer,5.5,over,True,-108.0,0.12895915822197307,0.6216011366107677,0.4432760026055665,0.4926419783887946,0.0493659757832281,1.0,7,0.9259259259259259
2026-06-03,676974.0,Max Meyer,5.5,over,True,-108.0,0.13575434662958702,0.6283963250183816,0.4432760026055665,0.4926419783887946,0.0493659757832281,1.0,7,0.9259259259259259
2026-06-03,675512.0,Troy Melton,3.5,over,True,102.0,0.2103841403450274,0.6818538933565885,0.4811112847904039,0.47146975301156113,-0.009641531778842749,1.0,5,1.02
2026-06-03,671737.0,Taj Bradley,5.5,over,False,-138.0,0.18976205751912512,0.7435666625101752,0.5764101443504817,0.5538046049910501,-0.022605539359431548,0.0,5,-1.0
2026-06-03,671737.0,Taj Bradley,5.5,over,False,-138.0,0.20514059078422786,0.758945195775278,0.5764101443504817,0.5538046049910501,-0.022605539359431548,0.0,5,-1.0
2026-06-03,669467.0,Andre Pallante,3.5,over,True,-162.0,0.16548638029125262,0.7524044370174175,0.5690696268322023,0.5869180567261649,0.017848429893962625,1.0,5,0.6172839506172839
2026-06-03,669467.0,Andre Pallante,3.5,over,True,-162.0,0.16651333974393223,0.7534313964700972,0.5690696268322023,0.5869180567261649,0.017848429893962625,1.0,5,0.6172839506172839
2026-06-03,669022.0,MacKenzie Gore,5.5,over,False,118.0,0.17862524216831316,0.61552916933393,0.43045177498795056,0.4369039271656168,0.006452152177666259,0.0,5,-1.0
2026-06-03,669022.0,MacKenzie Gore,5.5,over,False,118.0,0.15168693897325175,0.5885908661388686,0.43045177498795056,0.4369039271656168,0.006452152177666259,0.0,5,-1.0
2026-06-03,621111.0,Walker Buehler,3.5,over,True,-150.0,0.13429087821148022,0.7041132681514295,0.5686867280070578,0.5698223899399493,0.0011356619328914963,1.0,6,0.6666666666666666
2026-06-03,621111.0,Walker Buehler,3.5,over,True,-150.0,0.12263438584076847,0.6924567757807177,0.5686867280070578,0.5698223899399493,0.0011356619328914963,1.0,6,0.6666666666666666
2026-06-03,543037.0,Gerrit Cole,5.5,over,False,-106.0,0.1493405248966579,0.6435017698037324,0.48893155932842347,0.4941612449070745,0.005229685578651055,0.0,2,-1.0
2026-06-03,675512.0,Troy Melton,3.5,over,True,102.0,0.18378129445120195,0.6552510474627631,0.4811112847904039,0.47146975301156113,-0.009641531778842749,1.0,5,1.02
2026-06-04,605288.0,Adrian Houser,3.5,over,True,-117.0,0.10415970027148491,0.6153340777156088,0.5253729317216799,0.5111743774441239,-0.014198554277556008,1.0,5,0.8547008547008547
2026-06-04,678394.0,Brayan Bello,3.5,over,True,-150.0,0.10343032599052526,0.6849847397313031,0.5706417670135734,0.5815544137407779,0.01091264672720449,1.0,4,0.6666666666666666
2026-06-06,694738.0,Landen Roupp,4.5,over,True,-150.0,0.10237841354445087,0.6728602976792892,0.5651475320885042,0.5704818841348384,0.005334352046334145,1.0,5,0.6666666666666666
2026-06-06,694738.0,Landen Roupp,4.5,over,True,-150.0,0.10416336024412554,0.6746452443789639,0.5651475320885042,0.5704818841348384,0.005334352046334145,1.0,5,0.6666666666666666
2026-06-06,691725.0,Andrew Painter,3.5,over,True,-155.0,0.12456659288009497,0.7051380774096729,0.5826783333586967,0.580571484529578,-0.0021068488291187126,1.0,4,0.6451612903225806
2026-06-06,676962.0,Ben Brown,5.5,over,False,122.0,0.16879907941360184,0.6121975608136592,0.44866148607212997,0.44339848140005733,-0.005263004672072635,0.0,5,-1.0
2026-06-06,682243.0,Bryce Miller,4.5,over,True,-135.0,0.1673227362517128,0.7152979936474185,0.5468673215076781,0.5479752573957057,0.0011079358880276002,1.0,9,0.7407407407407407
2026-06-06,593958.0,Eduardo Rodriguez,4.5,over,True,105.0,0.12041933751439904,0.5890858253614336,0.4611405802927922,0.4686664878470346,0.0075259075542423726,1.0,5,1.05
2026-06-06,641793.0,Zack Littell,3.5,over,True,134.0,0.18138991851511188,0.5933822992409116,0.4091720205323122,0.4119923807257997,0.00282036019348747,1.0,4,1.34
2026-06-06,666157.0,Nick Lodolo,4.5,over,False,-128.0,0.1442598687450789,0.683369732539142,0.555137838979428,0.5391098637940631,-0.016027975185364918,0.0,3,-1.0
2026-06-06,666157.0,Nick Lodolo,4.5,over,False,-128.0,0.15170153583642398,0.6908113996304871,0.555137838979428,0.5391098637940631,-0.016027975185364918,0.0,3,-1.0
2026-06-06,682243.0,Bryce Miller,4.5,over,True,-135.0,0.1599266977718543,0.70790195516756,0.5468673215076781,0.5479752573957057,0.0011079358880276002,1.0,9,0.7407407407407407
2026-06-06,676962.0,Ben Brown,5.5,over,False,122.0,0.21552390903533158,0.6589223904353889,0.44866148607212997,0.44339848140005733,-0.005263004672072635,0.0,5,-1.0
2026-06-06,675911.0,Spencer Strider,6.5,over,False,115.0,0.11506957357114489,0.5655695098092689,0.45225745464535844,0.450499936238124,-0.0017575184072344263,0.0,3,-1.0
2026-06-06,677952.0,Braxton Ashcraft,5.5,over,False,-110.0,0.276119454484833,0.779313230582399,0.4973309229427909,0.503193776097566,0.005862853154775083,0.0,5,-1.0
2026-06-06,677952.0,Braxton Ashcraft,5.5,over,False,-110.0,0.26831061801950307,0.7715043941170691,0.4973309229427909,0.503193776097566,0.005862853154775083,0.0,5,-1.0
2026-06-06,679883.0,Luinder Avila,3.5,over,False,-130.0,0.21690282241646697,0.7530324064742754,0.5259709232468126,0.5361295840578084,0.010158660810995812,0.0,3,-1.0
2026-06-06,679883.0,Luinder Avila,3.5,over,False,-130.0,0.19870675011982086,0.7348363341776293,0.5259709232468126,0.5361295840578084,0.010158660810995812,0.0,3,-1.0
2026-06-07,656427.0,Jack Flaherty,6.5,under,False,-140.0,0.11459596642445286,0.34081200321501576,,0.4554079696394686,,1.0,7,-1.0
2026-06-07,693645.0,Cam Schlittler,5.5,over,False,-160.0,0.11702332194500653,0.6921867206378169,0.572216997487751,0.5751633986928104,0.0029464012050594013,0.0,5,-1.0
2026-06-07,693645.0,Cam Schlittler,5.5,over,False,-160.0,0.12910179823926704,0.7042651969320775,0.572216997487751,0.5751633986928104,0.0029464012050594013,0.0,5,-1.0
2026-06-07,675660.0,Shane Drohan,4.5,over,False,126.0,0.201958560424769,0.6190763086257497,,0.4171177482009807,,0.0,4,-1.0
2026-06-07,675660.0,Shane Drohan,4.5,over,False,126.0,0.23700448304848243,0.6541222312494631,,0.4171177482009807,,0.0,4,-1.0
2026-06-07,667755.0,José Soriano,5.5,over,False,106.0,0.11033704813625189,0.5683819862684004,0.4318011417611782,0.4580449381321485,0.02624379637097035,0.0,2,-1.0
2026-06-07,675660.0,Shane Drohan,3.5,over,True,-150.0,0.2644340995293757,0.832729447281321,0.571409052435738,0.5682953477519453,-0.003113704683792684,1.0,4,0.6666666666666666
2026-06-07,594798.0,Jacob deGrom,4.5,over,True,-375.0,0.1634257223079153,0.9004499437612025,0.7342657342657342,0.7370242214532872,0.002758487187553005,1.0,6,0.26666666666666666
2026-06-07,594798.0,Jacob deGrom,4.5,over,True,-375.0,0.1584591223537679,0.8954833438070551,0.7342657342657342,0.7370242214532872,0.002758487187553005,1.0,6,0.26666666666666666
2026-06-07,594798.0,Jacob deGrom,5.5,over,True,-159.0,0.23825562382192134,0.8178330091991711,0.5763260025873221,0.5795773853772498,0.003251382789927648,1.0,6,0.6289308176100629
2026-06-07,594798.0,Jacob deGrom,5.5,over,True,-159.0,0.23003870543334493,0.8096160908105947,0.5763260025873221,0.5795773853772498,0.003251382789927648,1.0,6,0.6289308176100629
2026-06-07,594798.0,Jacob deGrom,6.5,over,False,144.0,0.2711270902819355,0.6744086028441607,0.42809086648627487,0.4032815125622252,-0.02480935392404965,0.0,6,-1.0
2026-06-07,594798.0,Jacob deGrom,6.5,over,False,144.0,0.25911139915401593,0.6623929117162412,0.42809086648627487,0.4032815125622252,-0.02480935392404965,0.0,6,-1.0
2026-06-07,605400.0,Aaron Nola,5.5,over,False,115.0,0.14943747323259765,0.5973176802403423,0.45767486216717473,0.4478802070077446,-0.009794655159430121,0.0,4,-1.0
2026-06-07,605400.0,Aaron Nola,5.5,over,False,115.0,0.13675807173458704,0.5846382787423317,0.45767486216717473,0.4478802070077446,-0.009794655159430121,0.0,4,-1.0
2026-06-07,675660.0,Shane Drohan,3.5,over,True,-150.0,0.24224375088124228,0.8105390986331876,0.571409052435738,0.5682953477519453,-0.003113704683792684,1.0,4,0.6666666666666666
2026-06-07,622491.0,Luis Castillo,4.5,over,True,109.0,0.21327599925222057,0.6819114324985961,0.4786553532464936,0.4686354332463755,-0.010019920000118088,1.0,5,1.09
2026-06-07,669358.0,Shane Baz,4.5,over,False,-138.0,0.10810614922272466,0.653381553066553,0.558750557874647,0.5452754038438283,-0.01347515403081867,0.0,3,-1.0
2026-06-07,667755.0,José Soriano,5.5,over,False,106.0,0.13374173981978799,0.5917866779519365,0.4318011417611782,0.4580449381321485,0.02624379637097035,0.0,2,-1.0
2026-06-07,622491.0,Luis Castillo,4.5,over,True,109.0,0.22759094662881257,0.6962263798751881,0.4786553532464936,0.4686354332463755,-0.010019920000118088,1.0,5,1.09
2026-06-08,694346.0,Trey Gibson,3.5,under,True,110.0,0.10442133154276784,0.4362980361802132,0.5197923870917229,0.540719367722981,0.020926980631258085,0.0,0,1.1
2026-06-08,694346.0,Trey Gibson,3.5,under,True,110.0,0.11974406446101121,0.4209753032619698,0.5197923870917229,0.540719367722981,0.020926980631258085,0.0,0,1.1
2026-06-08,650911.0,Cristopher Sánchez,6.5,over,True,121.0,0.17447611656491402,0.6072568971281871,0.4521813678081782,0.43278078056327307,-0.01940058724490512,1.0,10,1.21
2026-06-08,813349.0,Connelly Early,4.5,over,True,-145.0,0.10018553767910987,0.6670079899621302,0.5669884058568395,0.5668224522830203,-0.00016595357381921083,1.0,6,0.6896551724137931
2026-06-08,650911.0,Cristopher Sánchez,6.5,over,True,121.0,0.16700293574328384,0.5997837163065569,0.4521813678081782,0.43278078056327307,-0.01940058724490512,1.0,10,1.21
2026-06-08,701542.0,Will Warren,4.5,over,True,113.0,0.17546770395028138,0.6305031272798379,0.4679527396666976,0.45503542332955654,-0.01291731633714105,1.0,5,1.13
2026-06-08,701542.0,Will Warren,4.5,over,True,113.0,0.15689676878531705,0.6119321921148736,0.4679527396666976,0.45503542332955654,-0.01291731633714105,1.0,5,1.13
2026-06-08,813349.0,Connelly Early,4.5,over,True,-145.0,0.10786031579026023,0.6746827680732805,0.5669884058568395,0.5668224522830203,-0.00016595357381921083,1.0,6,0.6896551724137931
2026-06-09,543037.0,Gerrit Cole,4.5,over,False,-135.0,0.19227534511599054,0.7433581166317008,0.5611797376681678,0.5510827715157103,-0.010096966152457476,0.0,4,-1.0
2026-06-09,669432.0,Trevor Rogers,5.5,under,True,-152.0,0.15810174057764592,0.2698406455177693,,0.42794238609541524,,0.0,3,0.6578947368421053
2026-06-09,669432.0,Trevor Rogers,5.5,under,True,-152.0,0.15409616080436922,0.273846225291046,,0.42794238609541524,,0.0,3,0.6578947368421053
2026-06-09,801139.0,Payton Tolle,5.5,over,False,122.0,0.17260165049313797,0.5975004658508065,0.4261975166947414,0.42489881535766855,-0.0012987013370728273,0.0,3,-1.0
2026-06-09,801139.0,Payton Tolle,5.5,over,False,122.0,0.1924242740691839,0.6173230894268524,0.4261975166947414,0.42489881535766855,-0.0012987013370728273,0.0,3,-1.0
2026-06-09,801139.0,Payton Tolle,4.5,over,False,-160.0,0.10471730574145999,0.6829617746589213,,0.5782444689174613,,0.0,3,-1.0
2026-06-09,675512.0,Troy Melton,3.5,over,True,-142.0,0.12095863140654417,0.7008725835340862,0.5918612530021092,0.579913952127542,-0.01194730087456719,1.0,5,0.704225352112676
2026-06-09,671737.0,Taj Bradley,5.5,over,False,-106.0,0.17495422112622017,0.6711732094900135,0.5005922735590006,0.4962189883637933,-0.004373285195207299,0.0,3,-1.0
2026-06-09,671737.0,Taj Bradley,5.5,over,False,-106.0,0.2208700744497354,0.7170890628135287,0.5005922735590006,0.4962189883637933,-0.004373285195207299,0.0,3,-1.0
2026-06-09,669160.0,Dustin May,5.5,over,True,120.0,0.20156014816433315,0.6310757002139306,0.4239486655906841,0.4295155520495974,0.005566886458913289,1.0,6,1.2
2026-06-09,669160.0,Dustin May,4.5,over,True,-182.0,0.16150813906895145,0.7678675842398301,0.5825967025172178,0.6063594451708787,0.02376274265366085,1.0,6,0.5494505494505495
2026-06-09,669160.0,Dustin May,4.5,over,True,-182.0,0.16600073116935266,0.7723601763402314,0.5825967025172178,0.6063594451708787,0.02376274265366085,1.0,6,0.5494505494505495
2026-06-09,663568.0,Stephen Kolek,3.5,over,False,-125.0,0.12139577508426802,0.6719811609843264,0.5513488921633848,0.5505853859000583,-0.0007635062633264411,0.0,3,-1.0
2026-06-09,663568.0,Stephen Kolek,3.5,over,False,-125.0,0.12156131510445778,0.6721467010045161,0.5513488921633848,0.5505853859000583,-0.0007635062633264411,0.0,3,-1.0
2026-06-09,543135.0,Nathan Eovaldi,5.5,over,False,130.0,0.1635707736353167,0.5763984858477259,0.4098296270372113,0.4128277122124092,0.0029980851751978954,0.0,3,-1.0
2026-06-09,543135.0,Nathan Eovaldi,4.5,over,False,-155.0,0.13210602085200773,0.698616858081077,0.5749767565413734,0.5665108372290693,-0.008465919312304115,0.0,3,-1.0
2026-06-09,543135.0,Nathan Eovaldi,4.5,over,False,-155.0,0.1768130753629381,0.7433239125920074,0.5749767565413734,0.5665108372290693,-0.008465919312304115,0.0,3,-1.0
2026-06-09,543037.0,Gerrit Cole,4.5,over,False,-135.0,0.19685113968612533,0.7479339112018356,0.5611797376681678,0.5510827715157103,-0.010096966152457476,0.0,4,-1.0
2026-06-09,669160.0,Dustin May,5.5,over,True,120.0,0.19563249810357625,0.6251480501531737,0.4239486655906841,0.4295155520495974,0.005566886458913289,1.0,6,1.2
2026-06-10,683003.0,Jared Jones,4.5,over,False,-140.0,0.15732648680965144,0.7241482515535218,0.5424538164235098,0.5668217647438704,0.0243679483203606,0.0,4,-1.0
2026-06-10,656876.0,Drew Rasmussen,4.5,over,True,-144.0,0.11899797056428751,0.6866510982875156,0.5665108372290693,0.5676531277232281,0.0011422904941588152,1.0,13,0.6944444444444444
2026-06-10,660271.0,Shohei Ohtani,6.5,over,False,105.0,0.15422147344167852,0.6284896227979002,0.4938165012909064,0.4742681493562217,-0.019548351934684682,0.0,6,-1.0
2026-06-10,660271.0,Shohei Ohtani,6.5,over,False,105.0,0.14689992659527012,0.6211680759514918,0.4938165012909064,0.4742681493562217,-0.019548351934684682,0.0,6,-1.0
2026-06-10,663436.0,Davis Martin,4.5,over,True,-115.0,0.1450611177133122,0.6635975040542329,0.5346534653465347,0.5185363863409207,-0.016117079005613988,1.0,6,0.8695652173913043
2026-06-10,663436.0,Davis Martin,4.5,over,True,-115.0,0.12813464521484463,0.6466710315557653,0.5346534653465347,0.5185363863409207,-0.016117079005613988,1.0,6,0.8695652173913043
2026-06-10,664285.0,Framber Valdez,4.5,over,False,-135.0,0.11009082138387027,0.6763495240376428,0.568526355682043,0.5662587026537725,-0.0022676530282704777,0.0,2,-1.0
2026-06-10,669022.0,MacKenzie Gore,4.5,over,True,-125.0,0.10376382514946281,0.6344238756944245,0.5437912827037656,0.5306600505449617,-0.013131232158803963,1.0,6,0.8
2026-06-10,683003.0,Jared Jones,4.5,over,False,-140.0,0.13934376776345825,0.7061655325073286,0.5424538164235098,0.5668217647438704,0.0243679483203606,0.0,4,-1.0
2026-06-10,669467.0,Andre Pallante,3.5,over,True,-135.0,0.1396864549930239,0.7074716325549855,0.5701362529092451,0.5677851775619616,-0.0023510753472835155,1.0,5,0.7407407407407407
2026-06-10,669467.0,Andre Pallante,3.5,over,True,-135.0,0.14383577124281277,0.7116209488047743,0.5701362529092451,0.5677851775619616,-0.0023510753472835155,1.0,5,0.7407407407407407
2026-06-10,669923.0,George Kirby,4.5,over,True,-159.0,0.1016716427858616,0.6817283918738226,,0.580056749087961,,1.0,10,0.6289308176100629
2026-06-10,669923.0,George Kirby,5.5,over,True,126.0,0.18144380860780507,0.5990599276834405,0.4228295251233984,0.41761611907563545,-0.005213406047762936,1.0,10,1.26
2026-06-10,669923.0,George Kirby,5.5,over,True,126.0,0.19768986994163928,0.6153059890172747,0.4228295251233984,0.41761611907563545,-0.005213406047762936,1.0,10,1.26
2026-06-11,663372.0,Ryan Feltner,3.5,over,False,-103.0,0.13778404816463208,0.6284647299762992,0.49134444679018313,0.49068068181166713,-0.0006637649785160016,0.0,3,-1.0
2026-06-11,663372.0,Ryan Feltner,3.5,over,False,-103.0,0.14003512740328417,0.6307158092149513,0.49134444679018313,0.49068068181166713,-0.0006637649785160016,0.0,3,-1.0
2026-06-11,805673.0,Zebby Matthews,4.5,over,False,-130.0,0.14039085684738717,0.6924813079701804,0.528383087852086,0.5520904511227932,0.023707363270707216,0.0,4,-1.0
2026-06-11,665795.0,Edward Cabrera,4.5,over,True,-111.0,0.22051764485588954,0.7273692116639693,0.510964270450883,0.5068515668080797,-0.00411270364280325,1.0,5,0.9009009009009009
2026-06-11,680694.0,Kyle Bradish,5.5,over,False,110.0,0.10561935901623659,0.5663833388857679,0.5053865815798075,0.46076397986953127,-0.044622601710276266,0.0,5,-1.0
2026-06-11,680694.0,Kyle Bradish,5.5,over,False,110.0,0.12250951311414943,0.5832734929836807,0.5053865815798075,0.46076397986953127,-0.044622601710276266,0.0,5,-1.0
2026-06-11,690928.0,Hunter Dobbins,3.5,over,True,-104.0,0.11318302874170932,0.6041839681211026,0.47898500491307566,0.4910009393793933,0.012015934466317657,1.0,5,0.9615384615384616
2026-06-11,690928.0,Hunter Dobbins,3.5,over,True,-104.0,0.12265465821496518,0.6136555975943585,0.47898500491307566,0.4910009393793933,0.012015934466317657,1.0,5,0.9615384615384616
2026-06-11,805673.0,Zebby Matthews,4.5,over,False,-130.0,0.16260857179777677,0.71469902292057,0.528383087852086,0.5520904511227932,0.023707363270707216,0.0,4,-1.0
2026-06-11,665795.0,Edward Cabrera,4.5,over,True,-111.0,0.2163729326511783,0.723224499459258,0.510964270450883,0.5068515668080797,-0.00411270364280325,1.0,5,0.9009009009009009
2026-06-12,682243.0,Bryce Miller,4.5,over,True,-126.0,0.14300802560198544,0.6822737077125642,0.5245289407947015,0.5392656821105788,0.014736741315877322,1.0,7,0.7936507936507936
2026-06-12,641743.0,Anthony Kay,3.5,over,True,116.0,0.13444145448292283,0.5876376144022482,0.49777483040931586,0.4531961599193253,-0.044578670489990535,1.0,7,1.16
2026-06-12,669358.0,Shane Baz,4.5,over,False,-139.0,0.14514171443917212,0.6917573836391918,0.5752330601808954,0.5466156692000197,-0.02861739098087568,0.0,1,-1.0
2026-06-12,669358.0,Shane Baz,4.5,over,False,-139.0,0.1463553553108563,0.692971024510876,0.5752330601808954,0.5466156692000197,-0.02861739098087568,0.0,1,-1.0
2026-06-12,682243.0,Bryce Miller,4.5,over,True,-126.0,0.14081066683173116,0.68007634894231,0.5245289407947015,0.5392656821105788,0.014736741315877322,1.0,7,0.7936507936507936
2026-06-12,677952.0,Braxton Ashcraft,5.5,over,False,-134.0,0.1890639073364342,0.7342666433604069,0.543993505973915,0.5452027360239727,0.0012092300500576858,0.0,4,-1.0
2026-06-12,677952.0,Braxton Ashcraft,5.5,over,False,-134.0,0.17675267640864523,0.721955412432618,0.543993505973915,0.5452027360239727,0.0012092300500576858,0.0,4,-1.0
2026-06-12,683004.0,Jack Leiter,4.5,over,False,-140.0,0.12552611206200692,0.6701181424225382,0.5688185902168609,0.5445920303605313,-0.0242265598563296,0.0,3,-1.0
2026-06-12,683004.0,Jack Leiter,4.5,over,False,-140.0,0.10349852102293011,0.6480905513834614,0.5688185902168609,0.5445920303605313,-0.0242265598563296,0.0,3,-1.0
2026-06-12,694819.0,Jacob Misiorowski,8.5,over,True,100.0,0.20234030853241974,0.6982459414049441,0.49748523022980534,0.49590563287252437,-0.0015795973572809707,1.0,15,1.0
2026-06-12,694819.0,Jacob Misiorowski,8.5,over,True,100.0,0.19983084464888007,0.6957364775214044,0.49748523022980534,0.49590563287252437,-0.0015795973572809707,1.0,15,1.0
2026-06-12,808963.0,Roki Sasaki,5.5,over,False,-110.0,0.13442802840357104,0.6427355479689798,0.4846176580964596,0.5083075195654088,0.023689861468949136,0.0,4,-1.0
2026-06-12,808963.0,Roki Sasaki,5.5,over,False,-110.0,0.11821835958431337,0.6265258791497221,0.4846176580964596,0.5083075195654088,0.023689861468949136,0.0,4,-1.0
2026-06-13,687570.0,Connor Prielipp,4.5,over,False,-115.0,0.1271174700202954,0.66747293607214,0.5348080946317321,0.5403554660518446,0.0055473714201125235,0.0,2,-1.0
2026-06-13,594798.0,Jacob deGrom,6.5,over,False,122.0,0.18720438224267866,0.619011380938234,0.43045190904714586,0.4318069986955554,0.0013550896484095243,0.0,5,-1.0
2026-06-13,594798.0,Jacob deGrom,6.5,over,False,122.0,0.16932817171839887,0.6011351704139543,0.43045190904714586,0.4318069986955554,0.0013550896484095243,0.0,5,-1.0
2026-06-13,605400.0,Aaron Nola,4.5,over,False,-143.0,0.10555775781226184,0.6685966111519076,0.5780628771999712,0.5630388533396458,-0.01502402386032542,0.0,3,-1.0
2026-06-13,622491.0,Luis Castillo,4.5,over,False,102.0,0.1817098247582251,0.6651878650971678,0.47392100357703154,0.48347804033894265,0.009557036761911109,0.0,4,-1.0
2026-06-13,622491.0,Luis Castillo,4.5,over,False,102.0,0.1382318920366375,0.6217099323755801,0.47392100357703154,0.48347804033894265,0.009557036761911109,0.0,4,-1.0
2026-06-13,669373.0,Tarik Skubal,5.5,over,False,-103.0,0.13658170807393116,0.6227725036040492,0.4807838422237295,0.48619079553011807,0.005406953306388573,0.0,4,-1.0
2026-06-13,669373.0,Tarik Skubal,5.5,over,False,-103.0,0.12024478658434029,0.6064355821144584,0.4807838422237295,0.48619079553011807,0.005406953306388573,0.0,4,-1.0
2026-06-13,640455.0,Sean Manaea,4.5,under,False,-105.0,0.2112649320835988,0.2992129147545149,,0.5104778468381137,,1.0,6,-1.0
2026-06-13,640455.0,Sean Manaea,4.5,under,False,-105.0,0.22891462662011203,0.2815632202180017,,0.5104778468381137,,1.0,6,-1.0
2026-06-13,647336.0,Michael Soroka,6.5,under,False,-165.0,0.1735951453055157,0.24290780164929768,,0.4165029469548134,,1.0,7,-1.0
2026-06-13,647336.0,Michael Soroka,6.5,under,False,-165.0,0.16736055528310093,0.24914239167171245,,0.4165029469548134,,1.0,7,-1.0
2026-06-13,676917.0,Cade Cavalli,5.5,over,False,120.0,0.20091594219011982,0.639720272751241,0.4418648876525193,0.43880433056112117,-0.0030605570913981306,0.0,5,-1.0
2026-06-13,808967.0,Yoshinobu Yamamoto,6.5,over,True,120.0,0.14160500645758162,0.5702203944254258,0.43446516627060794,0.4286153879678442,-0.005849778302763731,1.0,7,1.2
2026-06-13,687570.0,Connor Prielipp,4.5,over,False,-115.0,0.1206214745892853,0.6609769406411299,0.5348080946317321,0.5403554660518446,0.0055473714201125235,0.0,2,-1.0
2026-06-13,676917.0,Cade Cavalli,5.5,over,False,120.0,0.17883422196597615,0.6176385525270973,0.4418648876525193,0.43880433056112117,-0.0030605570913981306,0.0,5,-1.0
2026-06-13,808967.0,Yoshinobu Yamamoto,6.5,over,True,120.0,0.14502600129960702,0.5736413892674512,0.43446516627060794,0.4286153879678442,-0.005849778302763731,1.0,7,1.2
2026-06-14,671737.0,Taj Bradley,5.5,over,True,124.0,0.16627781485465554,0.5970418894065149,0.4344910888853607,0.4307640745518594,-0.0037270143335013106,1.0,7,1.24
2026-06-14,671737.0,Taj Bradley,4.5,over,True,-175.0,0.14394174049144492,0.7380376814508545,0.5789713245334547,0.5940959409594095,0.015124616425954862,1.0,7,0.5714285714285714
2026-06-14,543135.0,Nathan Eovaldi,4.5,over,True,-139.0,0.14313063209553012,0.715973264549666,0.5724296081186189,0.5728426324541359,0.00041302433551704265,1.0,6,0.7194244604316546
2026-06-14,543135.0,Nathan Eovaldi,4.5,over,True,-139.0,0.13821534542416292,0.7110579778782988,0.5724296081186189,0.5728426324541359,0.00041302433551704265,1.0,6,0.7194244604316546
2026-06-14,621111.0,Walker Buehler,3.5,over,True,-145.0,0.14554503022610155,0.7003436901383802,0.5699558126395976,0.5547986599122786,-0.01515715272731899,1.0,5,0.6896551724137931
2026-06-14,621111.0,Walker Buehler,3.5,over,True,-145.0,0.15404950653920513,0.7088481664514837,0.5699558126395976,0.5547986599122786,-0.01515715272731899,1.0,5,0.6896551724137931
2026-06-14,671096.0,Andrew Abbott,3.5,over,True,-124.0,0.17274503258438922,0.7095450752884769,0.5950884373629587,0.5368000427040877,-0.058288394658871034,1.0,5,0.8064516129032258
2026-06-14,671096.0,Andrew Abbott,3.5,over,True,-124.0,0.18592855256123686,0.7227285952653245,0.5950884373629587,0.5368000427040877,-0.058288394658871034,1.0,5,0.8064516129032258
2026-06-14,671737.0,Taj Bradley,4.5,over,True,-175.0,0.1619349334602197,0.7560308744196292,0.5789713245334547,0.5940959409594095,0.015124616425954862,1.0,7,0.5714285714285714
2026-06-14,694973.0,Paul Skenes,7.5,under,False,-148.0,0.1771051003086086,0.25721728051678283,,0.43432238082539143,,1.0,10,-1.0
2026-06-14,694973.0,Paul Skenes,7.5,under,False,-148.0,0.19136504511000968,0.24295733571538175,,0.43432238082539143,,1.0,10,-1.0
2026-06-14,671737.0,Taj Bradley,5.5,over,True,124.0,0.14316704016551507,0.5739311147173745,0.4344910888853607,0.4307640745518594,-0.0037270143335013106,1.0,7,1.24
2026-06-14,686218.0,Emmet Sheehan,5.5,over,True,106.0,0.10518564358824573,0.5731131334801478,0.46849443414367237,0.4679274898919021,-0.000566944251770285,1.0,8,1.06
2026-06-15,669160.0,Dustin May,4.5,over,True,-185.0,0.13184416315787062,0.7358733399553697,0.6040291767974991,0.6040291767974991,0.0,1.0,9,0.5405405405405406
2026-06-15,669160.0,Dustin May,4.5,over,True,-185.0,0.13962494889868382,0.7436541256961829,0.6040291767974991,0.6040291767974991,0.0,1.0,9,0.5405405405405406
2026-06-15,669160.0,Dustin May,5.5,over,True,126.0,0.13376487099233186,0.5627017268773854,0.4377679782185194,0.42893685588505354,-0.00883112233346589,1.0,9,1.26
2026-06-15,669160.0,Dustin May,5.5,over,True,126.0,0.14368426985555444,0.572621125740608,0.4377679782185194,0.42893685588505354,-0.00883112233346589,1.0,9,1.26
2026-06-15,687473.0,Ryan Gusto,3.5,over,False,-130.0,0.20240477844120086,0.7480817082743974,0.5471307069586623,0.5456769298331965,-0.0014537771254657939,0.0,1,-1.0
2026-06-15,687473.0,Ryan Gusto,3.5,over,False,-130.0,0.21545924599937094,0.7611361758325674,0.5471307069586623,0.5456769298331965,-0.0014537771254657939,0.0,1,-1.0
2026-06-16,656302.0,Dylan Cease,6.5,over,True,-125.0,0.10870159081664676,0.6381783401024467,0.5390973249941625,0.5294767492857999,-0.009620575708362611,1.0,7,0.8
2026-06-16,650633.0,Michael King,4.5,over,False,105.0,0.18995761668768651,0.6508298114151705,0.4662296352279644,0.460872194727484,-0.005357440500480426,0.0,1,-1.0
2026-06-16,650633.0,Michael King,4.5,over,False,105.0,0.15039950711241423,0.6112717018398982,0.4662296352279644,0.460872194727484,-0.005357440500480426,0.0,1,-1.0
2026-06-16,656302.0,Dylan Cease,6.5,over,True,-125.0,0.11569510941459371,0.6451718587003936,0.5390973249941625,0.5294767492857999,-0.009620575708362611,1.0,7,0.8
2026-06-16,663969.0,Tyler Phillips,3.5,over,True,-139.0,0.1674437997656607,0.7295212323866419,0.5591654387660073,0.5620774326209812,0.002911993854973871,1.0,4,0.7194244604316546
2026-06-16,663969.0,Tyler Phillips,3.5,over,True,-139.0,0.1728235134382622,0.7349009460592434,0.5591654387660073,0.5620774326209812,0.002911993854973871,1.0,4,0.7194244604316546
2026-06-16,669467.0,Andre Pallante,3.5,over,True,-137.0,0.12917433510303278,0.6799088291828767,0.5503764128244365,0.5507344940798439,0.000358081255407372,1.0,6,0.7299270072992701
2026-06-16,669467.0,Andre Pallante,3.5,over,True,-137.0,0.14022275649261795,0.6909572505724618,0.5503764128244365,0.5507344940798439,0.000358081255407372,1.0,6,0.7299270072992701
2026-06-17,660271.0,Shohei Ohtani,5.5,over,False,-185.0,0.11629738781006127,0.7203265646075604,0.5654808670284361,0.6040291767974991,0.03854830976906298,0.0,5,-1.0
2026-06-17,687931.0,Carson Whisenhunt,3.5,under,True,119.0,0.27709036807961374,0.2920520201025776,,0.5691423881821913,,0.0,2,1.19
2026-06-17,663554.0,Casey Mize,4.5,over,False,117.0,0.18855259406279362,0.6242224227995271,0.4401907530820727,0.4356698287367335,-0.004520924345339239,0.0,3,-1.0
2026-06-17,663554.0,Casey Mize,4.5,over,False,117.0,0.19224771682203606,0.6279175455587696,0.4401907530820727,0.4356698287367335,-0.004520924345339239,0.0,3,-1.0
2026-06-17,660271.0,Shohei Ohtani,6.5,over,False,116.0,0.11131200673891639,0.5635232577650607,0.43853947671526844,0.45221125102614435,0.013671774310875906,0.0,5,-1.0
2026-06-17,645261.0,Sandy Alcantara,4.5,over,True,-118.0,0.1498698395336574,0.6610825281541155,0.5320415320716346,0.5112126886204581,-0.020828843451176526,1.0,6,0.847457627118644
2026-06-17,660271.0,Shohei Ohtani,5.5,over,False,-185.0,0.14136712617434122,0.7453963029718403,0.5654808670284361,0.6040291767974991,0.03854830976906298,0.0,5,-1.0
2026-06-17,687931.0,Carson Whisenhunt,3.5,under,True,119.0,0.2433029164658877,0.3258394717163036,,0.5691423881821913,,0.0,2,1.19
2026-06-17,645261.0,Sandy Alcantara,4.5,over,True,-118.0,0.11089151421214827,0.6221042028326064,0.5320415320716346,0.5112126886204581,-0.020828843451176526,1.0,6,0.847457627118644
2026-06-17,660271.0,Shohei Ohtani,6.5,over,False,116.0,0.14252966139681988,0.5947409124229642,0.43853947671526844,0.45221125102614435,0.013671774310875906,0.0,5,-1.0
2026-06-18,669358.0,Shane Baz,5.5,over,True,118.0,0.12011640849455596,0.56597573397533,0.4652515542304311,0.445859325480774,-0.01939222874965707,1.0,9,1.18
2026-06-18,669358.0,Shane Baz,5.5,over,True,118.0,0.1314149183671226,0.5772742438478966,0.4652515542304311,0.445859325480774,-0.01939222874965707,1.0,9,1.18
2026-06-18,702056.0,Trey Yesavage,4.5,over,True,-155.0,0.10560654492663635,0.6868287196603372,0.5827483098822274,0.5812221747337009,-0.0015261351485265084,1.0,6,0.6451612903225806
2026-06-19,669373.0,Tarik Skubal,6.5,over,True,-106.0,0.1029811271431672,0.6090127701003404,0.4852439274801888,0.5060316429571732,0.02078771547698438,1.0,8,0.9433962264150944
2026-06-19,643377.0,Griffin Jax,4.5,over,True,-117.0,0.19229152817058992,0.7161001132461542,0.517648627021453,0.5238085850755643,0.006159958054111292,1.0,5,0.8547008547008547
2026-06-19,669373.0,Tarik Skubal,6.5,over,True,-106.0,0.12393969538011884,0.629971338337292,0.4852439274801888,0.5060316429571732,0.02078771547698438,1.0,8,0.9433962264150944
2026-06-19,676962.0,Ben Brown,4.5,over,False,-114.0,0.1191286348993209,0.6343278391015315,0.5113234587826938,0.5151992042022105,0.0038757454195167407,0.0,4,-1.0
2026-06-19,676962.0,Ben Brown,4.5,over,False,-114.0,0.11529343472398779,0.6304926389261983,0.5113234587826938,0.5151992042022105,0.0038757454195167407,0.0,4,-1.0
2026-06-19,694819.0,Jacob Misiorowski,8.5,over,False,100.0,0.188989105591511,0.664272430197884,0.46645755165424235,0.47528332460637296,0.008825772952130606,0.0,7,-1.0
2026-06-19,694819.0,Jacob Misiorowski,8.5,over,False,100.0,0.19371665985556125,0.6689999844619342,0.46645755165424235,0.47528332460637296,0.008825772952130606,0.0,7,-1.0
2026-06-19,643377.0,Griffin Jax,4.5,over,True,-117.0,0.1884074043437426,0.7122159894193069,0.517648627021453,0.5238085850755643,0.006159958054111292,1.0,5,0.8547008547008547
2026-06-20,671096.0,Andrew Abbott,4.5,over,True,115.0,0.1338090896401094,0.5906910827046824,0.4740578548648194,0.456881993064573,-0.017175861800246384,1.0,6,1.15
2026-06-20,671096.0,Andrew Abbott,4.5,over,True,115.0,0.14697979082961332,0.6038617838941863,0.4740578548648194,0.456881993064573,-0.017175861800246384,1.0,6,1.15
2026-06-20,519242.0,Chris Sale,7.5,under,True,-124.0,0.12107512473035209,0.32897446421008913,0.4479124507760866,0.4500495889404412,0.002137138164354624,0.0,7,0.8064516129032258
2026-06-20,681293.0,Spencer Arrighetti,6.5,under,False,-150.0,0.15799186746431088,0.28448600864188384,,0.4424778761061947,,1.0,8,-1.0
2026-06-20,681293.0,Spencer Arrighetti,6.5,under,False,-150.0,0.17427953232625942,0.2681983437799353,,0.4424778761061947,,1.0,8,-1.0
2026-06-20,519242.0,Chris Sale,7.5,under,True,-124.0,0.119808558197817,0.33024103074262423,0.4479124507760866,0.4500495889404412,0.002137138164354624,0.0,7,0.8064516129032258
2026-06-20,693855.0,Ian Seymour,4.5,over,False,-107.0,0.15897689158731,0.6642618459683275,0.49746977174679186,0.5052849543810175,0.007815182634225648,0.0,4,-1.0
2026-06-20,693855.0,Ian Seymour,4.5,over,False,-107.0,0.16297004323366027,0.6682549976146778,0.49746977174679186,0.5052849543810175,0.007815182634225648,0.0,4,-1.0
2026-06-21,672282.0,Reid Detmers,6.5,under,True,110.0,0.11321718153014504,0.403439502035166,0.49641835737725754,0.516656683565311,0.02023832618805349,0.0,4,1.1
2026-06-21,657277.0,Logan Webb,5.5,under,True,105.0,0.17614884935819225,0.3286033653040545,0.5415251333332759,0.5047522146622467,-0.036772918671029164,0.0,5,1.05
2026-06-21,657277.0,Logan Webb,5.5,under,True,105.0,0.17052899302066965,0.3342232216415771,0.5415251333332759,0.5047522146622467,-0.036772918671029164,0.0,5,1.05
2026-06-21,672456.0,Keider Montero,3.5,over,False,-113.0,0.1454547019694764,0.6591327694308791,0.5244350902345024,0.5136780674614027,-0.010757022773099756,0.0,3,-1.0
2026-06-21,687064.0,Brandon Young,3.5,over,True,-143.0,0.14984359746007525,0.7113648963378973,0.5577813758819706,0.5615212988778221,0.0037399229958514635,1.0,5,0.6993006993006993
2026-06-21,672456.0,Keider Montero,3.5,over,False,-113.0,0.12209742756591935,0.635775495027322,0.5244350902345024,0.5136780674614027,-0.010757022773099756,0.0,3,-1.0
2026-06-21,674841.0,Andrew Alvarez,3.5,over,True,-154.0,0.1338649044912016,0.7074982920912422,0.5798804157991473,0.5736333876000406,-0.006247028199106719,1.0,6,0.6493506493506493
2026-06-21,674841.0,Andrew Alvarez,3.5,over,True,-154.0,0.15487032437057002,0.7285037119706106,0.5798804157991473,0.5736333876000406,-0.006247028199106719,1.0,6,0.6493506493506493
2026-06-21,674841.0,Andrew Alvarez,4.5,over,True,134.0,0.1671759187171834,0.5664913779299615,0.4186794837240014,0.3993154592127781,-0.019364024511223266,1.0,6,1.34
2026-06-21,677944.0,Slade Cecconi,3.5,over,False,-175.0,0.12563002409894708,0.724835054310476,0.5934029436914608,0.5992050302115289,0.005802086520068084,0.0,1,-1.0
2026-06-21,677944.0,Slade Cecconi,4.5,over,False,125.0,0.14477661561429966,0.5646412846514272,0.42591142773977936,0.4198646690371275,-0.0060467587026518665,0.0,1,-1.0
2026-06-21,678906.0,Kai-Wei Teng,5.5,over,False,-104.0,0.1647663024283182,0.6633180293608555,0.47469264529298466,0.4985517269325373,0.023859081639552637,0.0,4,-1.0
2026-06-21,678906.0,Kai-Wei Teng,5.5,over,False,-104.0,0.1482140186284992,0.6467657455610365,0.47469264529298466,0.4985517269325373,0.023859081639552637,0.0,4,-1.0
2026-06-21,687064.0,Brandon Young,3.5,over,True,-143.0,0.1457898950438078,0.7073111939216299,0.5577813758819706,0.5615212988778221,0.0037399229958514635,1.0,5,0.6993006993006993
2026-06-21,687473.0,Ryan Gusto,3.5,over,True,-134.0,0.11755215502523741,0.6677151013481751,0.5747763120530749,0.5501629463229377,-0.02461336573013717,1.0,6,0.746268656716418
2026-06-21,607259.0,Nick Martinez,3.5,over,True,-135.0,0.1296192620741512,0.6855737124767366,0.5712878806491376,0.5559544504025854,-0.015333430246552204,1.0,5,0.7407407407407407
2026-06-21,687473.0,Ryan Gusto,3.5,over,True,-134.0,0.11281763898551689,0.6629805853084546,0.5747763120530749,0.5501629463229377,-0.02461336573013717,1.0,6,0.746268656716418
2026-06-21,801139.0,Payton Tolle,5.5,over,False,-140.0,0.11338110757426412,0.6693649437755922,0.5665108372290693,0.5559838362013281,-0.010527001027741179,0.0,2,-1.0
2026-06-21,547179.0,Michael Lorenzen,3.5,over,True,-130.0,0.10803518794969891,0.6576117336231273,0.552655757325266,0.5495765456734284,-0.0030792116518375545,1.0,5,0.7692307692307693
2026-06-22,605540.0,Brandon Woodruff,4.5,over,True,-160.0,0.14308978510351744,0.7182531837963279,0.5834970530451867,0.5751633986928104,-0.008333654352376318,1.0,10,0.625
2026-06-22,605540.0,Brandon Woodruff,4.5,over,True,-160.0,0.1645320504387534,0.7396954491315638,0.5834970530451867,0.5751633986928104,-0.008333654352376318,1.0,10,0.625
2026-06-22,605540.0,Brandon Woodruff,5.5,over,True,120.0,0.14070359103769248,0.5721627543298237,0.43952097237524057,0.4314591632921312,-0.008061809083109384,1.0,10,1.2
2026-06-22,663903.0,Brady Singer,4.5,over,True,100.0,0.10713052945413487,0.5850398386618422,0.5007342259354619,0.4779093092077073,-0.022824916727754607,1.0,7,1.0
2026-06-22,668909.0,Gavin Williams,5.5,over,True,-175.0,0.15025274988413084,0.7443486908435404,0.5820711071677547,0.5940959409594095,0.012024833791654865,1.0,8,0.5714285714285714
2026-06-22,668909.0,Gavin Williams,5.5,over,True,-175.0,0.15084165609020528,0.7449375970496148,0.5820711071677547,0.5940959409594095,0.012024833791654865,1.0,8,0.5714285714285714
2026-06-22,668909.0,Gavin Williams,6.5,over,True,125.0,0.15516887078077646,0.5903625813779141,0.4401592865557726,0.43519371059713763,-0.004965575958634949,1.0,8,1.25
2026-06-22,668909.0,Gavin Williams,6.5,over,True,125.0,0.15591763853777063,0.5911113491349083,0.4401592865557726,0.43519371059713763,-0.004965575958634949,1.0,8,1.25
2026-06-22,805673.0,Zebby Matthews,4.5,over,True,111.0,0.10309326872335356,0.5718462842722144,0.4747256352319841,0.46875301554886084,-0.005972619683123237,1.0,5,1.11
2026-06-22,805673.0,Zebby Matthews,4.5,over,True,111.0,0.12231672067935573,0.5910697362282166,0.4747256352319841,0.46875301554886084,-0.005972619683123237,1.0,5,1.11
2026-06-23,663567.0,Peter Lambert,4.5,under,False,-200.0,0.10935743070592552,0.27038940473711254,,0.37974683544303806,,1.0,6,-1.0
2026-06-23,663567.0,Peter Lambert,4.5,under,False,-200.0,0.1023247913874617,0.27742204405557636,,0.37974683544303806,,1.0,6,-1.0
2026-06-23,665795.0,Edward Cabrera,4.5,over,False,-135.0,0.11422510044341205,0.6621878613726704,0.5514682207995282,0.5479627609292583,-0.0035054598702698447,0.0,4,-1.0
2026-06-23,663554.0,Casey Mize,4.5,over,True,-160.0,0.10481558447567407,0.6799789831684845,,0.5751633986928104,,1.0,6,0.625
2026-06-23,663554.0,Casey Mize,5.5,over,True,100.0,0.16761359760234273,0.6450246875765356,0.47915659263895377,0.4774110899741929,-0.0017455026647608674,1.0,6,1.0
2026-06-23,663554.0,Casey Mize,4.5,over,True,-160.0,0.12368153382753178,0.6988449325203422,,0.5751633986928104,,1.0,6,0.625
2026-06-23,663554.0,Casey Mize,5.5,over,True,100.0,0.14718719276583603,0.6245982827400289,0.47915659263895377,0.4774110899741929,-0.0017455026647608674,1.0,6,1.0
2026-06-23,669923.0,George Kirby,4.5,over,True,-185.0,0.16977322698830477,0.7738024037858039,0.6040291767974991,0.6040291767974991,0.0,1.0,5,0.5405405405405406
2026-06-23,666200.0,Jesús Luzardo,6.5,over,True,122.0,0.1858237514479446,0.6141002499500124,0.42906013473040716,0.42827649850206784,-0.0007836362283393239,1.0,13,1.22
2026-06-23,666200.0,Jesús Luzardo,6.5,over,True,122.0,0.1581497039162858,0.5864262024183536,0.42906013473040716,0.42827649850206784,-0.0007836362283393239,1.0,13,1.22
2026-06-23,666200.0,Jesús Luzardo,5.5,over,True,-133.0,0.14522206300434481,0.6865139538191283,,0.5412918908147835,,1.0,13,0.7518796992481203
2026-06-23,666200.0,Jesús Luzardo,5.5,over,True,-133.0,0.11987575961825137,0.6611676504330348,,0.5412918908147835,,1.0,13,0.7518796992481203
2026-06-23,665795.0,Edward Cabrera,4.5,over,False,-135.0,0.10379140354432959,0.6517541644735879,0.5514682207995282,0.5479627609292583,-0.0035054598702698447,0.0,4,-1.0
2026-06-23,669923.0,George Kirby,5.5,over,False,130.0,0.1855863237752769,0.6116585839690019,0.4340637466043046,0.42607226019372496,-0.007991486410579618,0.0,5,-1.0
2026-06-23,669923.0,George Kirby,5.5,over,False,130.0,0.15960782894705888,0.5856800891407838,0.4340637466043046,0.42607226019372496,-0.007991486410579618,0.0,5,-1.0
2026-06-23,679883.0,Luinder Avila,3.5,over,True,130.0,0.2810916533658611,0.7157169079501111,0.42277793949553344,0.43462525458425,0.011847315088716559,1.0,6,1.3
2026-06-23,679883.0,Luinder Avila,3.5,over,True,130.0,0.30050415315125484,0.7351294077355048,0.42277793949553344,0.43462525458425,0.011847315088716559,1.0,6,1.3
2026-06-23,687075.0,Brandon Sproat,4.5,over,True,-118.0,0.20488191180922477,0.7218133595297431,0.5156488138311407,0.5169314477205184,0.00128263388937766,1.0,10,0.847457627118644
2026-06-23,687075.0,Brandon Sproat,4.5,over,True,-118.0,0.24777087325730152,0.7647023209778199,0.5156488138311407,0.5169314477205184,0.00128263388937766,1.0,10,0.847457627118644
2026-06-23,800048.0,Parker Messick,5.5,over,True,-120.0,0.11841611672484698,0.6440799299324168,0.5017496854244982,0.5256638132075698,0.02391412778307167,1.0,10,0.8333333333333334
2026-06-23,669923.0,George Kirby,4.5,over,True,-185.0,0.15028466137982843,0.7543138381773276,0.6040291767974991,0.6040291767974991,0.0,1.0,5,0.5405405405405406
2026-06-24,605400.0,Aaron Nola,4.5,over,True,-120.0,0.1536929135583428,0.6789053995224181,0.5316943053179003,0.5252124859640753,-0.006481819353824969,1.0,5,0.8333333333333334
2026-06-24,605400.0,Aaron Nola,4.5,over,True,-120.0,0.15122861000453747,0.6764410959686128,0.5316943053179003,0.5252124859640753,-0.006481819353824969,1.0,5,0.8333333333333334
2026-06-24,669373.0,Tarik Skubal,6.5,over,True,-148.0,0.12858976345784046,0.6949208532024519,0.5613685316957219,0.5663310897446114,0.004962558048889565,1.0,9,0.6756756756756757
2026-06-24,675660.0,Shane Drohan,4.5,over,True,-185.0,0.1379984150564414,0.7462798986162059,0.5977275542128485,0.6082814835597645,0.010553929346916013,1.0,5,0.5405405405405406
2026-06-24,675660.0,Shane Drohan,5.5,over,False,120.0,0.16386918676109286,0.5933744418958978,0.4392700601199024,0.429505255134805,-0.009764804985097408,0.0,5,-1.0
2026-06-24,676440.0,Tanner Bibee,4.5,over,False,-150.0,0.14968941518579026,0.7379848997467392,0.6082814835597645,0.5882954845609489,-0.01998599899881559,0.0,3,-1.0
2026-06-24,693433.0,Bryan Woo,5.5,over,False,105.0,0.10549361454299783,0.5749745465694663,0.47085849554857667,0.4694809320264685,-0.0013775635221081606,0.0,4,-1.0
2026-06-24,676440.0,Tanner Bibee,4.5,over,False,-150.0,0.1569408558316091,0.745236340392558,0.6082814835597645,0.5882954845609489,-0.01998599899881559,0.0,3,-1.0
2026-06-24,676440.0,Tanner Bibee,5.5,over,False,127.0,0.15229139365753452,0.5721507507975128,0.45549447056677117,0.41985935713997824,-0.03563511342679293,0.0,3,-1.0
2026-06-24,676440.0,Tanner Bibee,5.5,over,False,127.0,0.16152903468324697,0.5813883918232252,0.45549447056677117,0.41985935713997824,-0.03563511342679293,0.0,3,-1.0
2026-06-24,677952.0,Braxton Ashcraft,5.5,over,True,-152.0,0.13737996135425856,0.7083783298372929,0.552664491750037,0.5709983684830343,0.018333876732997356,1.0,10,0.6578947368421053
2026-06-24,677952.0,Braxton Ashcraft,5.5,over,True,-152.0,0.17456144223892078,0.7455598107219551,0.552664491750037,0.5709983684830343,0.018333876732997356,1.0,10,0.6578947368421053
2026-06-24,677952.0,Braxton Ashcraft,6.5,over,True,110.0,0.12292829477259137,0.5722419924922078,0.44098480655585515,0.4493136977196164,0.008328891163761232,1.0,10,1.1
2026-06-24,677952.0,Braxton Ashcraft,6.5,over,True,110.0,0.1680924059210508,0.6174061036406672,0.44098480655585515,0.4493136977196164,0.008328891163761232,1.0,10,1.1
2026-06-24,691587.0,Eury Pérez,4.5,over,False,-122.0,0.19165544157842596,0.735334046436633,0.503601773358511,0.5436786048582071,0.0400768314996961,0.0,1,-1.0
2026-06-24,669373.0,Tarik Skubal,6.5,over,True,-148.0,0.10319639024655525,0.6695274799911667,0.5613685316957219,0.5663310897446114,0.004962558048889565,1.0,9,0.6756756756756757
2026-06-24,691587.0,Eury Pérez,4.5,over,False,-122.0,0.16572287112882333,0.7094014759870304,0.503601773358511,0.5436786048582071,0.0400768314996961,0.0,1,-1.0
2026-06-25,669022.0,MacKenzie Gore,4.5,over,True,-149.0,0.16586775269178655,0.7313755724532484,0.5754887192738353,0.5655078197614618,-0.009980899512373465,1.0,5,0.6711409395973155
2026-06-25,669022.0,MacKenzie Gore,4.5,over,True,-149.0,0.14157575312185555,0.7070835728833174,0.5754887192738353,0.5655078197614618,-0.009980899512373465,1.0,5,0.6711409395973155
2026-06-25,669022.0,MacKenzie Gore,5.5,over,False,130.0,0.16401795969140415,0.5699220187319946,0.41359299525449256,0.4059040590405904,-0.007688936213902153,0.0,5,-1.0
2026-06-25,676917.0,Cade Cavalli,4.5,over,True,-140.0,0.10671500201897477,0.6679333286024911,0.5674485534020706,0.5612183265835163,-0.00623022681855423,1.0,7,0.7142857142857143
2026-06-25,676917.0,Cade Cavalli,4.5,over,True,-140.0,0.10877717322766844,0.6699954998111848,0.5674485534020706,0.5612183265835163,-0.00623022681855423,1.0,7,0.7142857142857143
2026-06-25,696149.0,Bubba Chandler,4.5,over,False,-136.0,0.16631954931527448,0.7349478577837761,0.5502889312924989,0.5686283084685017,0.018339377176002758,0.0,4,-1.0
2026-06-25,696149.0,Bubba Chandler,4.5,over,False,-136.0,0.16763260765984633,0.736260916128348,0.5502889312924989,0.5686283084685017,0.018339377176002758,0.0,4,-1.0
2026-06-25,813349.0,Connelly Early,5.5,over,True,104.0,0.10267432279952443,0.5909428954814672,0.5118449627366748,0.48826857268194274,-0.023576390054732055,1.0,9,1.04
2026-06-25,837227.0,Tatsuya Imai,5.5,over,True,105.0,0.18843808598523376,0.6615111473498978,0.463327209701441,0.47307306136466404,0.00974585166322306,1.0,10,1.05
2026-06-25,837227.0,Tatsuya Imai,5.5,over,True,105.0,0.19733887666813227,0.6704119380327963,0.463327209701441,0.47307306136466404,0.00974585166322306,1.0,10,1.05
2026-06-26,694819.0,Jacob Misiorowski,8.5,over,False,-125.0,0.17485898242558306,0.7223287341931256,0.5159346725375846,0.5474697517675425,0.03153507922995791,0.0,8,-1.0
2026-06-26,571578.0,Patrick Corbin,3.5,under,False,140.0,0.18981768965493512,0.3975041267149349,0.5850718267191006,0.58732181636987,0.0022499896507693906,1.0,5,-1.0
2026-06-26,571578.0,Patrick Corbin,3.5,under,False,140.0,0.1854789365980291,0.4018428797718409,0.5850718267191006,0.58732181636987,0.0022499896507693906,1.0,5,-1.0
2026-06-26,804267.0,Zach Thornton,4.5,under,False,-164.0,0.12002900236999475,0.2963117989801632,0.4185916709459299,0.41634080135015794,-0.002250869595771976,1.0,7,-1.0
2026-06-26,543135.0,Nathan Eovaldi,4.5,over,True,-149.0,0.1426266271854595,0.7052857999263042,0.5823763429430356,0.5626591727408448,-0.01971717020219088,1.0,9,0.6711409395973155
2026-06-26,543135.0,Nathan Eovaldi,5.5,over,True,135.0,0.16458537480701407,0.5819463989310854,0.4019909227301612,0.4173610241240713,0.015370101393910096,1.0,9,1.35
2026-06-26,622491.0,Luis Castillo,4.5,over,False,-144.0,0.11974644904340104,0.6912276205392484,0.5711771920576458,0.5714811714958473,0.0003039794382014849,0.0,4,-1.0
2026-06-26,622491.0,Luis Castillo,4.5,over,False,-144.0,0.10094833125812375,0.6724295027539711,0.5711771920576458,0.5714811714958473,0.0003039794382014849,0.0,4,-1.0
2026-06-26,668678.0,Zac Gallen,3.5,over,False,-115.0,0.15592680875178544,0.6656171192270443,0.4688410216569305,0.5096903104752588,0.04084928881832833,0.0,0,-1.0
2026-06-26,668678.0,Zac Gallen,3.5,over,False,-115.0,0.1433547283161526,0.6530450387914114,0.4688410216569305,0.5096903104752588,0.04084928881832833,0.0,0,-1.0
2026-06-26,669432.0,Trevor Rogers,4.5,over,True,-120.0,0.10611526379473757,0.6306584117063855,0.5295975690482665,0.5245431479116479,-0.005054421136618581,1.0,7,0.8333333333333334
2026-06-26,669432.0,Trevor Rogers,4.5,over,True,-120.0,0.1492570418104453,0.6738001897220932,0.5295975690482665,0.5245431479116479,-0.005054421136618581,1.0,7,0.8333333333333334
2026-06-26,672456.0,Keider Montero,3.5,over,False,-108.0,0.11671976952153229,0.6244150382790333,0.5168292499765681,0.507695268757501,-0.009133981219067056,0.0,3,-1.0
2026-06-26,672456.0,Keider Montero,3.5,over,False,-108.0,0.14035354548624845,0.6480488142437495,0.5168292499765681,0.507695268757501,-0.009133981219067056,0.0,3,-1.0
2026-06-26,676282.0,Joey Cantillo,5.5,over,True,105.0,0.13242202027720923,0.6074338993232454,0.4683407861225168,0.4750118790460362,0.006671092923519417,1.0,9,1.05
2026-06-26,694819.0,Jacob Misiorowski,8.5,over,False,-125.0,0.1774226410455393,0.7248923928130818,0.5159346725375846,0.5474697517675425,0.03153507922995791,0.0,8,-1.0
2026-06-26,543135.0,Nathan Eovaldi,4.5,over,True,-149.0,0.17815280984042015,0.7408119825812649,0.5823763429430356,0.5626591727408448,-0.01971717020219088,1.0,9,0.6711409395973155
2026-06-27,656302.0,Dylan Cease,7.5,under,False,114.0,0.11804031609520099,0.43526982442528356,0.5389171360553106,0.5533101405204846,0.014393004465173997,1.0,10,-1.0
2026-06-27,687562.0,Jake Bennett,3.5,over,False,-175.0,0.19550051252699852,0.7895964534864081,0.5940959409594095,0.5940959409594095,0.0,0.0,3,-1.0
2026-06-27,656302.0,Dylan Cease,8.5,under,False,-147.0,0.12809770163322248,0.2994948605574424,0.4165029469548134,0.4275925621906649,0.011089615235851502,1.0,10,-1.0
2026-06-27,690986.0,Kyle Harrison,6.5,over,True,120.0,0.13928050316308904,0.5737207804552655,0.42102867546654527,0.4344402772921765,0.013411601825631225,1.0,9,1.2
2026-06-27,690986.0,Kyle Harrison,5.5,over,True,-159.0,0.1264060463903065,0.7129906800112391,0.5714132177973105,0.5865846336209326,0.015171415823622136,1.0,9,0.6289308176100629
2026-06-27,687562.0,Jake Bennett,4.5,over,False,120.0,0.196224402066577,0.6323204846995049,0.43783299932509406,0.4360960826329279,-0.0017369166921661905,0.0,3,-1.0
2026-06-27,687562.0,Jake Bennett,3.5,over,False,-175.0,0.18990938733680696,0.7840053282962165,0.5940959409594095,0.5940959409594095,0.0,0.0,3,-1.0
2026-06-27,687064.0,Brandon Young,4.5,over,True,126.0,0.22808528278286855,0.650897182751744,0.4291068350654379,0.42281189996887547,-0.006294935096562426,1.0,8,1.26
2026-06-27,687562.0,Jake Bennett,4.5,over,False,120.0,0.1884412593947139,0.6245373420276418,0.43783299932509406,0.4360960826329279,-0.0017369166921661905,0.0,3,-1.0
2026-06-27,683003.0,Jared Jones,5.5,over,False,116.0,0.12267484346263186,0.5685128216637642,0.47199320470930833,0.4458379782011323,-0.026155226508176033,0.0,4,-1.0
2026-06-27,677944.0,Slade Cecconi,4.5,over,False,110.0,0.1211635376385019,0.5808864584593045,0.46516386170881746,0.4597229208208026,-0.0054409408880148336,0.0,4,-1.0
2026-06-27,677944.0,Slade Cecconi,4.5,over,False,110.0,0.11552290279583372,0.5752458236166363,0.46516386170881746,0.4597229208208026,-0.0054409408880148336,0.0,4,-1.0
2026-06-27,656302.0,Dylan Cease,8.5,under,False,-147.0,0.14105426082309214,0.28653830136757275,0.4165029469548134,0.4275925621906649,0.011089615235851502,1.0,10,-1.0
2026-06-27,687064.0,Brandon Young,4.5,over,True,126.0,0.20330299656238304,0.6261148965312585,0.4291068350654379,0.42281189996887547,-0.006294935096562426,1.0,8,1.26
2026-06-27,656302.0,Dylan Cease,7.5,under,False,114.0,0.13334926937375202,0.41996087114673253,0.5389171360553106,0.5533101405204846,0.014393004465173997,1.0,10,-1.0
2026-06-28,641793.0,Zack Littell,3.5,over,False,103.0,0.14232416740757226,0.6291709819578767,0.49360777923953075,0.48684681455030443,-0.006760964689226323,0.0,3,-1.0
2026-06-28,543243.0,Sonny Gray,5.5,over,True,-132.0,0.10671143712446529,0.6521538882281948,0.5492275248356221,0.5454424511037295,-0.0037850737318926297,1.0,9,0.7575757575757576
2026-06-28,543243.0,Sonny Gray,5.5,over,True,-132.0,0.12664877691074572,0.6720912280144752,0.5492275248356221,0.5454424511037295,-0.0037850737318926297,1.0,9,0.7575757575757576
2026-06-28,641793.0,Zack Littell,3.5,over,False,103.0,0.12613812173780026,0.6129849362881047,0.49360777923953075,0.48684681455030443,-0.006760964689226323,0.0,3,-1.0
2026-06-28,650644.0,Aaron Civale,3.5,over,False,-154.0,0.1314415937226855,0.7007287130335448,,0.5692871193108593,,0.0,2,-1.0
2026-06-28,650644.0,Aaron Civale,4.5,over,False,125.0,0.21678334802105603,0.6382732272604444,0.4529628043068799,0.4214898792393884,-0.0314729250674915,0.0,2,-1.0
2026-06-28,650644.0,Aaron Civale,4.5,over,False,125.0,0.19764150204848618,0.6191313812878746,0.4529628043068799,0.4214898792393884,-0.0314729250674915,0.0,2,-1.0
2026-06-28,663903.0,Brady Singer,4.5,over,True,-135.0,0.12298851689290247,0.6640292042918461,0.5333072574546942,0.5410406873989436,0.007733429944249415,1.0,6,0.7407407407407407
2026-06-28,663903.0,Brady Singer,4.5,over,True,-135.0,0.1294377991701915,0.6704784865691351,0.5333072574546942,0.5410406873989436,0.007733429944249415,1.0,6,0.7407407407407407
2026-06-28,663969.0,Tyler Phillips,3.5,over,False,124.0,0.13148801538368377,0.5845577555850673,0.5018803079189537,0.4530697402013835,-0.04881056771757014,0.0,1,-1.0
2026-06-28,677958.0,Kumar Rocker,3.5,over,True,-135.0,0.13810909625120793,0.7007502146586356,0.593042035761604,0.5626411184074277,-0.03040091735417627,1.0,5,0.7407407407407407
2026-06-28,677958.0,Kumar Rocker,3.5,over,True,-135.0,0.16116164402092992,0.7238027624283576,0.593042035761604,0.5626411184074277,-0.03040091735417627,1.0,5,0.7407407407407407
2026-06-28,679883.0,Luinder Avila,3.5,over,True,-145.0,0.21501624837368438,0.7852588924077961,0.5662376429834235,0.5702426440341117,0.004005001050688239,1.0,4,0.6896551724137931
2026-06-28,679883.0,Luinder Avila,3.5,over,True,-145.0,0.21008031871769084,0.7803229627518026,0.5662376429834235,0.5702426440341117,0.004005001050688239,1.0,4,0.6896551724137931
2026-06-28,680694.0,Kyle Bradish,5.5,over,False,-132.0,0.27349155864585684,0.8189987979634236,0.5691361850315134,0.5455072393175667,-0.023628945713946692,0.0,2,-1.0
2026-06-28,680694.0,Kyle Bradish,5.5,over,False,-132.0,0.2504090249387312,0.7959162642562979,0.5691361850315134,0.5455072393175667,-0.023628945713946692,0.0,2,-1.0
2026-06-28,656427.0,Jack Flaherty,5.5,under,False,-116.0,0.1358902291493148,0.35062308089395267,0.4970136232806854,0.4865133100432675,-0.010500313237417902,1.0,9,-1.0
2026-06-28,656427.0,Jack Flaherty,5.5,under,False,-116.0,0.14309340666976827,0.3434199033734992,0.4970136232806854,0.4865133100432675,-0.010500313237417902,1.0,9,-1.0
2026-06-28,650644.0,Aaron Civale,3.5,over,False,-154.0,0.11396462351954029,0.6832517428303996,,0.5692871193108593,,0.0,2,-1.0
2026-06-28,663969.0,Tyler Phillips,3.5,over,False,124.0,0.10790878396072806,0.5609785241621116,0.5018803079189537,0.4530697402013835,-0.04881056771757014,0.0,1,-1.0
2026-06-29,677952.0,Braxton Ashcraft,5.5,over,True,-155.0,0.22859068392697046,0.7951015211560397,0.5711377365417348,0.5665108372290693,-0.004626899312665578,1.0,8,0.6451612903225806
2026-06-29,663554.0,Casey Mize,5.5,over,True,105.0,0.17046453353604007,0.6426733549433226,0.4531050990892686,0.4722088214072825,0.019103722318013883,1.0,10,1.05
2026-06-29,663554.0,Casey Mize,5.5,over,True,105.0,0.16547243390889865,0.6376812553161811,0.4531050990892686,0.4722088214072825,0.019103722318013883,1.0,10,1.05
2026-06-29,677952.0,Braxton Ashcraft,5.5,over,True,-155.0,0.22840651016983438,0.7949173473989036,0.5711377365417348,0.5665108372290693,-0.004626899312665578,1.0,8,0.6451612903225806
2026-06-29,677952.0,Braxton Ashcraft,6.5,over,True,120.0,0.20598009589531252,0.6470344364319092,0.4316442704685689,0.44105434053659665,0.009410070068027743,1.0,8,1.2
2026-06-29,677952.0,Braxton Ashcraft,6.5,over,True,120.0,0.20572195698578633,0.646776297522383,0.4316442704685689,0.44105434053659665,0.009410070068027743,1.0,8,1.2
2026-06-29,680732.0,Sean Burke,5.5,over,True,-105.0,0.15573488383130923,0.6518738766386458,0.4987777019539655,0.4961389928073366,-0.0026387091466288926,1.0,8,0.9523809523809523
2026-06-29,680732.0,Sean Burke,5.5,over,True,-105.0,0.18717101492799743,0.683310007735334,0.4987777019539655,0.4961389928073366,-0.0026387091466288926,1.0,8,0.9523809523809523
2026-07-03,681035.0,Christian Scott,4.5,over,True,-120.0,0.13611631046352457,0.6542251572626635,0.511292503347898,0.5181088467991389,0.006816343451240936,1.0,7,0.8333333333333334
2026-07-03,681035.0,Christian Scott,4.5,over,True,-120.0,0.13010515678462564,0.6482140035837646,0.511292503347898,0.5181088467991389,0.006816343451240936,1.0,7,0.8333333333333334
2026-07-03,669467.0,Andre Pallante,3.5,over,False,-135.0,0.10209830647123885,0.64991150468772,0.5657937967609395,0.5478131982164811,-0.017980598544458437,0.0,2,-1.0
2026-07-03,669467.0,Andre Pallante,3.5,over,False,-135.0,0.13353965714101002,0.6813528553574911,0.5657937967609395,0.5478131982164811,-0.017980598544458437,0.0,2,-1.0
2026-07-03,663903.0,Brady Singer,4.5,over,True,-150.0,0.14933051642530182,0.7187543479432605,0.5665108372290693,0.5694238315179587,0.00291299428888947,1.0,6,0.6666666666666666
2026-07-03,656605.0,Mitch Keller,3.5,over,False,-150.0,0.14384173236877218,0.7205550796268642,0.5778320567622345,0.576713347258092,-0.001118709504142501,0.0,1,-1.0
2026-07-03,656605.0,Mitch Keller,3.5,over,False,-150.0,0.16550878122406143,0.7422221284821534,0.5778320567622345,0.576713347258092,-0.001118709504142501,0.0,1,-1.0
2026-07-03,663903.0,Brady Singer,4.5,over,True,-150.0,0.15138790335891905,0.7208117348768778,0.5665108372290693,0.5694238315179587,0.00291299428888947,1.0,6,0.6666666666666666
2026-07-04,677952.0,Braxton Ashcraft,6.5,over,True,105.0,0.11859410679362659,0.5927324988600415,,0.47413839206641495,,1.0,7,1.05
2026-07-04,669302.0,Logan Gilbert,5.5,over,True,-140.0,0.11752995030739088,0.6839974308415033,0.4457466777037891,0.5664674805341124,0.12072080283032333,1.0,7,0.7142857142857143
2026-07-04,677952.0,Braxton Ashcraft,6.5,over,True,105.0,0.12901536425606663,0.6031537563224816,,0.47413839206641495,,1.0,7,1.05
2026-07-04,669302.0,Logan Gilbert,5.5,over,True,-140.0,0.11183582672148296,0.6783033072555954,0.4457466777037891,0.5664674805341124,0.12072080283032333,1.0,7,0.7142857142857143
2026-07-04,805673.0,Zebby Matthews,4.5,over,True,-122.0,0.2271990527872727,0.7675904790763439,0.5395961366533534,0.5403914262890712,0.0007952896357178441,1.0,5,0.819672131147541
2026-07-04,805673.0,Zebby Matthews,4.5,over,True,-122.0,0.23800592938753096,0.7783973556766022,0.5395961366533534,0.5403914262890712,0.0007952896357178441,1.0,5,0.819672131147541
2026-07-05,663554.0,Casey Mize,4.5,over,False,-167.0,0.15027832810386887,0.7454666056629657,0.5925731450623497,0.5951882775590969,0.0026151324967471634,0.0,4,-1.0
2026-07-05,690997.0,Nolan McLean,5.5,over,False,-124.0,0.10507128935555365,0.6526592124818055,0.5623529796261467,0.5475879231262518,-0.014765056499894902,0.0,5,-1.0
2026-07-05,690997.0,Nolan McLean,5.5,over,False,-124.0,0.11414890455625681,0.6617368276825086,0.5623529796261467,0.5475879231262518,-0.014765056499894902,0.0,5,-1.0
2026-07-05,687075.0,Brandon Sproat,4.5,over,False,134.0,0.18407248092778722,0.5987464829616008,0.4213312447959539,0.4146740020338136,-0.006657242762140303,0.0,4,-1.0
2026-07-05,686218.0,Emmet Sheehan,5.5,over,False,-105.0,0.116822548600364,0.6195449173869619,0.4953374524063731,0.5027223687865979,0.007384916380224815,0.0,5,-1.0
2026-07-05,686218.0,Emmet Sheehan,5.5,over,False,-105.0,0.12157619442022416,0.6242985632068221,0.4953374524063731,0.5027223687865979,0.007384916380224815,0.0,5,-1.0
2026-07-05,679883.0,Luinder Avila,4.5,over,False,136.0,0.175833184231396,0.5852155483098683,0.408814763548589,0.40938236407847234,0.0005676005298833608,0.0,4,-1.0
2026-07-05,679883.0,Luinder Avila,3.5,over,True,-162.0,0.16536629629388033,0.7559308699654864,0.5914221642248385,0.5905645736716061,-0.0008575905532324235,1.0,4,0.6172839506172839
2026-07-05,679883.0,Luinder Avila,4.5,over,False,136.0,0.19814392738816994,0.6075262914666423,0.408814763548589,0.40938236407847234,0.0005676005298833608,0.0,4,-1.0
2026-07-05,677958.0,Kumar Rocker,4.5,over,False,-142.0,0.13069763726057515,0.6910773479897903,0.55902141006927,0.5603797107292151,0.001358300659945133,0.0,4,-1.0
2026-07-05,527048.0,Martín Pérez,4.5,under,True,-144.0,0.1598622366166097,0.27340202648742384,0.4413723167193583,0.43326426310403354,-0.00810805361532474,0.0,1,0.6944444444444444
2026-07-05,677958.0,Kumar Rocker,4.5,over,False,-142.0,0.11983449341440022,0.6802142041436153,0.55902141006927,0.5603797107292151,0.001358300659945133,0.0,4,-1.0
2026-07-05,663554.0,Casey Mize,5.5,over,False,128.0,0.15838164805559407,0.5865430842275778,0.4250828475878028,0.42816143617198377,0.0030785885841809746,0.0,4,-1.0
2026-07-05,663554.0,Casey Mize,5.5,over,False,128.0,0.15445819629187518,0.582619632463859,0.4250828475878028,0.42816143617198377,0.0030785885841809746,0.0,4,-1.0
2026-07-05,663554.0,Casey Mize,4.5,over,False,-167.0,0.1533317341891023,0.7485200117481992,0.5925731450623497,0.5951882775590969,0.0026151324967471634,0.0,4,-1.0
2026-07-05,679883.0,Luinder Avila,3.5,over,True,-162.0,0.1820621672443783,0.7726267409159844,0.5914221642248385,0.5905645736716061,-0.0008575905532324235,1.0,4,0.6172839506172839
2026-07-05,527048.0,Martín Pérez,4.5,under,True,-144.0,0.13678366391153285,0.2964805991925007,0.4413723167193583,0.43326426310403354,-0.00810805361532474,0.0,1,0.6944444444444444
2026-07-06,702070.0,Noah Cameron,4.5,under,False,126.0,0.13636534883728685,0.43026414274778096,0.5669594439561898,0.5666294915850678,-0.0003299523711219887,1.0,7,-1.0
2026-07-06,702070.0,Noah Cameron,4.5,under,False,126.0,0.13707522530815314,0.4295542662769147,0.5669594439561898,0.5666294915850678,-0.0003299523711219887,1.0,7,-1.0
2026-07-07,554430.0,Zack Wheeler,7.5,under,False,-130.0,0.17633901970156074,0.27981964001832965,0.4447664962163746,0.4561586597198904,0.011392163503515795,1.0,14,-1.0
2026-07-07,554430.0,Zack Wheeler,7.5,under,False,-130.0,0.14862740177789202,0.30753125794199837,0.4447664962163746,0.4561586597198904,0.011392163503515795,1.0,14,-1.0
2026-07-07,694819.0,Jacob Misiorowski,7.5,over,True,-118.0,0.19111638961872457,0.7477944871535619,0.5178716466551466,0.5566780975348373,0.0388064508796907,1.0,11,0.847457627118644
2026-07-07,694819.0,Jacob Misiorowski,7.5,over,True,-118.0,0.19694198563345444,0.7536200831682918,0.5178716466551466,0.5566780975348373,0.0388064508796907,1.0,11,0.847457627118644
2026-07-07,676282.0,Joey Cantillo,4.5,over,True,-152.0,0.14388128989701665,0.7225044913251354,0.5848406562526713,0.5786232014281187,-0.006217454824552604,1.0,7,0.6578947368421053
2026-07-07,676282.0,Joey Cantillo,4.5,over,True,-152.0,0.13120650218556007,0.7098297036136788,0.5848406562526713,0.5786232014281187,-0.006217454824552604,1.0,7,0.6578947368421053
2026-07-07,676282.0,Joey Cantillo,5.5,over,True,118.0,0.1352236596309805,0.5749331068643982,0.4424359890135073,0.43970944723341776,-0.0027265417800895198,1.0,7,1.18
2026-07-07,688107.0,Robert Gasser,3.5,under,False,120.0,0.12471338361299711,0.4388838710207469,,0.563597254633744,,1.0,4,-1.0
2026-07-07,702273.0,Noah Schultz,4.5,under,True,100.0,0.11837390459986957,0.4007782648577736,0.5321082584867484,0.5191521694576432,-0.012956089029105167,0.0,3,1.0
