model,validity,start,end,bets,wins,losses,pushes,win_rate,avg_odds,breakeven_win_rate,roi,units,binomial_p_vs_breakeven,bootstrap_roi_ci_lo,bootstrap_roi_ci_mid,bootstrap_roi_ci_hi,t_stat_units_per_bet,max_drawdown_units,longest_losing_streak,prob_true_roi_lte_0,clv_bets,avg_clv_pct,median_clv_pct,positive_clv_rate,group_type,group
2026-03,grouped_current_model,2026-03-26,2026-03-31,31,19,12,0,0.6129032258064516,6.064516129032258,0.5148268326455024,0.22136605322293895,6.862347649911108,0.18085874626258908,-0.12827000195093835,0.22454984188367388,0.5659186071723389,1.221941431307748,-5.0,5,0.1056,6,-0.335845814490519,0.0,0.16666666666666666,month,2026-03
2026-04,grouped_current_model,2026-04-01,2026-04-30,274,164,110,0,0.5985401459854015,2.218978102189781,0.5122580278558667,0.18071910831784244,49.51703567908883,0.002506690100750384,0.06692926522722199,0.18293500955074898,0.2993561203169302,3.0256775075454,-10.85338827838828,5,0.0012,117,2.4822364872493496,1.3636363636363449,0.6324786324786325,month,2026-04
2026-05,grouped_current_model,2026-05-01,2026-05-31,185,101,84,0,0.5459459459459459,-14.52972972972973,0.5156945765718911,0.0612908092337537,11.338799708244434,0.22684270336361134,-0.08147693605659141,0.06100437513966471,0.20253013491403196,0.8422188830129035,-20.620310833054194,6,0.1992,73,2.0487620700971716,0.8771929824561209,0.5753424657534246,month,2026-05
2026-06,grouped_current_model,2026-06-01,2026-06-29,193,101,92,0,0.5233160621761658,-44.22279792746114,0.5291819053300543,-0.021062827332255896,-4.065125675125388,0.5935148271922299,-0.15497304083336227,-0.01989418348477204,0.11069853036958426,-0.30833808950597563,-11.681959017282272,6,0.6202,113,-0.25664665189180214,0.0,0.49557522123893805,month,2026-06
3.5,grouped_current_model,2026-03-28,2026-05-31,29,16,13,0,0.5517241379310345,92.20689655172414,0.4579227399650749,0.22387806096951526,6.492463768115942,0.20372743945669375,-0.18821389305347325,0.2240504747626187,0.6313780609695148,1.0609959044695092,-5.130434782608695,5,0.1396,12,2.4630258498866984,1.1904761904761862,0.5,line,3.5
4.5,grouped_current_model,2026-03-26,2026-06-28,171,89,82,0,0.52046783625731,61.187134502923975,0.4788538211581422,0.07346477651072383,12.562476783333775,0.1555859321196176,-0.08351859475080857,0.07496181204158665,0.2340954568822153,0.919171786273165,-12.993223223562206,4,0.177,79,1.472901368389181,0.8230452674897304,0.5822784810126582,line,4.5
5.5,grouped_current_model,2026-03-26,2026-06-29,283,165,118,0,0.5830388692579506,-28.7773851590106,0.5258533033753404,0.1260561449769132,35.673889028466434,0.030670562954203853,0.014982871691098848,0.1245708250380329,0.24078484963628796,2.182525331161081,-13.279375477666953,5,0.0148,120,0.6823738695013931,0.9174311926605672,0.575,line,5.5
6.5,grouped_current_model,2026-03-26,2026-06-29,151,81,70,0,0.5364238410596026,-64.94701986754967,0.5428741893905312,-0.013927194063960634,-2.1030063036580557,0.5959473366199175,-0.16598652692772484,-0.014585219226885764,0.13606422991089465,-0.18311033929187379,-12.656510306992393,6,0.5918,71,2.18402858845917,0.8344459279038707,0.5352112676056338,line,6.5
7.5,grouped_current_model,2026-03-26,2026-06-28,44,30,14,0,0.6818181818181818,-113.25,0.5713623920240245,0.20045825860886793,8.82016337879019,0.09077837312077383,-0.055577935573369666,0.20188729275822573,0.438687550593986,1.5818600482088039,-4.09090909090909,3,0.0594,24,1.3829173287804277,0.8431045915479385,0.5416666666666666,line,7.5
8.5,grouped_current_model,2026-04-01,2026-06-26,5,4,1,0,0.8,-126.0,0.5519480519480519,0.44141414141414154,2.2070707070707076,0.2591436397407212,-0.30707070707070705,0.45656565656565656,0.8939393939393941,1.2054587615641947,0.0,1,0.0742,3,-2.363758246111184,0.0,0.3333333333333333,line,8.5
<=-150,grouped_current_model,2026-03-26,2026-06-29,106,66,40,0,0.6226415094339622,-162.88679245283018,0.6187939427946556,0.007402526543880372,0.7846678136513194,0.510517271772001,-0.14520483708852797,0.0083711051427732,0.15904829310810178,0.09662083097171931,-5.198563615317421,4,0.4532,22,0.05649800412196921,1.1452817777430346,0.5454545454545454,odds_bucket,<=-150
-149/-120,grouped_current_model,2026-03-26,2026-06-29,164,97,67,0,0.5914634146341463,-134.46951219512195,0.5728765560870408,0.031412139793059554,5.151590926061767,0.34499735398300363,-0.09711964851139882,0.030333210842983488,0.16547832869962703,0.4673536165207101,-13.110959041204925,4,0.3186,66,-1.4381164459075995,0.0,0.48484848484848486,odds_bucket,-149/-120
-119/-101,grouped_current_model,2026-03-27,2026-06-29,90,56,34,0,0.6222222222222222,-109.23333333333333,0.5218359487933669,0.1908533180267323,17.176798622405908,0.03527798905878645,-0.0031801435888162903,0.19142628473650225,0.3817086069069892,1.9394304737370984,-7.2967128342612,4,0.028,42,2.9928934374489296,1.3781355758872404,0.6428571428571429,odds_bucket,-119/-101
+100/+120,grouped_current_model,2026-03-26,2026-06-29,186,100,86,0,0.5376344086021505,111.58602150537635,0.473126380242631,0.13198924731182793,24.549999999999997,0.04574144485783633,-0.013280913978494641,0.13306451612903225,0.27978494623655914,1.7083194210608525,-14.22,9,0.045,99,1.3105277259004215,0.0,0.494949494949495,odds_bucket,+100/+120
+121/+150,grouped_current_model,2026-03-26,2026-06-28,133,64,69,0,0.48120300751879697,130.18796992481202,0.4347337426881224,0.11195488721804511,14.89,0.1601915191541854,-0.07992857142857143,0.11142857142857143,0.30941353383458625,1.113150315356697,-6.66,5,0.129,78,2.708386688462376,1.3574938574938522,0.6538461538461539,odds_bucket,+121/+150
>=+151,grouped_current_model,2026-04-18,2026-05-15,4,2,2,0,0.5,163.25,0.38092320261437906,0.2749999999999999,1.0999999999999996,0.4915958820434343,-1.0,0.2749999999999999,1.5499999999999998,0.3735795859462283,-1.0,1,0.3072,2,17.969975988353394,17.969975988353394,1.0,odds_bucket,>=+151
7-10,grouped_current_model,2026-03-26,2026-06-29,130,74,56,0,0.5692307692307692,-35.07692307692308,0.5315548330661657,0.09190094932288422,11.947123411974948,0.2200499167981036,-0.07760559320398908,0.09218854493786355,0.2583566364235164,1.0802878149139454,-8.70383855609736,4,0.148,45,-0.29838123194942856,0.4464285714285587,0.5333333333333333,edge_bucket,7-10
10-15,grouped_current_model,2026-03-26,2026-06-29,182,102,80,0,0.5604395604395604,-33.934065934065934,0.5306093899759297,0.061522899879828286,11.197167778128748,0.23231456749995888,-0.08055464810640244,0.06148828105264079,0.20041632662223308,0.8612979771344684,-20.480248587082368,7,0.2046,65,0.8734773836947861,0.8230452674897304,0.5692307692307692,edge_bucket,10-15
15-20,grouped_current_model,2026-03-26,2026-06-29,119,64,55,0,0.5378151260504201,-30.80672268907563,0.524770026465318,0.016850477269127827,2.0052067950262114,0.42403535870171183,-0.15507761433689518,0.017203834780422665,0.1905769133442315,0.19046269336642352,-10.64960810310552,6,0.4156,50,0.24023486376356867,0.8733790999237212,0.62,edge_bucket,15-20
20-30,grouped_current_model,2026-03-26,2026-06-29,156,88,68,0,0.5641025641025641,6.961538461538462,0.5051470090315866,0.11163940566759041,17.415747284144103,0.08170776184272834,-0.040987393544327955,0.11228277187534753,0.2677719791882487,1.400600817083711,-6.575977584059771,6,0.0766,72,1.7240277631786727,1.3484848484848433,0.5833333333333334,edge_bucket,20-30
30-50,grouped_current_model,2026-03-26,2026-06-28,87,54,33,0,0.6206896551724138,23.275862068965516,0.49188267461424506,0.2699748516418963,23.487812092844976,0.010639916537702892,0.054163260235591364,0.2728526584095191,0.4771077121330582,2.484242592680765,-6.107142857142858,6,0.0064,69,2.371411030955709,0.4878048780487809,0.5217391304347826,edge_bucket,30-50
50+,grouped_current_model,2026-04-03,2026-06-28,9,3,6,0,0.3333333333333333,96.0,0.45961547945088477,-0.26666666666666666,-2.4,0.8636596624915813,-1.0,-0.26666666666666666,0.4670833333333274,-0.725588140132029,-5.0,5,0.8146,8,8.230896974890882,0.0,0.375,edge_bucket,50+
0-.25,grouped_current_model,2026-03-26,2026-06-29,213,107,106,0,0.5023474178403756,99.85915492957747,0.4627679582020911,0.07836975629302739,16.692758090414834,0.13795411685435416,-0.06968413694146021,0.07808601027839993,0.22502302991338788,1.0587192714650666,-12.14,6,0.1388,107,1.1109873192742208,0.8695652173913215,0.5607476635514018,abs_gap_bucket,0-.25
.25-.5,grouped_current_model,2026-03-26,2026-06-24,131,74,57,0,0.5648854961832062,38.83206106870229,0.4779584740746243,0.19604702091621073,25.682159740023607,0.028446439392711385,0.01168439587670302,0.1966366924209671,0.3788501559560523,2.1042637404735283,-5.662990602542841,4,0.0194,62,2.8535956271398866,1.3832228454869977,0.6935483870967742,abs_gap_bucket,.25-.5
.5-.75,grouped_current_model,2026-04-01,2026-06-29,102,61,41,0,0.5980392156862745,-75.23529411764706,0.5425559637597202,0.10971831975247827,11.191268614752783,0.15254033567042452,-0.07242469158173066,0.10977383856979608,0.29030679075853777,1.2000121117265206,-9.203314197315915,4,0.1152,39,0.9132244010538384,0.0,0.46153846153846156,abs_gap_bucket,.5-.75
.75-1,grouped_current_model,2026-03-27,2026-06-29,109,65,44,0,0.5963302752293578,-107.72477064220183,0.5702822892643704,0.05277872715389346,5.752881259774387,0.3268242259380143,-0.11990379851677696,0.050870831364636895,0.22053385275178747,0.6267235220346632,-10.10725743735489,8,0.25,47,-1.2702970884430391,0.0,0.46808510638297873,abs_gap_bucket,.75-1
1-1.5,grouped_current_model,2026-03-26,2026-06-28,106,62,44,0,0.5849056603773585,-136.37735849056602,0.5885463797941823,-0.014503958593865116,-1.5374196109497023,0.5715775602615093,-0.17513210373561205,-0.015008026722440206,0.13889014650513548,-0.17789539264814846,-8.629112894903816,4,0.5628,38,3.986518051259782,2.1629791927839093,0.631578947368421,abs_gap_bucket,1-1.5
1.5+,grouped_current_model,2026-04-01,2026-06-29,22,16,6,0,0.7272727272727273,-132.36363636363637,0.5811093884866391,0.266882239459231,5.871409268103083,0.11904388264353213,-0.0706689740528607,0.2699654047944666,0.5890237978969443,1.560686315150122,-2.0,2,0.0612,16,-0.8895558064132847,0.0,0.375,abs_gap_bucket,1.5+
108,grouped_current_model,2026-04-01,2026-06-14,10,6,4,0,0.6,-8.0,0.5141161220075967,0.14577370478983379,1.4577370478983378,0.4121447242186097,-0.450983870967742,0.14152419354838702,0.7312898338220919,0.45836709939094183,-4.0,4,0.3252,6,1.2158091070692747,1.1363636363636354,0.5,team,108
109,grouped_current_model,2026-04-01,2026-06-13,11,6,5,0,0.5454545454545454,48.63636363636363,0.4914050611012158,0.10515151515151516,1.1566666666666667,0.4767446863160929,-0.48000000000000004,0.1051515151515152,0.7000075757575757,0.3250098453691446,-2.523333333333334,2,0.3758,5,4.072727272727269,1.333333333333342,0.6,team,109
110,grouped_current_model,2026-04-05,2026-06-11,15,12,3,0,0.8,-35.2,0.5295690310336181,0.5511813026532786,8.26771953979918,0.03006614764180035,0.11683261648745522,0.5564275445620146,0.9106458463533063,2.5703928025764697,-2.0,2,0.0062,6,0.8611819986227546,0.0,0.3333333333333333,team,110
111,grouped_current_model,2026-04-03,2026-06-29,34,18,16,0,0.5294117647058824,-40.029411764705884,0.5305536963680342,0.013360825801855917,0.45426807726310114,0.574612099523276,-0.3201317765994084,0.01694344244340281,0.3316520667578281,0.07918508201382946,-5.66236559139785,3,0.473,15,2.071234074692536,0.4690431519699833,0.6666666666666666,team,111
112,grouped_current_model,2026-03-26,2026-05-16,27,13,14,0,0.48148148148148145,15.333333333333334,0.5044676933492571,-0.05317248974725613,-1.4356572231759155,0.6666455082132166,-0.41543767005231597,-0.0519296671657736,0.31756391061903055,-0.27142977536872803,-4.62,5,0.6116,9,1.8058999440058818,2.1739130434782705,0.6666666666666666,team,112
113,grouped_current_model,2026-03-26,2026-06-27,27,18,9,0,0.6666666666666666,-2.074074074074074,0.5109099848207393,0.2880099138653616,7.776267674364764,0.07599178657530316,-0.07878008773244824,0.2901220420997518,0.630851943656872,1.5740195895764792,-2.367088607594937,2,0.051,11,2.2953253168956285,1.0000000000000009,0.5454545454545454,team,113
114,grouped_current_model,2026-04-03,2026-06-28,35,21,14,0,0.6,-17.714285714285715,0.51663690795967,0.187068132358288,6.54738463254008,0.20712974309559232,-0.14656199420501823,0.19357258478542078,0.5128641931669381,1.0985608310156416,-4.089949780288764,4,0.1304,18,1.6729374797835252,1.1333473772909164,0.6111111111111112,team,114
115,grouped_current_model,2026-05-09,2026-05-09,1,1,0,0,1.0,110.0,0.47619047619047616,1.1,1.1,0.47619047619047616,1.1,1.1,1.1,,0.0,0,0.0,1,5.000000000000004,5.000000000000004,1.0,team,115
116,grouped_current_model,2026-03-26,2026-06-28,35,22,13,0,0.6285714285714286,-0.5428571428571428,0.5151269999538937,0.2104030372600532,7.3641063041018615,0.1199122020112454,-0.12165130692522542,0.2065214741819919,0.5297783648567327,1.2869005787865795,-3.69015873015873,3,0.1016,14,2.4649374484876385,1.1725638816929782,0.5714285714285714,team,116
117,grouped_current_model,2026-04-01,2026-06-17,13,8,5,0,0.6153846153846154,-3.230769230769231,0.5201102358000715,0.16633016493573188,2.1622921441645144,0.34299393842789594,-0.34709647227005924,0.1695117896575657,0.6571782471737442,0.6108761034631509,-3.300699300699301,2,0.2662,7,2.166628173640347,1.7699115044247815,0.7142857142857143,team,117
118,grouped_current_model,2026-03-27,2026-06-24,26,13,13,0,0.5,1.3076923076923077,0.5096754638457099,0.0049276494594220005,0.128118885944972,0.616043153744801,-0.38039223717568205,0.00198850295004142,0.3877331203727523,0.024231610418906292,-3.1466666666666665,3,0.4846,11,2.7595946389407353,3.874092009685226,0.6363636363636364,team,118
119,grouped_current_model,2026-04-03,2026-06-28,18,9,9,0,0.5,-57.55555555555556,0.5273820417410557,-0.013720946597981239,-0.24697703876366228,0.6809496313395474,-0.465950614130723,-0.013379322812961256,0.45473495062294644,-0.056961148539853027,-5.090434782608696,3,0.52,13,0.09038192854743637,-0.4349717268377517,0.46153846153846156,team,119
120,grouped_current_model,2026-04-21,2026-06-22,9,5,4,0,0.5555555555555556,-21.0,0.5191203888426535,0.09803186626616162,0.8822867963954546,0.5469624560899404,-0.5646783625730994,0.09803186626616162,0.775984030589293,0.272118594394835,-2.3421052631578947,2,0.3946,3,-4.421535648363791,-6.1403508771930015,0.3333333333333333,team,120
121,grouped_current_model,2026-03-28,2026-06-29,44,28,16,0,0.6363636363636364,-22.522727272727273,0.5245228007330615,0.22843821725162616,10.051281559071551,0.0903644898635957,-0.04606095788729422,0.23373663420351362,0.5104558230897547,1.5733247037434703,-6.3,4,0.0596,18,2.3177848111236097,0.983649979532375,0.6666666666666666,team,121
133,grouped_current_model,2026-03-30,2026-06-25,15,6,9,0,0.4,18.466666666666665,0.50189089535425,-0.2151668003389385,-3.2275020050840775,0.8525606923307438,-0.72075,-0.21797849462365596,0.29854429083461315,-0.8325629765936008,-7.20483870967742,4,0.807,5,5.51241783940106,5.188679245283012,0.8,team,133
134,grouped_current_model,2026-04-01,2026-06-29,21,12,9,0,0.5714285714285714,49.23809523809524,0.4855253469915678,0.1903073822121441,3.9964550264550263,0.2846354637377967,-0.24577450239355,0.191859410430839,0.6136269841269838,0.8186798066116107,-4.0,4,0.2026,12,2.3002595469536398,1.6874438454627216,0.75,team,134
135,grouped_current_model,2026-04-01,2026-06-10,9,6,3,0,0.6666666666666666,-24.22222222222222,0.5232528345172133,0.31780801209372633,2.860272108843537,0.30174134857634194,-0.35774754346182924,0.3266969009826151,0.8845597127739977,0.9459944733680838,-2.0,2,0.1484,3,0.10190399570931079,0.3539823008849696,0.6666666666666666,team,135
136,grouped_current_model,2026-04-01,2026-06-24,24,11,13,0,0.4583333333333333,-14.333333333333334,0.5127343451003551,-0.10496755052449645,-2.5192212125879148,0.7694035201467783,-0.5045575396825397,-0.10787245085672234,0.29192783261399935,-0.5121992683063171,-7.895887879254582,7,0.6986,6,-3.9419431237809737,-2.5928352992573176,0.16666666666666666,team,136
137,grouped_current_model,2026-03-27,2026-06-28,29,16,13,0,0.5517241379310345,-20.79310344827586,0.5319417985519265,0.055784334107812084,1.6177456891265505,0.49069743121042975,-0.3024498540243795,0.05328789614766718,0.4086314068679794,0.3042581893430361,-5.529462553598934,4,0.3738,16,-1.1761688367099552,0.0,0.375,team,137
138,grouped_current_model,2026-03-30,2026-05-10,8,3,5,0,0.375,21.875,0.5040705074754841,-0.253804347826087,-2.030434782608696,0.8607461721089684,-0.7663043478260869,-0.253804347826087,0.469836956521739,-0.6960446213235687,-2.95,2,0.7252,5,1.8390992262304031,0.985221674876824,0.6,team,138
139,grouped_current_model,2026-03-29,2026-06-28,35,27,8,0,0.7714285714285715,-36.05714285714286,0.5307091457649534,0.47166938722591883,16.50842855290716,0.002960639704200557,0.18801537128964482,0.47800035494261767,0.737619402599174,3.283376191159919,-2.0,2,0.001,16,-2.2210094145771304,-0.5587385623285035,0.25,team,139
140,grouped_current_model,2026-03-29,2026-06-24,24,11,13,0,0.4583333333333333,-39.916666666666664,0.5289120315695484,-0.13364228992035745,-3.207414958088579,0.8151947309936302,-0.5145369869935297,-0.1346559878858098,0.2563328409205886,-0.6717132223652944,-4.0,4,0.7512,11,-1.3750111200241377,-1.2345679012345625,0.45454545454545453,team,140
141,grouped_current_model,2026-03-31,2026-06-28,39,21,18,0,0.5384615384615384,13.974358974358974,0.5057944387950144,0.07495913430738334,2.92340623798795,0.4025330494582901,-0.2349531149458512,0.07843191687752901,0.3918153728985544,0.45709260920954525,-6.300699300699301,4,0.3132,12,3.0717760943176216,3.5269247886070443,0.75,team,141
142,grouped_current_model,2026-04-01,2026-06-24,30,15,15,0,0.5,-37.833333333333336,0.521002773815264,-0.030070348814416132,-0.902110464432484,0.6606241306078663,-0.37264041869874,-0.024925621932358782,0.3305201357066749,-0.16362438657021777,-3.1511976047904193,4,0.5684,15,2.9786349043099087,1.2397334573066798,0.6666666666666666,team,142
143,grouped_current_model,2026-04-01,2026-06-29,38,20,18,0,0.5263157894736842,-58.473684210526315,0.5339226216758217,-0.03129405047236028,-1.1891739179496907,0.6023851596937622,-0.32552953310076616,-0.03011030791003068,0.26053641731884286,-0.2041482692907902,-7.616161616161618,5,0.5766,19,0.7400770084815775,0.0,0.47368421052631576,team,143
144,grouped_current_model,2026-03-27,2026-06-28,28,20,8,0,0.7142857142857143,-36.107142857142854,0.5277729038423418,0.38362192514472143,10.7414139040522,0.035303058552853914,0.036328192172237324,0.3882075688048322,0.7113483177018467,2.205820590378158,-2.473684210526315,2,0.018,12,0.3855401815226657,0.6496178718401135,0.5833333333333334,team,144
145,grouped_current_model,2026-04-08,2026-04-25,2,1,1,0,0.5,119.0,0.45739348370927313,0.050000000000000044,0.10000000000000009,0.7055781684788411,-1.0,0.050000000000000044,1.1,0.04761904761904767,-1.0,1,0.2338,1,-6.25,-6.25,0.0,team,145
146,grouped_current_model,2026-03-28,2026-06-14,9,4,5,0,0.4444444444444444,-20.88888888888889,0.5168828892385467,-0.1837471170804504,-1.6537240537240536,0.7781862789606895,-0.783068783068783,-0.18374711708045044,0.4318311626644939,-0.5615195789077609,-3.0476190476190474,3,0.712,2,1.1743134132765953,1.1743134132765953,1.0,team,146
147,grouped_current_model,2026-04-03,2026-06-29,37,21,16,0,0.5675675675675675,-17.864864864864863,0.5186821431129821,0.09374651373658095,3.4686210082534954,0.3342914204813682,-0.23042368665328372,0.09451115861389354,0.39909076270337124,0.5798749275279576,-8.682618321041694,4,0.2764,16,1.8142684614591564,0.6585438225584994,0.5625,team,147
158,grouped_current_model,2026-03-30,2026-06-29,30,11,19,0,0.36666666666666664,-8.833333333333334,0.5139084840187024,-0.31663996124341126,-9.499198837302337,0.9643545988667853,-0.6311371085055294,-0.32031908231256545,0.017462153149519023,-1.8709617899259867,-11.715083681750347,6,0.9664,21,2.9478322165948634,0.8695652173913215,0.5714285714285714,team,158
108,grouped_current_model,2026-03-30,2026-06-21,8,4,4,0,0.5,22.75,0.5015564313070993,-0.04386790039229063,-0.35094320313832505,0.6401181113987777,-0.73875,-0.04386790039229063,0.6598516118028314,-0.1191098177487421,-2.0,2,0.5624,1,0.0,0.0,0.0,opponent,108
109,grouped_current_model,2026-04-01,2026-06-28,11,6,5,0,0.5454545454545454,-1.0,0.5173083757291997,0.06491151128704616,0.7140266241575077,0.5467608710378952,-0.5014454893765238,0.06491151128704614,0.6525949146638802,0.2073106604473828,-3.1103448275862067,2,0.3998,5,-3.180039349872459,-5.349794238683126,0.4,opponent,109
110,grouped_current_model,2026-04-01,2026-06-21,17,15,2,0,0.8823529411764706,-10.705882352941176,0.5093988102259632,0.754484664804838,12.826239301682246,0.001502792795433776,0.38640466972195997,0.7662055550085841,1.0414018286896043,4.429091376004371,-1.0,1,0.0,8,-0.3718090668128893,-0.6639026067843834,0.375,opponent,110
111,grouped_current_model,2026-03-26,2026-06-28,27,19,8,0,0.7037037037037037,-29.25925925925926,0.5215789875559435,0.37326697376498097,10.078208291654486,0.04293107495039984,0.026947631132629775,0.38039312204240694,0.7103511312519508,2.077920894072199,-3.0630573248407647,2,0.0196,16,1.3890473955488756,1.3354733652780726,0.625,opponent,111
112,grouped_current_model,2026-04-01,2026-06-28,27,13,14,0,0.48148148148148145,-23.0,0.5230524448959206,-0.10376392207428115,-2.801625896005591,0.7342472061432861,-0.4505961042868812,-0.10148753285140114,0.25330518063487567,-0.5630623621549785,-7.696390658174099,8,0.7132,15,2.324055912230272,0.4629629629629539,0.5333333333333333,opponent,112
113,grouped_current_model,2026-04-01,2026-06-29,30,18,12,0,0.6,5.566666666666666,0.5121365293119042,0.17247171137106024,5.174151341131807,0.21810765564622395,-0.18028817911936953,0.17476685064989161,0.5214260023276402,0.9413340605997463,-3.0476190476190474,3,0.1672,16,-0.17674804195297966,1.1204146730462328,0.625,opponent,113
114,grouped_current_model,2026-04-08,2026-06-16,31,19,12,0,0.6129032258064516,-25.677419354838708,0.5284237700633135,0.18935950238979746,5.870144574083721,0.22365040655171997,-0.14974714583651694,0.18950179724949845,0.5244657296806102,1.0647774560892638,-4.977777777777778,3,0.1454,12,3.2613986894382525,1.4187866927592996,0.75,opponent,114
115,grouped_current_model,2026-03-28,2026-06-24,16,6,10,0,0.375,27.125,0.49390732246477387,-0.24185799319727894,-3.869727891156463,0.8857351908713564,-0.7375,-0.24309098639455787,0.26443930697278833,-0.9468458117275942,-6.219727891156463,3,0.8438,8,6.17136838291467,3.8763909046927947,0.75,opponent,115
116,grouped_current_model,2026-04-01,2026-06-29,29,19,10,0,0.6551724137931034,-24.79310344827586,0.5260758420856437,0.230521955231197,6.685136701704713,0.1132660048176106,-0.10069731480490095,0.2364617184332148,0.5634165848824813,1.3396413129122513,-2.0,3,0.0884,14,-0.43181781117358486,0.0,0.42857142857142855,opponent,116
117,grouped_current_model,2026-04-05,2026-06-28,11,2,9,0,0.18181818181818182,28.727272727272727,0.4949195423162484,-0.5881818181818183,-6.470000000000001,0.993572177307433,-1.0,-0.5881818181818183,0.021818181818181678,-2.1272883994423815,-5.470000000000001,4,0.9618,4,-3.521971733475207,-3.2332438784730577,0.25,opponent,117
118,grouped_current_model,2026-03-27,2026-06-23,21,10,11,0,0.47619047619047616,-25.571428571428573,0.5205879651888962,-0.1072326636483446,-2.2518859366152366,0.7342991734627583,-0.5050899240885279,-0.10847555523336946,0.3082833523528249,-0.505130019504183,-4.0,4,0.6928,9,-0.9120069011054824,2.2727272727272707,0.5555555555555556,opponent,118
119,grouped_current_model,2026-04-08,2026-06-24,9,3,6,0,0.3333333333333333,-14.777777777777779,0.5059367051436219,-0.31673061550759396,-2.8505755395683456,0.9158625270729692,-1.0,-0.31673061550759396,0.3665387689848121,-0.9180700925702281,-3.0,4,0.8596,5,5.1160184024218225,5.116279069767438,0.6,opponent,119
120,grouped_current_model,2026-03-26,2026-06-29,40,18,22,0,0.45,-15.475,0.5188832706164147,-0.1615342490765152,-6.4613699630606085,0.8485222993875425,-0.4438750158177595,-0.16590602934382076,0.13176353058388798,-1.0714048397049862,-8.792623308990384,4,0.8606,21,1.9078466772070335,0.4690431519699833,0.5238095238095238,opponent,120
121,grouped_current_model,2026-03-30,2026-06-28,18,12,6,0,0.6666666666666666,-31.88888888888889,0.5193099887161907,0.2979244262684072,5.36263967283133,0.15498513548761048,-0.14442111313593867,0.3024233586534525,0.7050847918465487,1.3176027700839406,-4.0,4,0.1,10,-2.2861045336233716,-1.0030377715366523,0.4,opponent,121
133,grouped_current_model,2026-04-01,2026-06-25,17,11,6,0,0.6470588235294118,25.705882352941178,0.5044850139412228,0.29147991223788583,4.955158508044059,0.17563664752368177,-0.19234611472614774,0.293906458640804,0.7402313541609502,1.1965758524473311,-2.5364396654719243,2,0.1134,12,-2.090508720695308,0.07744632915230865,0.5,opponent,133
134,grouped_current_model,2026-03-28,2026-06-29,22,12,10,0,0.5454545454545454,-16.136363636363637,0.5131723451101636,0.08423076564188677,1.8530768441215089,0.4651726919073401,-0.35110117238644484,0.08023027324390147,0.49121563357905723,0.38335368343594634,-6.310344827586206,4,0.3578,9,-0.44409405987643663,0.933532486930555,0.5555555555555556,opponent,134
135,grouped_current_model,2026-03-26,2026-06-28,18,10,8,0,0.5555555555555556,-35.111111111111114,0.5247613793268603,0.06127479814563926,1.1029463666215067,0.49141892383032093,-0.36184826209976567,0.06536414510267344,0.5016179806119038,0.2608339719484827,-3.375,3,0.3902,6,1.8000979423080186,-0.4500440029537644,0.3333333333333333,opponent,135
136,grouped_current_model,2026-04-08,2026-06-28,16,9,7,0,0.5625,-4.375,0.5060138292247157,0.09109917599340898,1.4575868158945438,0.42081288716444043,-0.3876052992047455,0.08678025292901301,0.5751889468130393,0.35971974052879413,-2.0,3,0.3548,7,-4.691276689904447,-1.6103059581320411,0.14285714285714285,opponent,136
137,grouped_current_model,2026-04-01,2026-06-28,20,10,10,0,0.5,-60.15,0.5404746758386305,-0.09482639889597966,-1.8965279779195932,0.7223630020159105,-0.477013644906486,-0.0966780817391879,0.29431767881241566,-0.4539030044021231,-2.3421052631578947,2,0.676,5,-0.6474134298211212,0.0,0.4,opponent,137
138,grouped_current_model,2026-03-29,2026-06-11,15,7,8,0,0.4666666666666667,63.46666666666667,0.4895949676698442,-0.014695652173913103,-0.22043478260869653,0.6671998622795435,-0.5686666666666668,-0.014028985507246457,0.5379420289855071,-0.05197336892629006,-4.84,4,0.5408,5,-0.5700797176828324,1.2765957446808418,0.6,opponent,138
139,grouped_current_model,2026-03-30,2026-06-24,29,18,11,0,0.6206896551724138,-22.448275862068964,0.5220332952071791,0.18795508644762507,5.450697506981127,0.1904171853206305,-0.15338687745514648,0.19468610913586326,0.5217138028242904,1.0452181266715979,-4.759493483547923,3,0.143,11,-0.038523088824961894,0.0,0.36363636363636365,opponent,139
140,grouped_current_model,2026-04-03,2026-06-28,18,8,10,0,0.4444444444444444,21.5,0.4978334972554084,-0.11719702027174465,-2.1095463648914037,0.7538351086062177,-0.5617992348134753,-0.11719702027174464,0.34767676365042627,-0.48369685049159167,-4.414707655213984,3,0.6866,8,3.8960780440791543,3.254696373962429,0.75,opponent,140
141,grouped_current_model,2026-04-08,2026-06-29,19,13,6,0,0.6842105263157895,-28.36842105263158,0.524884100320531,0.34176193038846386,6.493476677380814,0.12224466806718656,-0.10948141734827259,0.3477920815384108,0.7466619324966974,1.5457836821967856,-2.0,2,0.0612,7,1.8800964890576224,1.2397334573066798,0.5714285714285714,opponent,141
142,grouped_current_model,2026-04-02,2026-06-24,28,18,10,0,0.6428571428571429,-28.535714285714285,0.5262123807640762,0.23365503989243228,6.542341116988104,0.14746142399500944,-0.1210881125004897,0.23749259442699144,0.5769509556222477,1.2952363324059033,-2.375,2,0.0936,10,6.535538547866308,5.948311226582803,0.7,opponent,142
143,grouped_current_model,2026-03-29,2026-06-29,31,12,19,0,0.3870967741935484,-32.70967741935484,0.5304756987151725,-0.27176977287219883,-8.424862959038164,0.962615440024364,-0.5950366430798798,-0.277898824121235,0.059855856414749234,-1.6041043319715806,-10.382757695880269,4,0.9496,12,2.3168761603555157,0.6673407482305493,0.5833333333333334,opponent,143
144,grouped_current_model,2026-03-27,2026-06-28,30,19,11,0,0.6333333333333333,-8.733333333333333,0.5057364226795271,0.24697803765118048,7.409341129535415,0.11178429537207432,-0.10065416357968658,0.24948321836474674,0.5822546689940653,1.3778868485261275,-3.0,3,0.081,13,7.402682532209374,4.306220095693769,0.7692307692307693,opponent,144
145,grouped_current_model,2026-04-07,2026-06-23,39,18,21,0,0.46153846153846156,-26.358974358974358,0.5253601704067791,-0.10302289194193659,-4.017892785735527,0.8310960572127168,-0.4157294887903899,-0.10411754206040533,0.20987623588620966,-0.6466997436617447,-7.041197604790421,7,0.742,19,1.821424087037196,2.114164904862581,0.5789473684210527,opponent,145
146,grouped_current_model,2026-04-03,2026-06-24,36,20,16,0,0.5555555555555556,-4.833333333333333,0.5191373254301874,0.0961900944244796,3.4628433992812653,0.39437101601728686,-0.2421634933061549,0.09504644036253232,0.4188722698881556,0.5698207826441624,-3.310344827586207,3,0.278,19,0.827631684773971,0.9174311926605672,0.5789473684210527,opponent,146
147,grouped_current_model,2026-03-27,2026-06-26,25,16,9,0,0.64,-24.32,0.5241954594747688,0.2440818147569762,6.102045368924405,0.1689169848818455,-0.14117333859167755,0.24896909547613047,0.6000682479648706,1.2555309443842932,-4.2592592592592595,3,0.0996,10,0.7554063224184562,2.6735961330504825,0.6,opponent,147
158,grouped_current_model,2026-03-30,2026-06-20,25,20,5,0,0.8,-39.4,0.5232680418953103,0.5535356168335355,13.838390420838387,0.004095610041750119,0.23273506150326131,0.5602922226886273,0.8430604346910769,3.352815775718902,-2.0,2,0.0004,12,3.0546966479110886,1.2796525225526323,0.8333333333333334,opponent,158
