model,validity,start,end,bets,wins,losses,pushes,win_rate,avg_odds,breakeven_win_rate,roi,units,binomial_p_vs_breakeven,bootstrap_roi_ci_lo,bootstrap_roi_ci_mid,bootstrap_roi_ci_hi,t_stat_units_per_bet,max_drawdown_units,longest_losing_streak,prob_true_roi_lte_0,clv_bets,avg_clv_pct,median_clv_pct,positive_clv_rate,mae,rmse,brier,log_loss,ece,edge_spearman,section,edge_min,edge_gap_min
frozen_2025_current_through_2026_06_29,mixed_canonical_plus_limited_backfill,2026-03-26,2026-06-29,683,385,298,0,0.5636896046852123,-15.266471449487556,0.5180877537906565,0.09319627725054024,63.65305736211898,0.009381529591107319,0.01737322847585585,0.09235659575863801,0.16700897176126425,2.4836363228063627,-22.86746565688527,7.0,0.006,309,1.3235118238658596,0.8695652173913215,0.5598705501618123,,,,,,,valid_model_comparison,,
frozen_2025,canonical_complete_matrix_through_2026_06_18,2026-03-26,2026-06-18,613,348,265,0,0.567699836867863,-10.615008156606851,,0.1057202379534856,64.80650586548671,,0.0324565752908097,0.1058743948670585,0.1833727231266881,,,,,259,1.9423797760155623,0.9174311926605672,0.583011583011583,1.7475150551173233,2.189313875933677,0.2451806892229879,0.6839875276309684,0.0343487774600648,-0.2,valid_model_comparison,,
walk_forward_daily,canonical_complete_matrix_through_2026_06_18,2026-03-26,2026-06-18,632,346,286,0,0.5474683544303798,-12.77373417721519,,0.0650637464156767,41.12028773470769,,-0.0117678968908173,0.065233323618005,0.1438176361088398,,,,,249,1.9768442716290853,1.0000000000000009,0.5863453815261044,1.747316487565451,2.182324013827337,0.2454207834437738,0.6843633066763434,0.0279354834386502,-0.0285714285714285,valid_model_comparison,,
walk_forward_weekly,canonical_complete_matrix_through_2026_06_18,2026-03-26,2026-06-18,630,347,283,0,0.5507936507936508,-13.255555555555556,,0.0698846174761052,44.027309009946286,,-0.0060552000160629,0.0688438366590402,0.1449012881612028,,,,,248,1.965074382428076,0.9513264337686956,0.5846774193548387,1.746362237522478,2.1819453559986,0.2454515021890022,0.6844434768500799,0.0265616751054341,-0.0857142857142857,valid_model_comparison,,
walk_forward_monthly,canonical_complete_matrix_through_2026_06_18,2026-03-26,2026-06-18,628,341,287,0,0.5429936305732485,-14.694267515923569,,0.0551551309496233,34.637422236363484,,-0.0168940667982395,0.054503132145862,0.1315229066566148,,,,,251,1.9604277637764291,0.933532486930555,0.5896414342629482,1.748437386856158,2.1859874087739954,0.2456532296032695,0.6849048868140198,0.0308508486700401,0.0857142857142857,valid_model_comparison,,
rolling_365d_weekly,canonical_complete_matrix_through_2026_06_18,2026-03-26,2026-06-18,667,366,301,0,0.5487256371814093,-12.055472263868063,,0.0661128842640098,44.09729380409456,,-0.0054943055951649,0.0666617615112509,0.1443137696108252,,,,,255,1.9259124322064496,0.9174311926605672,0.5764705882352941,1.749667239455552,2.184569772710502,0.2460663359413937,0.6857649468969331,0.0282584310226256,-0.0857142857142857,valid_model_comparison,,
rolling_540d_weekly,canonical_complete_matrix_through_2026_06_18,2026-03-26,2026-06-18,630,347,283,0,0.5507936507936508,-13.255555555555556,,0.0698846174761052,44.027309009946286,,-0.0060552000160629,0.0688438366590402,0.1449012881612028,,,,,248,1.965074382428076,0.9513264337686956,0.5846774193548387,1.746362237522478,2.1819453559986,0.2454515021890022,0.6844434768500799,0.0265616751054341,-0.0857142857142857,valid_model_comparison,,
blend_frozen_75_weekly_25,canonical_complete_matrix_through_2026_06_18,2026-03-26,2026-06-18,614,348,266,0,0.5667752442996743,-10.340390879478829,,0.1060478912544171,65.11340523021215,,0.0298785567195389,0.105978011462356,0.1797646354057351,,,,,259,1.999368738598116,0.933532486930555,0.5868725868725869,1.7468119734413532,2.1866981436747404,0.245164623557576,0.6839057806619113,0.0325929632598996,-0.2571428571428572,valid_model_comparison,,
blend_frozen_50_weekly_50,canonical_complete_matrix_through_2026_06_18,2026-03-26,2026-06-18,617,342,275,0,0.5542949756888168,-11.677471636952998,,0.079807864049394,49.24145211847616,,-0.0003471958010258,0.0809521199416255,0.157447628818774,,,,,254,1.9253256541246957,0.9174311926605672,0.5826771653543307,1.7464582027304174,2.1845972156174494,0.2452035268659628,0.6839551435062056,0.0297130553652192,0.6,valid_model_comparison,,
edge>=5_eg>=0,canonical_grid_through_2026_06_18,2026-03-26,2026-06-18,704,396,308,0,0.5625,-16.132102272727273,0.5191484597919748,0.0893210889229854,62.882046601781724,0.01167753658520606,0.01596396299352359,0.08860488361290893,0.16254243423347414,2.4174462648566566,-22.86746565688527,7.0,0.0034,0,,,,,,,,,,robustness,5.0,0.0
edge>=5_eg>=5,canonical_grid_through_2026_06_18,2026-03-26,2026-06-18,359,217,142,0,0.6044568245125348,-72.73537604456824,0.5509976378632977,0.1073754492015458,38.54778626335494,0.02328899850761757,0.012115785178405492,0.10735100093147124,0.19968811996145852,2.2253559770433395,-15.532160626958607,5.0,0.0128,0,,,,,,,,,,robustness,5.0,5.0
edge>=5_eg>=10,canonical_grid_through_2026_06_18,2026-03-26,2026-06-18,248,149,99,0,0.6008064516129032,-72.21774193548387,0.5512437677556206,0.09522206874861862,23.61507304965742,0.06566149720873442,-0.015585231306110966,0.0946304604537558,0.20576182574271368,1.6508083206108304,-10.143481954802706,5.0,0.0514,0,,,,,,,,,,robustness,5.0,10.0
edge>=5_eg>=12,canonical_grid_through_2026_06_18,2026-03-26,2026-06-18,204,121,83,0,0.5931372549019608,-75.57843137254902,0.5519564417552625,0.0815038020727937,16.626775622849916,0.13284022209549023,-0.044610810151135966,0.08264724054939598,0.20643296045972429,1.276679898238283,-9.758109866924052,4.0,0.104,0,,,,,,,,,,robustness,5.0,12.0
edge>=5_eg>=15,canonical_grid_through_2026_06_18,2026-03-26,2026-06-18,152,94,58,0,0.618421052631579,-71.9342105263158,0.5484223404425056,0.13066733707004002,19.861435234646084,0.04856758302704665,-0.008204769303655357,0.13175767551640555,0.26988256308306674,1.7808853015398451,-6.526753005777817,4.0,0.0412,0,,,,,,,,,,robustness,5.0,15.0
edge>=7_eg>=0,canonical_grid_through_2026_06_18,2026-03-26,2026-06-18,613,348,265,0,0.567699836867863,-10.615008156606851,0.5164542367390474,0.10572023795348566,64.80650586548671,0.006163232122542095,0.02754910160997166,0.10559640645598475,0.1824975839194863,2.6587030783330605,-22.86746565688527,7.0,0.0046,0,,,,,,,,,,robustness,7.0,0.0
edge>=7_eg>=5,canonical_grid_through_2026_06_18,2026-03-26,2026-06-18,354,213,141,0,0.6016949152542372,-71.26553672316385,0.5497644708788804,0.10541712421939427,37.31766197366557,0.02765482840859013,0.010848266243949724,0.10523257635070077,0.20140294943192832,2.1616835985491885,-15.532160626958607,5.0,0.0152,0,,,,,,,,,,robustness,7.0,5.0
edge>=7_eg>=10,canonical_grid_through_2026_06_18,2026-03-26,2026-06-18,248,149,99,0,0.6008064516129032,-72.21774193548387,0.5512437677556206,0.09522206874861862,23.61507304965742,0.06566149720873442,-0.015585231306110966,0.0946304604537558,0.20576182574271368,1.6508083206108304,-10.143481954802706,5.0,0.0514,0,,,,,,,,,,robustness,7.0,10.0
edge>=7_eg>=12,canonical_grid_through_2026_06_18,2026-03-26,2026-06-18,204,121,83,0,0.5931372549019608,-75.57843137254902,0.5519564417552625,0.0815038020727937,16.626775622849916,0.13284022209549023,-0.044610810151135966,0.08264724054939598,0.20643296045972429,1.276679898238283,-9.758109866924052,4.0,0.104,0,,,,,,,,,,robustness,7.0,12.0
edge>=7_eg>=15,canonical_grid_through_2026_06_18,2026-03-26,2026-06-18,152,94,58,0,0.618421052631579,-71.9342105263158,0.5484223404425056,0.13066733707004002,19.861435234646084,0.04856758302704665,-0.008204769303655357,0.13175767551640555,0.26988256308306674,1.7808853015398451,-6.526753005777817,4.0,0.0412,0,,,,,,,,,,robustness,7.0,15.0
edge>=10_eg>=0,canonical_grid_through_2026_06_18,2026-03-26,2026-06-18,493,278,215,0,0.563894523326572,-5.243407707910751,0.5131092351439022,0.10262189113601414,50.59259233005497,0.013415895132868878,0.016606754286411007,0.10223225712368625,0.19136958772339047,2.3020110824289293,-22.86746565688527,7.0,0.0124,0,,,,,,,,,,robustness,10.0,0.0
edge>=10_eg>=5,canonical_grid_through_2026_06_18,2026-03-26,2026-06-18,323,197,126,0,0.6099071207430341,-62.71517027863777,0.543579242706843,0.131383319014721,42.436812041754884,0.009450759249733149,0.02957520986434911,0.13184388016995738,0.2337875129593005,2.5580343199077538,-15.532160626958607,5.0,0.0034,0,,,,,,,,,,robustness,10.0,5.0
edge>=10_eg>=10,canonical_grid_through_2026_06_18,2026-03-26,2026-06-18,246,148,98,0,0.6016260162601627,-71.32113821138212,0.5504752778586878,0.09792177748042168,24.088757260183733,0.06027220930760563,-0.012874173155103797,0.0971404681325917,0.21050775155783472,1.6896531369408125,-10.143481954802706,5.0,0.0506,0,,,,,,,,,,robustness,10.0,10.0
edge>=10_eg>=12,canonical_grid_through_2026_06_18,2026-03-26,2026-06-18,204,121,83,0,0.5931372549019608,-75.57843137254902,0.5519564417552625,0.0815038020727937,16.626775622849916,0.13284022209549023,-0.044610810151135966,0.08264724054939598,0.20643296045972429,1.276679898238283,-9.758109866924052,4.0,0.104,0,,,,,,,,,,robustness,10.0,12.0
edge>=10_eg>=15,canonical_grid_through_2026_06_18,2026-03-26,2026-06-18,152,94,58,0,0.618421052631579,-71.9342105263158,0.5484223404425056,0.13066733707004002,19.861435234646084,0.04856758302704665,-0.008204769303655357,0.13175767551640555,0.26988256308306674,1.7808853015398451,-6.526753005777817,4.0,0.0412,0,,,,,,,,,,robustness,10.0,15.0
edge>=12_eg>=0,canonical_grid_through_2026_06_18,2026-03-26,2026-06-18,423,231,192,0,0.5460992907801419,-0.13002364066193853,0.5095080144713756,0.07808218846932326,33.02876572252374,0.0724955491785631,-0.019017724364786694,0.07756175072461644,0.17197653847377403,1.6026836952337795,-22.86746565688527,7.0,0.056,0,,,,,,,,,,robustness,12.0,0.0
edge>=12_eg>=5,canonical_grid_through_2026_06_18,2026-03-26,2026-06-18,289,171,118,0,0.5916955017301038,-52.01038062283737,0.5365089037186945,0.11481777892331999,33.182338108839474,0.033850628638070264,0.007619249462417217,0.11446953159492149,0.22298290261955175,2.0682392959997427,-15.532160626958607,5.0,0.0176,0,,,,,,,,,,robustness,12.0,5.0
edge>=12_eg>=10,canonical_grid_through_2026_06_18,2026-03-26,2026-06-18,234,140,94,0,0.5982905982905983,-66.08974358974359,0.5462294643838762,0.10024762518550424,23.457944293407994,0.062087089366124566,-0.020932743953201008,0.09957011435481475,0.22188453919546594,1.673107854247806,-10.143481954802706,5.0,0.0464,0,,,,,,,,,,robustness,12.0,10.0
edge>=12_eg>=12,canonical_grid_through_2026_06_18,2026-03-26,2026-06-18,198,117,81,0,0.5909090909090909,-72.22222222222223,0.5489646465281084,0.08323714181689314,16.48095407974484,0.13233913625560917,-0.041801248665480004,0.08436408437199289,0.21145016857753737,1.277435700807628,-9.367865964485027,4.0,0.1,0,,,,,,,,,,robustness,12.0,12.0
edge>=12_eg>=15,canonical_grid_through_2026_06_18,2026-03-26,2026-06-18,152,94,58,0,0.618421052631579,-71.9342105263158,0.5484223404425056,0.13066733707004002,19.861435234646084,0.04856758302704665,-0.008204769303655357,0.13175767551640555,0.26988256308306674,1.7808853015398451,-6.526753005777817,4.0,0.0412,0,,,,,,,,,,robustness,12.0,15.0
edge>=15_eg>=0,canonical_grid_through_2026_06_18,2026-03-26,2026-06-18,328,188,140,0,0.573170731707317,7.817073170731708,0.5047232085403004,0.13551780108540182,44.4498387560118,0.0075902058642663165,0.029080373957006612,0.1337787222989203,0.24134518505377195,2.457084880008483,-9.198623629763318,6.0,0.0066,0,,,,,,,,,,robustness,15.0,0.0
edge>=15_eg>=5,canonical_grid_through_2026_06_18,2026-03-26,2026-06-18,239,148,91,0,0.6192468619246861,-34.00418410041841,0.5265662504000834,0.18187220838339263,43.467457803630836,0.002402809757108626,0.06019234237068628,0.1815660951329915,0.3011544274684444,2.9765249601023975,-7.130594477012153,4.0,0.0018,0,,,,,,,,,,robustness,15.0,5.0
edge>=15_eg>=10,canonical_grid_through_2026_06_18,2026-03-26,2026-06-18,201,124,77,0,0.6169154228855721,-51.691542288557216,0.5365552537284549,0.1496835294985194,30.0863894292024,0.01305746455069905,0.02164780683345928,0.1516494941676888,0.27744424483313357,2.3029567394735224,-8.101468263419903,4.0,0.0134,0,,,,,,,,,,robustness,15.0,10.0
edge>=15_eg>=12,canonical_grid_through_2026_06_18,2026-03-26,2026-06-18,178,109,69,0,0.6123595505617978,-62.52247191011236,0.541829792033643,0.13224256152802763,23.53917595198892,0.03436176110854377,-0.007145232453220172,0.13344456929084905,0.26248550049036024,1.9242541975336687,-8.607751286670894,4.0,0.0278,0,,,,,,,,,,robustness,15.0,12.0
edge>=15_eg>=15,canonical_grid_through_2026_06_18,2026-03-26,2026-06-18,148,92,56,0,0.6216216216216216,-69.28378378378379,0.5462520554734001,0.1401388926605876,20.740556113766964,0.03863735596157553,-0.00604209460566792,0.13760632061941858,0.2878303160777897,1.8820693256349765,-6.526753005777817,4.0,0.0318,0,,,,,,,,,,robustness,15.0,15.0
base_selected_through_0629,selected_bet_robustness_through_2026_06_29,2026-03-26,2026-06-29,683,385,298,0,0.5636896046852123,-15.266471449487556,0.5180877537906565,0.09319627725054025,63.65305736211899,0.009381529591107319,0.022853164025656268,0.09394686767742952,0.17009937341486886,2.483636322806363,-18.594579687947437,6.0,0.0064,309,1.3235118238658596,0.8695652173913215,0.5598705501618123,,,,,,,robustness,,
remove_top5_wins,selected_bet_robustness_through_2026_06_29,2026-03-26,2026-06-29,678,380,298,0,0.56047197640118,-16.48230088495575,0.5189529052750211,0.08285111705327286,56.173057362118996,0.016670790187304253,0.008472769801935443,0.08259673790699401,0.15648597442139633,2.2085363204246304,-18.59457968794745,6.0,0.0138,306,1.2600819749108636,0.8520055726475961,0.5555555555555556,,,,,,,robustness,,
remove_top10_wins,selected_bet_robustness_through_2026_06_29,2026-03-26,2026-06-29,673,375,298,0,0.5572065378900446,-17.649331352154533,0.5197204761902717,0.07302088761087516,49.14305736211899,0.028076004615040607,0.000919206421142377,0.07349172833961881,0.1477584381821343,1.9454560872973157,-18.59457968794745,6.0,0.0288,302,1.2443879452660116,0.8520055726475961,0.5562913907284768,,,,,,,robustness,,
remove_worst5,selected_bet_robustness_through_2026_06_29,2026-03-26,2026-06-29,678,385,293,0,0.5678466076696165,-15.93952802359882,0.518481460807377,0.10125819669929054,68.65305736211899,0.005568148759716726,0.026035856201312428,0.1005765491817456,0.17273506559219406,2.6910909138662893,-18.59457968794746,6.0,0.0046,308,1.3532736715241969,0.8733790999237212,0.5616883116883117,,,,,,,robustness,,
first_half,selected_bet_robustness_through_2026_06_29,2026-03-26,2026-05-08,341,204,137,0,0.5982404692082112,0.8152492668621701,0.5129431248897266,0.17875922071556152,60.95689426400648,0.0009424864559061649,0.0753631700921362,0.17888461159567537,0.2841435202304538,3.3429051261778784,-9.906009315603647,6.0,0.0,142,2.084082862971369,1.0249343832020918,0.5915492957746479,,,,,,,robustness,,
second_half,selected_bet_robustness_through_2026_06_29,2026-05-08,2026-06-29,342,181,161,0,0.5292397660818714,-31.301169590643276,0.5232173399170224,0.007883517830738316,2.696163098112504,0.43329110985066277,-0.09157766248632862,0.0073845885985849066,0.10833374845731326,0.15064850429834872,-18.59457968794744,6.0,0.4484,167,0.6767987247462051,0.4690431519699833,0.5329341317365269,,,,,,,robustness,,
favorites,selected_bet_robustness_through_2026_06_29,2026-03-26,2026-06-29,360,219,141,0,0.6083333333333333,-136.52777777777777,0.5736365236830867,0.06420293711699719,23.11305736211899,0.10031583421973989,-0.02152780395481,0.06442536604503984,0.15072368709626557,1.4161850572185901,-11.585647800844693,4.0,0.0788,130,0.24637534641259085,0.6610844446164887,0.5461538461538461,,,,,,,robustness,,
underdogs,selected_bet_robustness_through_2026_06_29,2026-03-26,2026-06-29,323,166,157,0,0.5139318885448917,119.88544891640866,0.45617581211488295,0.12551083591331266,40.53999999999999,0.021447061701388895,0.009435758513931877,0.12637770897832817,0.24727863777089776,2.050643893390472,-12.860000000000014,4.0,0.023,179,2.105789712519072,0.9090909090908816,0.5698324022346368,,,,,,,robustness,,
low_line_<=5.5,selected_bet_robustness_through_2026_06_29,2026-03-26,2026-06-29,483,270,213,0,0.5590062111801242,10.337474120082815,0.505135088472569,0.11331020616959864,54.728829579916145,0.010037129945674765,0.02048441251040702,0.11309971404101382,0.2008187428565041,2.4729985821093643,-9.98887311914254,5.0,0.0074,211,1.0796226665476438,0.8771929824561209,0.5734597156398105,,,,,,,robustness,,
high_line_>=6.5,selected_bet_robustness_through_2026_06_29,2026-03-26,2026-06-29,200,115,85,0,0.575,-77.1,0.5493684405338378,0.04462113891101421,8.924227782202843,0.2559180525920855,-0.08172832891420155,0.04389875287963777,0.16813532300013523,0.6899487379159893,-13.521164085517515,6.0,0.2436,98,1.8486201115612018,0.712382350020413,0.5306122448979592,,,,,,,robustness,,
juice_cap_not_worse_than_-140,selected_bet_robustness_through_2026_06_29,2026-03-26,2026-06-29,528,286,242,0,0.5416666666666666,26.40530303030303,0.4910347927376206,0.10633145249076123,56.14300691512193,0.011181801266684508,0.021658732183130833,0.10561761259924216,0.19184549359760122,2.3726516225460403,-17.556476844634602,7.0,0.0094,270,1.5526689192030039,0.8520055726475961,0.5666666666666667,,,,,,,robustness,,
