game_date,pitcher_name,best_side,line,strikeouts_projection,gap,edge_pct,odds_used,actual,won,pnl
2025-03-27,Yusei Kikuchi,under,6.5,4.987601207371816,1.5123987926281837,12.489645178060604,-115.0,5,1.0,86.95652173913042
2025-03-27,MacKenzie Gore,under,5.5,4.113010949533233,1.3869890504667666,15.959655714067011,-105.0,13,0.0,-100.0
2025-03-27,Tarik Skubal,under,5.5,4.941466440612239,0.5585335593877607,18.60065369645534,120.0,2,1.0,120.0
2025-03-27,Framber Valdez,under,5.5,4.080099092506877,1.4199009074931226,22.17800160391763,105.0,4,1.0,105.0
2025-03-27,Cole Ragans,under,5.5,4.535169243456243,0.9648307565437566,10.637060857225231,-105.0,3,1.0,95.23809523809524
2025-03-27,Paul Skenes,under,6.5,4.499233443564123,2.0007665564358774,38.61080540629804,120.0,7,0.0,-100.0
2025-03-27,Nathan Eovaldi,under,5.5,4.780851348867279,0.7191486511327208,7.4049914846821885,-105.0,9,0.0,-100.0
2025-03-27,Zach Eflin,over,3.5,4.466459284828326,0.9664592848283258,30.360750972058405,130.0,2,0.0,-100.0
2025-03-27,Garrett Crochet,under,6.5,4.902903094051059,1.5970969059489413,30.4664036158346,115.0,4,1.0,115.0
2025-03-27,Hunter Greene,under,6.5,4.466765826437898,2.033234173562102,18.12358492347058,-115.0,8,0.0,-100.0
2025-03-27,Blake Snell,under,6.5,4.6887975668798,1.8112024331202,33.171671676037626,115.0,2,1.0,115.0
2025-03-27,Freddy Peralta,under,5.5,5.377263652112938,0.122736347887062,14.444860387204784,125.0,8,0.0,-100.0
2025-03-29,Justin Verlander,under,4.5,3.0614657424203084,1.4385342575796916,11.640324173580808,-115.0,5,0.0,-100.0
2025-03-29,Bailey Falter,over,3.5,4.031982833349601,0.5319828333496011,18.19671667614705,120.0,4,1.0,120.0
2025-03-30,Nick Pivetta,under,5.5,4.780185469233933,0.719814530766067,10.03370935148422,100.0,4,1.0,100.0
2025-03-30,JP Sears,over,4.5,4.697883427409797,0.1978834274097973,18.20370520942619,130.0,7,1.0,129.99999999999997
2025-03-30,Andrew Heaney,over,4.5,4.8191508381138055,0.3191508381138055,20.160285159153705,130.0,2,0.0,-100.0
2025-03-30,Michael Wacha,under,4.5,3.5994723164522666,0.9005276835477334,18.101249175544144,110.0,2,1.0,110.0
2025-03-30,Jacob deGrom,under,6.5,4.175174031894287,2.3248259681057126,35.89060187681056,110.0,6,1.0,110.0
2025-03-30,Taj Bradley,under,6.5,4.3076039944927365,2.1923960055072635,25.013143247571744,-105.0,7,0.0,-100.0
2025-03-31,Drew Rasmussen,under,4.5,2.4141394487722776,2.0858605512277224,33.28058951869692,110.0,4,1.0,110.0
2025-03-31,Chris Paddack,under,4.5,3.972070364009584,0.5279296359904162,20.819874793070447,125.0,2,1.0,125.0
2025-03-31,Bowden Francis,under,4.5,3.564851948138745,0.9351480518612552,21.410713556795457,115.0,4,1.0,115.0
2025-04-01,Will Warren,over,4.5,4.797218503093973,0.2972185030939727,11.993513340894058,115.0,4,0.0,-100.0
2025-04-02,Kyle Freeland,under,4.5,3.679867419392865,0.8201325806071349,11.395778172915394,100.0,3,1.0,100.0
2025-04-02,Jameson Taillon,over,4.5,4.7614289531686325,0.2614289531686324,21.821888469386565,135.0,7,1.0,135.0
2025-04-02,Jeffrey Springs,over,5.5,5.79430219686533,0.2943021968653303,14.55306100736965,120.0,3,0.0,-100.0
2025-04-02,Luis Castillo,over,6.5,7.595029455869199,1.0950294558691986,15.052411479840975,100.0,5,0.0,-100.0
2025-04-02,Framber Valdez,over,5.5,7.195123578711154,1.6951235787111545,10.27742010030645,-125.0,9,1.0,80.0
2025-04-02,Sonny Gray,over,6.5,7.036164881092637,0.5361648810926374,23.63586184002541,130.0,9,1.0,129.99999999999997
2025-04-02,Clay Holmes,under,4.5,4.218947314970723,0.2810526850292767,16.94760563468991,125.0,6,0.0,-100.0
2025-04-02,Paul Skenes,under,7.5,5.585467203160444,1.914532796839556,19.368910234367387,-110.0,6,1.0,90.90909090909092
2025-04-02,Ben Lively,over,3.5,3.581657409227893,0.0816574092278932,13.794155976666566,125.0,4,1.0,125.0
2025-04-03,Carlos Carrasco,over,3.5,4.17287572455594,0.67287572455594,23.06607613813712,125.0,5,1.0,125.0
2025-04-04,Dean Kremer,over,4.5,4.997663633306712,0.4976636333067121,12.32474403482644,110.0,1,0.0,-100.0
2025-04-04,Brandon Pfaadt,over,5.5,6.420909466936768,0.9209094669367685,7.625070671715662,-110.0,4,0.0,-100.0
2025-04-04,Yoshinobu Yamamoto,under,5.5,4.853975739510371,0.6460242604896287,19.926251925418235,120.0,5,1.0,120.0
2025-04-05,Andre Pallante,over,4.5,4.965770061718096,0.4657700617180964,19.8496674380442,125.0,6,1.0,125.0
2025-04-05,Jacob deGrom,under,6.5,4.706816941965433,1.7931830580345671,39.132453471089846,125.0,3,1.0,125.0
2025-04-05,AJ Smith-Shawver,under,4.5,4.276128113062898,0.2238718869371023,21.202404157127187,135.0,6,0.0,-100.0
2025-04-05,Nick Pivetta,under,5.5,5.1799913105534285,0.3200086894465714,7.111694890327569,105.0,4,1.0,105.0
2025-04-05,Roki Sasaki,under,4.5,1.9724089106893496,2.5275910893106506,9.498793580694596,-150.0,4,1.0,66.66666666666666
2025-04-05,Cal Quantrill,over,3.5,4.391002104256423,0.8910021042564233,7.242914123249799,-110.0,4,1.0,90.90909090909092
2025-04-05,Taj Bradley,over,5.5,6.385404759527879,0.8854047595278791,9.601435745453967,-105.0,7,1.0,95.23809523809524
2025-04-06,Tyler Glasnow,under,6.5,5.973097142441341,0.5269028575586594,15.434818135002793,115.0,2,1.0,115.0
2025-04-06,Drew Rasmussen,under,4.5,2.0155090978327315,2.4844909021672685,37.53749225570423,110.0,4,1.0,110.0
2025-04-06,Sean Newcomb,under,3.5,2.2436012315872333,1.2563987684127669,20.066462064173795,105.0,5,0.0,-100.0
2025-04-06,Bowden Francis,over,4.5,5.209646076151349,0.7096460761513486,7.278386415238525,-105.0,6,1.0,95.23809523809524
2025-04-06,Jackson Jobe,under,4.5,3.847743519908237,0.6522564800917632,11.837132220767565,105.0,4,1.0,105.0
2025-04-07,Justin Steele,under,5.5,4.545443635907849,0.9545563640921512,16.028815638922577,105.0,8,0.0,-100.0
2025-04-07,Nathan Eovaldi,under,5.5,4.754544909630454,0.7454550903695463,13.142657273446812,105.0,4,1.0,105.0
2025-04-08,Kyle Hendricks,over,3.5,4.23617754162544,0.7361775416254401,13.013180744255216,105.0,4,1.0,105.0
2025-04-08,Carlos Carrasco,over,4.5,4.797035752623367,0.2970357526233673,9.386324250437838,110.0,3,0.0,-100.0
2025-04-08,Paul Skenes,under,6.5,5.505130205248912,0.9948697947510876,22.264225628457712,115.0,7,0.0,-100.0
2025-04-08,Brad Lord,over,2.5,4.239679504772319,1.7396795047723188,29.20539813343101,110.0,4,1.0,110.0
2025-04-08,Cole Ragans,under,6.5,6.061705934344861,0.438294065655139,14.1121265132084,115.0,11,0.0,-100.0
2025-04-08,Easton Lucas,under,3.5,3.360102397184932,0.139897602815068,7.068814747356855,110.0,8,0.0,-100.0
2025-04-09,Tanner Houck,over,4.5,4.56105424249279,0.0610542424927897,10.946179598359528,120.0,2,0.0,-100.0
2025-04-09,Luis Castillo,over,3.5,6.6862958009599405,3.1862958009599405,21.17218723281352,-130.0,6,1.0,76.92307692307692
2025-04-09,Erick Fedde,over,4.5,5.030378596173221,0.5303785961732208,18.172286995182983,120.0,2,0.0,-100.0
2025-04-09,Taijuan Walker,over,3.5,5.235460388902284,1.7354603889022844,12.753223882598618,-120.0,5,1.0,83.33333333333334
2025-04-09,Tyler Mahle,under,4.5,4.074348985321273,0.4256510146787269,13.92284656828866,115.0,4,1.0,115.0
2025-04-09,Max Fried,over,6.5,6.909895975041219,0.409895975041219,16.33067844474889,120.0,11,1.0,120.0
2025-04-10,Walker Buehler,over,3.5,3.669839356695312,0.169839356695312,15.19047644351078,125.0,7,1.0,125.0
2025-04-11,Tanner Bibee,over,5.5,5.780209914550759,0.2802099145507588,11.737231942490125,115.0,4,0.0,-100.0
2025-04-11,Mitchell Parker,over,4.5,5.146211559768725,0.6462115597687248,19.929080191658024,120.0,3,0.0,-100.0
2025-04-13,Kodai Senga,over,5.5,7.18924090497458,1.6892409049745796,28.58419456468858,110.0,4,0.0,-100.0
2025-04-13,Colin Rea,over,3.5,3.853434547072615,0.3534345470726148,28.58439173789453,145.0,5,1.0,145.00000000000003
2025-04-13,Zack Wheeler,over,6.5,6.655207577214847,0.1552075772148473,7.295004145176287,110.0,3,0.0,-100.0
2025-04-13,Kyle Hendricks,over,3.5,3.6486240063493054,0.1486240063493054,19.9593828417707,135.0,1,0.0,-100.0
2025-04-14,Tarik Skubal,under,6.5,6.251550364297976,0.2484496357020242,11.258274675020708,115.0,9,0.0,-100.0
2025-04-14,Paul Skenes,under,6.5,5.837982112756896,0.6620178872431044,22.89868662052776,125.0,6,1.0,125.0
2025-04-14,Grant Holmes,over,4.5,4.648497238046435,0.1484972380464349,14.852721637445343,125.0,4,0.0,-100.0
2025-04-14,Brad Lord,over,3.5,4.573074453200066,1.073074453200066,34.848799166234855,135.0,1,0.0,-100.0
2025-04-14,Carlos Carrasco,over,3.5,4.8254641864234245,1.3254641864234245,12.650719413305625,-110.0,4,1.0,90.90909090909092
2025-04-14,Joe Ryan,under,5.5,5.169895127118348,0.3301048728816518,15.104584474316752,120.0,8,0.0,-100.0
2025-04-15,Jake Irvin,over,4.5,4.798697515223005,0.2986975152230053,12.015791243533746,115.0,6,1.0,115.0
2025-04-15,Spencer Schwellenbach,over,4.5,5.917778936070365,1.4177789360703654,11.399614079515864,-115.0,3,0.0,-100.0
2025-04-15,Merrill Kelly,over,4.5,5.748610444119752,1.248610444119752,7.285296324803886,-120.0,9,1.0,83.33333333333334
2025-04-15,Sean Burke,over,4.5,4.967468299493322,0.4674682994933219,9.220558558921876,105.0,2,0.0,-100.0
2025-04-16,Spencer Strider,under,5.5,4.169077538846398,1.3309224611536017,26.940226983331904,115.0,5,1.0,115.0
2025-04-16,Aaron Nola,over,6.5,7.606792229106879,1.1067922291068788,23.846534439270783,115.0,8,1.0,115.0
2025-04-16,Dean Kremer,under,4.5,4.213568154013152,0.286431845986848,9.230279751711324,110.0,2,1.0,110.0
2025-04-16,Bailey Falter,under,3.5,3.480358148136408,0.0196418518635921,17.8251737767794,135.0,2,1.0,135.0
2025-04-16,Nick Pivetta,under,5.5,5.251541888663828,0.2484581113361716,13.845807267045773,120.0,6,0.0,-100.0
2025-04-16,Zack Littell,over,5.5,5.873927712090142,0.3739277120901416,15.77854018502256,120.0,5,0.0,-100.0
2025-04-16,Sean Newcomb,over,4.5,4.885737930298316,0.3857379302983164,18.59539510429474,125.0,4,0.0,-100.0
2025-04-16,Kris Bubic,under,5.5,4.9178307122765785,0.5821692877234215,10.848732702413264,105.0,6,0.0,-100.0
2025-04-17,Andre Pallante,over,4.5,4.527376611223487,0.0273766112234872,12.93393446482931,125.0,2,0.0,-100.0
2025-04-17,Andrew Heaney,over,4.5,5.467118371251619,0.9671183712516188,8.212938127679925,-110.0,4,0.0,-100.0
2025-04-18,Colin Rea,over,3.5,4.193343368470933,0.6933433684709334,7.060934132063911,-105.0,5,1.0,95.23809523809524
2025-04-18,Corbin Burnes,over,5.5,6.173315861883668,0.6733158618836681,14.86800108178301,110.0,3,0.0,-100.0
2025-04-18,Bryan Woo,over,4.5,5.256417778226745,0.7564177782267452,16.058812488020756,110.0,4,0.0,-100.0
2025-04-18,Zack Wheeler,under,7.5,6.805605895463724,0.6943941045362756,9.686542964384737,100.0,13,0.0,-100.0
2025-04-18,Chris Paddack,over,4.5,4.554536573160836,0.0545365731608358,15.883603717128182,130.0,6,1.0,129.99999999999997
2025-04-19,Garrett Crochet,under,7.5,6.870187885005056,0.6298121149949436,8.801167241073383,100.0,7,1.0,100.0
2025-04-19,Chase Dollander,over,4.5,5.039218172133199,0.5392181721331992,15.618073204499105,115.0,5,1.0,115.0
2025-04-19,Logan Gilbert,over,5.5,6.29851721624252,0.7985172162425203,13.881002682971966,105.0,9,1.0,105.0
2025-04-19,Hunter Greene,under,6.5,6.145039502774823,0.3549604972251767,12.862296578363727,115.0,4,1.0,115.0
2025-04-19,Michael King,under,5.5,5.267579361919914,0.2324206380800859,13.598144380104271,120.0,7,0.0,-100.0
2025-04-19,Nathan Eovaldi,over,5.5,6.362009852183832,0.8620098521838324,14.759351016184652,105.0,7,1.0,105.0
2025-04-19,Shane Baz,under,6.5,5.383227180058964,1.116772819941036,7.814337494054346,-115.0,3,1.0,86.95652173913042
2025-04-19,Paul Skenes,under,6.5,5.613022148022559,0.8869778519774414,20.717927307578744,115.0,4,1.0,115.0
2025-04-19,Cal Quantrill,over,3.5,3.846398857491789,0.3463988574917889,10.111898178635336,110.0,0,0.0,-100.0
2025-04-20,Logan Henderson,under,4.5,2.9292409977174465,1.5707590022825535,8.94207944426838,-125.0,9,0.0,-100.0
2025-04-20,Max Fried,over,6.5,6.940917694097587,0.4409176940975872,16.80607222247925,120.0,2,0.0,-100.0
2025-04-20,Logan Allen,over,4.5,4.8313502400943324,0.3313502400943324,9.890856716480778,110.0,5,1.0,110.0
2025-04-20,Grant Holmes,over,5.5,6.199319293238156,0.6993192932381556,15.241560117660535,110.0,7,1.0,110.0
2025-04-20,Framber Valdez,over,5.5,5.943098074289809,0.4430980742898089,8.873129201666252,105.0,2,0.0,-100.0
2025-04-22,Nick Pivetta,over,6.5,7.234778021410716,0.7347780214107162,12.993639571607652,105.0,6,0.0,-100.0
2025-04-22,Mitchell Parker,under,4.5,4.403220047817576,0.0967799521824241,11.499658012477854,120.0,4,1.0,120.0
2025-04-23,Miles Mikolas,over,3.5,3.8109470818315017,0.3109470818315016,12.200254932935708,115.0,2,0.0,-100.0
2025-04-23,Ryan Gusto,over,3.5,4.485897268679248,0.9858972686792482,13.615245669698783,100.0,6,1.0,100.0
2025-04-23,Sean Newcomb,over,4.5,5.564070462063134,1.0640704620631336,14.646792873146408,100.0,8,1.0,100.0
2025-04-23,Bowden Francis,over,4.5,5.172347845137567,0.6723478451375673,9.384836985408974,100.0,2,0.0,-100.0
2025-04-24,Cole Ragans,under,8.5,6.471143325667623,2.028856674332377,26.31707887268233,100.0,4,1.0,100.0
2025-04-25,Carlos Carrasco,over,3.5,4.106832259680751,0.6068322596807514,16.621396348623406,115.0,2,0.0,-100.0
2025-04-25,Seth Lugo,over,4.5,5.07368681191928,0.5736868119192797,13.429456899208535,110.0,8,1.0,110.0
2025-04-25,Kyle Hendricks,over,3.5,3.889370143462656,0.3893701434626559,16.015711096158537,120.0,3,0.0,-100.0
2025-04-25,Taijuan Walker,over,3.5,4.11028213678995,0.6102821367899498,8.532517444013354,100.0,4,1.0,100.0
2025-04-26,Tyler Gilbert,over,1.5,3.587375015204094,2.087375015204094,52.34019063249462,140.0,1,0.0,-100.0
2025-04-26,Brad Lord,over,3.5,4.505489555608901,1.005489555608901,28.109084392932083,125.0,3,0.0,-100.0
2025-04-26,Framber Valdez,over,4.5,5.339615366067488,0.8396153660674877,14.450210329850488,105.0,5,1.0,105.0
2025-04-27,Tarik Skubal,under,6.5,6.249484182588082,0.2505158174119177,13.877575190933278,120.0,11,0.0,-100.0
2025-04-27,Nick Lodolo,over,5.5,6.327280800081824,0.8272808000818239,19.85424492439521,115.0,9,1.0,115.0
2025-04-27,Kris Bubic,under,4.5,4.48319817580664,0.0168018241933598,7.754484333819445,115.0,4,1.0,115.0
2025-04-27,Tyler Glasnow,under,6.5,5.328497557664496,1.1715024423355036,27.65161677863953,120.0,0,1.0,120.0
2025-04-27,Bailey Falter,over,3.5,3.613319898533496,0.1133198985334962,14.295731806603406,125.0,2,0.0,-100.0
2025-04-28,Tomoyuki Sugano,over,3.5,4.0005107048456106,0.5005107048456106,9.690828520979268,105.0,8,1.0,105.0
2025-04-29,Miles Mikolas,over,3.5,4.426696483315855,0.9266964833158546,7.698867067255999,-110.0,4,1.0,90.90909090909092
2025-04-29,Taj Bradley,over,5.5,6.0284394466913565,0.5284394466913565,10.087565979860646,105.0,2,0.0,-100.0
2025-04-29,Michael Lorenzen,over,4.5,4.771195883795064,0.2711958837950643,11.6013482880729,115.0,4,0.0,-100.0
2025-04-29,Shota Imanaga,over,5.5,6.785196357867167,1.285196357867167,7.712808740317822,-120.0,3,0.0,-100.0
2025-04-29,Chris Paddack,under,3.5,3.4098914497539505,0.0901085502460494,8.864582714189673,115.0,2,1.0,115.0
2025-04-30,Carlos Carrasco,over,3.5,4.438163886435751,0.9381638864357508,18.629449476009984,110.0,5,1.0,110.0
2025-04-30,Chase Dollander,over,4.5,4.734568132397963,0.2345681323979631,8.46625472695397,110.0,4,0.0,-100.0
2025-04-30,Tobias Myers,over,4.5,4.999058160936745,0.4990581609367446,12.345057693392892,110.0,3,0.0,-100.0
2025-04-30,Noah Cameron,over,4.5,4.53014457746571,0.0301445774657098,7.956570830221832,115.0,3,0.0,-100.0
2025-04-30,Drew Rasmussen,under,4.5,4.48662199037155,0.0133780096284503,12.712051383970346,125.0,3,1.0,125.0
2025-05-01,Ben Lively,over,4.5,4.783191536177,0.2831915361770001,19.58092560673743,130.0,2,0.0,-100.0
2025-05-01,Brad Lord,over,3.5,4.299685722048301,0.7996857220483014,11.11923825347121,100.0,4,1.0,100.0
2025-05-02,Yoshinobu Yamamoto,under,5.5,5.251579791016043,0.2484202089839566,16.43261350318248,125.0,6,0.0,-100.0
2025-05-02,Mitch Keller,over,4.5,5.35911086257369,0.8591108625736901,17.517407462663602,110.0,3,0.0,-100.0
2025-05-02,Logan Allen,over,3.5,4.174157907508108,0.6741579075081079,14.88011066184617,110.0,4,1.0,110.0
2025-05-02,Valente Bellozo,over,2.5,4.076383694611691,1.5763836946116907,21.114664527480432,100.0,1,0.0,-100.0
2025-05-02,Hunter Greene,over,7.5,7.57494078660778,0.0749407866077795,13.687732849427803,125.0,12,1.0,125.0
2025-05-03,Osvaldo Bido,over,4.5,4.823769553846466,0.323769553846466,12.393251969200826,115.0,4,0.0,-100.0
2025-05-03,Tomoyuki Sugano,over,3.5,3.716676569121483,0.2166765691214829,21.08364359628555,135.0,4,1.0,135.0
2025-05-03,Nick Lodolo,over,5.5,6.109016400293853,0.6090164002938527,11.227969656127712,105.0,4,0.0,-100.0
2025-05-03,Jameson Taillon,over,4.5,5.066934309378731,0.5669343093787313,21.4266776699272,125.0,5,1.0,125.0
2025-05-03,Aaron Nola,over,5.5,6.432868537006496,0.9328685370064962,7.777519095034268,-110.0,8,1.0,90.90909090909092
2025-05-04,Andrew Heaney,over,3.5,5.098841386457664,1.5988413864576645,7.3790888292496355,-130.0,3,0.0,-100.0
2025-05-04,Shota Imanaga,over,5.5,6.233164195629222,0.7331641956292216,15.726495744911272,110.0,4,0.0,-100.0
2025-05-04,Jack Kochanowicz,over,3.5,4.309115187246509,0.8091151872465092,11.246840947794778,100.0,1,0.0,-100.0
2025-05-04,Stephen Kolek,over,3.5,4.370234233974412,0.8702342339744122,12.070924193125787,100.0,4,1.0,100.0
2025-05-04,Edward Cabrera,over,5.5,5.828041851795224,0.3280418517952244,9.842242833951886,110.0,4,0.0,-100.0
2025-05-05,Shane Smith,over,3.5,4.064265568807692,0.5642655688076923,10.595415008611331,105.0,5,1.0,105.0
2025-05-05,Cole Ragans,under,6.5,5.827504749342444,0.6724952506575557,17.590870331990605,115.0,11,0.0,-100.0
2025-05-07,Grant Holmes,over,5.5,6.767653496445267,1.2676534964452673,9.6327925246385,-115.0,5,0.0,-100.0
2025-05-07,Framber Valdez,over,5.5,6.470457222968915,0.970457222968915,13.410303710168936,100.0,7,1.0,100.0
2025-05-07,Merrill Kelly,over,4.5,4.620996066779981,0.1209960667799814,9.33208769420506,115.0,6,1.0,115.0
2025-05-07,Michael Wacha,over,4.5,5.218421027378234,0.7184210273782341,7.395300976863761,-105.0,5,1.0,95.23809523809524
2025-05-07,Robbie Ray,over,5.5,6.1920188398818174,0.6920188398818174,9.65406451278814,100.0,5,0.0,-100.0
2025-05-07,Hunter Greene,under,6.5,6.161758757604575,0.3382412423954246,17.848670613774598,125.0,6,1.0,125.0
2025-05-07,Gunnar Hoglund,over,3.5,5.783701152232768,2.2837011522327684,14.118506481152547,-130.0,3,0.0,-100.0
2025-05-07,Michael Soroka,under,3.5,3.21962727832638,0.2803727216736198,14.338283163422648,120.0,8,0.0,-100.0
2025-05-07,Sonny Gray,over,6.5,6.53727880425601,0.0372788042560099,13.090881849668456,125.0,8,1.0,125.0
2025-05-07,Max Fried,over,5.5,5.959711672605561,0.459711672605561,17.09369078647637,120.0,8,1.0,120.0
2025-05-07,Dylan Cease,under,5.5,5.249767183200125,0.2502328167998753,8.697151375410883,110.0,9,0.0,-100.0
2025-05-08,Davis Martin,over,3.5,3.658861744906925,0.1588617449069249,15.01676548374613,125.0,2,0.0,-100.0
2025-05-08,Dean Kremer,over,4.5,4.7543089774076455,0.2543089774076454,11.346673065917212,115.0,8,1.0,115.0
2025-05-09,Hunter Dobbins,over,3.5,3.54931137269128,0.0493113726912799,10.764216701598428,120.0,6,1.0,120.0
2025-05-09,Jose Quintana,over,4.5,4.99441052501945,0.4944105250194504,14.950620413364534,115.0,3,0.0,-100.0
2025-05-09,Bryce Elder,over,4.5,4.50879919305588,0.0087991930558803,15.142573459606425,130.0,8,1.0,129.99999999999997
2025-05-10,Garrett Crochet,over,6.5,6.5295549238334525,0.0295549238334524,12.968460719579513,125.0,9,1.0,125.0
2025-05-10,Tobias Myers,over,3.5,4.6882528924808105,1.1882528924808105,13.495131389465598,-105.0,3,0.0,-100.0
2025-05-10,Edward Cabrera,over,5.5,5.661442863178977,0.1614428631789772,9.943941199471451,115.0,2,0.0,-100.0
2025-05-10,Cole Ragans,under,7.5,6.195896393170587,1.304103606829413,10.065825435321562,-115.0,8,0.0,-100.0
2025-05-10,Andrew Heaney,over,4.5,5.667772422733964,1.1677724227339636,27.598534622087826,120.0,2,0.0,-100.0
2025-05-10,Tanner Bibee,over,5.5,5.893508665954467,0.3935086659544673,16.079242221383073,120.0,3,0.0,-100.0
2025-05-11,Zac Gallen,under,5.5,5.035727638490725,0.4642723615092752,11.837829321838932,110.0,5,1.0,110.0
2025-05-11,Zack Wheeler,under,6.5,6.123013474466307,0.3769865255336926,13.193133967603476,115.0,8,0.0,-100.0
2025-05-11,Chris Sale,under,7.5,6.865510404947907,0.6344895950520932,11.587085105698035,105.0,8,0.0,-100.0
2025-05-11,Chad Patrick,over,4.5,4.916865273898017,0.4168652738980167,8.498623803725957,105.0,4,0.0,-100.0
2025-05-11,Nathan Eovaldi,under,5.5,5.286620834916845,0.2133791650831549,15.879032129869277,125.0,7,0.0,-100.0
2025-05-11,Griffin Canning,under,4.5,4.346847379261527,0.1531526207384725,9.818568180338085,115.0,5,0.0,-100.0
2025-05-11,Seth Lugo,over,5.5,5.686538485711489,0.1865384857114893,7.7576705422995325,110.0,5,0.0,-100.0
2025-05-11,Lucas Giolito,over,4.5,5.111615156755823,0.611615156755823,19.40595370127661,120.0,5,1.0,120.0
2025-05-12,Cal Quantrill,over,3.5,4.370591259463943,0.8705912594639429,20.48140156494237,115.0,1,0.0,-100.0
2025-05-12,Ben Lively,over,3.5,4.628495848046376,1.1284958480463765,12.739218174321444,-105.0,1,0.0,-100.0
2025-05-12,Freddy Peralta,over,5.5,5.894862179823135,0.3948621798231349,8.184107157192933,105.0,4,0.0,-100.0
2025-05-13,Quinn Priester,over,3.5,3.5611839259386526,0.0611839259386526,10.948189037001278,120.0,3,0.0,-100.0
2025-05-14,Dean Kremer,over,4.5,4.839943243549879,0.3399432435498788,10.017092197860755,110.0,4,0.0,-100.0
2025-05-14,Davis Martin,over,4.5,4.935364594249984,0.4353645942499842,22.026532853638614,130.0,5,1.0,129.99999999999997
2025-05-14,Will Warren,over,5.5,6.177921280642778,0.6779212806427779,17.670750872328444,115.0,9,1.0,115.0
2025-05-15,Zack Littell,over,3.5,4.387752389439157,0.8877523894391572,17.921443105534586,110.0,2,0.0,-100.0
2025-05-15,Trevor Williams,over,4.5,5.0467542254726645,0.5467542254726645,15.730137012302825,115.0,4,0.0,-100.0
2025-05-15,Bryse Wilson,over,3.5,4.850744849160591,1.3507448491605911,21.291937980070287,105.0,3,0.0,-100.0
2025-05-16,Tanner Bibee,over,5.5,5.936669788606767,0.4366697886067667,16.741021636325115,120.0,4,0.0,-100.0
2025-05-16,Andrew Heaney,over,4.5,5.415869331364759,0.9158693313647586,12.682699440806664,100.0,2,0.0,-100.0
2025-05-16,Chris Sale,under,7.5,6.561332607375511,0.9386673926244892,10.296973084465034,-105.0,8,0.0,-100.0
2025-05-17,Clarke Schmidt,over,5.5,5.564248323435161,0.0642483234351614,16.040928917157814,130.0,5,0.0,-100.0
2025-05-17,Tyler Mahle,over,4.5,4.5021236696376645,0.0021236696376645,7.532165779606304,115.0,3,0.0,-100.0
2025-05-17,Eric Lauer,over,4.5,4.899827382706209,0.3998273827062091,21.456954056475983,130.0,5,1.0,129.99999999999997
2025-05-18,Luis Ortiz,under,5.5,5.194943039803223,0.3050569601967767,9.504321779119929,110.0,7,0.0,-100.0
2025-05-18,Jeffrey Springs,over,4.5,4.888459584167253,0.3884595841672533,18.63813421773289,125.0,5,1.0,125.0
2025-05-18,Justin Verlander,over,4.5,6.491817835314344,1.991817835314344,11.383237044398031,-130.0,1,0.0,-100.0
2025-05-18,Brayan Bello,over,4.5,4.534149521343364,0.0341495213433642,8.017227082359534,115.0,3,0.0,-100.0
2025-05-18,Framber Valdez,over,5.5,6.094472710644552,0.5944727106445518,16.438359900339407,115.0,8,1.0,115.0
2025-05-19,Nick Lodolo,over,5.5,6.400673859402819,0.9006738594028194,9.801258657825429,-105.0,7,1.0,95.23809523809524
2025-05-19,Dean Kremer,over,4.5,5.144552780674436,0.6445527806744362,17.178939118503056,115.0,6,1.0,115.0
2025-05-19,Davis Martin,over,4.5,5.0465016976965416,0.5465016976965416,21.109005216160128,125.0,3,0.0,-100.0
2025-05-19,Mitch Keller,over,5.5,7.234907440548086,1.7349074405480858,12.74730492862055,-120.0,5,0.0,-100.0
2025-05-20,Bailey Falter,over,4.5,5.014230388109054,0.5142303881090537,15.24609364195314,115.0,5,1.0,115.0
2025-05-20,Nick Martinez,over,4.5,5.258080189475828,0.7580801894758276,10.554802233331785,100.0,3,0.0,-100.0
2025-05-20,Brandon Walter,over,3.5,3.989888873960136,0.4898888739601359,28.24166787301612,140.0,5,1.0,140.0
2025-05-21,Cade Horton,under,4.5,3.0510247663087218,1.4489752336912782,14.123889290832173,-110.0,3,1.0,90.90909090909092
2025-05-21,Logan Webb,over,5.5,5.573242239725062,0.0732422397250616,11.13502276462459,120.0,5,0.0,-100.0
2025-05-21,Ryan Yarbrough,over,3.5,4.1236014864374,0.6236014864374004,30.458935249244668,140.0,8,1.0,140.0
2025-05-21,Hunter Brown,under,6.5,6.127228844878622,0.3727711551213781,7.867990567895688,105.0,4,1.0,105.0
2025-05-22,Tyler Anderson,over,4.5,4.66421429290242,0.1642142929024199,15.10146968545496,125.0,0,0.0,-100.0
2025-05-22,Stephen Kolek,over,3.5,4.268249265297751,0.7682492652977508,16.227617923924022,110.0,6,1.0,110.0
2025-05-22,Tanner Bibee,over,5.5,5.756337844723261,0.2563378447232614,11.377278258584433,115.0,8,1.0,115.0
2025-05-23,Clayton Kershaw,over,4.5,4.884891294656048,0.3848912946560476,21.21725669007226,130.0,1,0.0,-100.0
2025-05-23,Paul Skenes,over,6.5,7.099075104265168,0.5990751042651681,13.797083612229011,110.0,8,1.0,110.0
2025-05-23,Brayan Bello,over,4.5,4.51386855314583,0.01386855314583,20.23448192192374,140.0,7,1.0,140.0
2025-05-23,MacKenzie Gore,under,6.5,6.214668779877008,0.285331220122992,11.814415019305514,115.0,9,0.0,-100.0
2025-05-24,Bryan Woo,under,5.5,4.9969001489548255,0.5030998510451745,7.051354078308059,100.0,5,1.0,100.0
2025-05-24,Matthew Liberatore,over,4.5,4.536009611271414,0.0360096112714138,13.070765808662866,125.0,4,0.0,-100.0
2025-05-24,Merrill Kelly,over,4.5,5.189601948226381,0.6896019482263807,17.84258578667216,115.0,6,1.0,115.0
2025-05-24,Framber Valdez,over,6.5,6.985066940808235,0.4850669408082346,12.141172753031448,110.0,5,0.0,-100.0
2025-05-24,Mitch Keller,over,4.5,6.024495055335248,1.5244950553352483,8.436828107333605,-125.0,7,1.0,80.0
2025-05-25,Ben Brown,under,5.5,5.147409376751862,0.3525906232481377,15.450557092511607,120.0,4,1.0,120.0
2025-05-25,Spencer Schwellenbach,over,4.5,6.021893609042412,1.5218936090424124,29.48767265574561,115.0,11,1.0,115.0
2025-05-25,Colton Gordon,over,4.5,5.650606944800866,1.1506069448008658,10.513698302297614,-110.0,4,0.0,-100.0
2025-05-25,Logan Henderson,over,5.5,6.66155449186675,1.1615544918667495,24.612028592751468,115.0,6,1.0,115.0
2025-05-25,Sonny Gray,under,5.5,4.82036958271216,0.6796304172878402,17.695904742394298,115.0,5,1.0,115.0
2025-05-25,Landon Knack,over,4.5,4.74323811422519,0.24323811422519,8.594063345342896,110.0,5,1.0,110.0
2025-05-25,Brandon Pfaadt,over,4.5,4.635917697960037,0.1359176979600374,12.105720060037006,120.0,5,1.0,120.0
2025-05-25,Dean Kremer,under,4.5,3.8264837518998016,0.6735162481001984,23.075946010003644,125.0,4,1.0,125.0
2025-05-26,Nick Martinez,over,3.5,4.160340942505683,0.660340942505683,14.681299235296096,110.0,2,0.0,-100.0
2025-05-26,Kevin Gausman,over,5.5,5.940599235669434,0.4405992356694339,11.492050739730375,110.0,6,1.0,110.0
2025-05-26,Adrian Houser,over,3.5,3.838327891408345,0.3383278914083449,9.993365349181484,110.0,6,1.0,110.0
2025-05-27,Tomoyuki Sugano,over,3.5,3.5877824682912465,0.0877824682912464,8.829368509393998,115.0,3,0.0,-100.0
2025-05-27,Daniel Lynch IV,over,1.5,4.18871401887538,2.6887140188753804,10.736507103207716,-150.0,4,1.0,66.66666666666666
2025-05-27,Taj Bradley,over,5.5,5.829375828961315,0.3293758289613153,15.093361702273455,120.0,6,1.0,120.0
2025-05-28,Freddy Peralta,under,6.5,5.708400082370252,0.7915999176297479,19.33545195816304,115.0,6,1.0,115.0
2025-05-28,Kyle Hart,under,3.5,3.489870745560821,0.0101292544391791,15.164124378635512,130.0,1,1.0,129.99999999999997
2025-05-28,Drew Rasmussen,over,4.5,5.2255235301941845,0.7255235301941845,10.111569169847346,100.0,5,1.0,100.0
2025-05-29,Jacob Lopez,over,3.5,4.990401388497925,1.4904013884979248,20.06847388332736,100.0,0,0.0,-100.0
2025-05-29,AJ Smith-Shawver,under,4.5,2.3485227824483803,2.15147721755162,12.905812523564354,-130.0,1,1.0,76.92307692307692
2025-05-30,Zach Eflin,over,4.5,4.995576260796254,0.4955762607962537,20.315358533898188,125.0,6,1.0,125.0
2025-05-30,DL Hall,over,2.5,4.840227508556832,2.340227508556832,58.72837318146943,145.0,4,1.0,145.00000000000003
2025-05-30,Chris Bassitt,over,5.5,6.845868143740693,1.3458681437406934,12.896240576839968,-110.0,6,1.0,90.90909090909092
2025-05-30,Andrew Abbott,over,4.5,4.6862729431548535,0.1862729431548535,12.8848815684101,120.0,8,1.0,120.0
2025-05-31,Bailey Ober,under,5.5,4.816278643075699,0.683721356924301,9.54055580988653,100.0,4,1.0,100.0
2025-05-31,Spencer Schwellenbach,over,6.5,6.675249513900206,0.1752495139002059,12.714382176666362,120.0,11,1.0,120.0
2025-05-31,Colton Gordon,over,4.5,4.793388273380611,0.2933882733806108,9.332655643492826,110.0,6,1.0,110.0
2025-05-31,Michael Wacha,over,4.5,5.545199128592604,1.0451991285926043,9.19878051785382,-110.0,6,1.0,90.90909090909092
2025-05-31,Bryce Miller,under,4.5,4.40782907589676,0.0921709241032395,8.895803912535937,115.0,2,1.0,115.0
2025-06-01,Erick Fedde,over,4.5,4.65591342744511,0.1559134274451104,7.305430803043977,110.0,5,1.0,110.0
2025-06-01,Corbin Burnes,over,5.5,5.985001447577056,0.4850014475770559,14.810223142392209,115.0,6,1.0,115.0
2025-06-01,Mitchell Parker,over,3.5,3.7856234352533225,0.2856234352533224,9.21838092383359,110.0,2,0.0,-100.0
2025-06-01,Jacob deGrom,over,6.5,6.95223383481884,0.4522338348188404,19.63790834591136,125.0,4,0.0,-100.0
2025-06-01,Jack Kochanowicz,over,3.5,3.5091823053812194,0.0091823053812194,15.14878101316377,130.0,4,1.0,129.99999999999997
2025-06-01,Hunter Brown,under,6.5,6.135119923009171,0.3648800769908291,15.63950322649469,120.0,5,1.0,120.0
2025-06-02,Jonathan Cannon,over,4.5,4.907714999544012,0.4077149995440123,8.367870559371248,105.0,5,1.0,105.0
2025-06-03,Chase Dollander,over,4.5,4.6584425481742935,0.1584425481742934,9.898569910814292,115.0,1,0.0,-100.0
2025-06-03,Shane Smith,over,5.5,5.622282955522439,0.1222829555224391,14.437680478639493,125.0,6,1.0,125.0
2025-06-04,Ryan Gusto,over,4.5,5.482433133498919,0.9824331334989188,16.408530902075235,105.0,3,0.0,-100.0
2025-06-04,DL Hall,over,2.5,5.050731122385563,2.550731122385563,34.90705804687754,105.0,3,1.0,105.0
2025-06-05,Grant Holmes,over,5.5,5.805222013362385,0.3052220133623846,17.32866012587152,125.0,4,0.0,-100.0
2025-06-05,Mitch Keller,over,4.5,5.324146641891572,0.8241466418915717,11.450000160342231,100.0,5,1.0,100.0
2025-06-05,Slade Cecconi,over,4.5,5.047615331457115,0.5476153314571146,7.667849595362419,100.0,3,0.0,-100.0
2025-06-05,David Peterson,over,4.5,5.03002666912067,0.5300266691206703,12.795703450760666,110.0,6,1.0,110.0
2025-06-05,Max Fried,over,5.5,6.560873042273219,1.0608730422732189,11.87611921672752,-105.0,7,1.0,95.23809523809524
2025-06-05,Mitch Spence,over,3.5,4.0287772411047404,0.5287772411047404,20.833078131796512,125.0,4,1.0,125.0
2025-06-06,Zack Littell,over,4.5,4.614693804034328,0.1146938040343279,11.7771029601068,120.0,4,0.0,-100.0
2025-06-06,Bailey Falter,over,3.5,4.076657912720614,0.5766579127206137,10.770787493510625,105.0,2,0.0,-100.0
2025-06-06,Davis Martin,over,3.5,3.7302719055348006,0.2302719055348006,16.14597475303079,125.0,7,1.0,125.0
2025-06-07,Michael Wacha,over,4.5,4.798249489361008,0.2982494893610079,12.009042897758636,115.0,5,1.0,115.0
2025-06-07,Gavin Williams,under,5.5,4.990431630818446,0.5095683691815536,15.176625813203405,115.0,5,1.0,115.0
2025-06-07,Jacob deGrom,over,5.5,6.504954329882928,1.0049543298829278,11.1565263453,-105.0,8,1.0,95.23809523809524
2025-06-07,Bryce Elder,over,4.5,4.662230340636011,0.162230340636011,17.627187429989622,130.0,12,1.0,129.99999999999997
2025-06-08,Tanner Bibee,over,5.5,5.670472591678773,0.1704725916787728,15.2004956176103,125.0,6,1.0,125.0
2025-06-08,Spencer Strider,under,6.5,6.383904146213754,0.1160958537862457,9.257932523950863,115.0,5,1.0,115.0
2025-06-08,Paul Skenes,over,6.5,7.830134811567138,1.330134811567138,10.373516551496245,-115.0,7,1.0,86.95652173913042
2025-06-08,Joe Ryan,over,5.5,5.654104683956678,0.1541046839566782,9.832967225435771,115.0,6,1.0,115.0
2025-06-08,Michael Lorenzen,over,4.5,4.605248347936227,0.1052483479362269,9.093758272483775,115.0,7,1.0,115.0
2025-06-08,Brady Singer,over,4.5,4.638174496937608,0.1381744969376077,12.140656250516743,120.0,3,0.0,-100.0
2025-06-08,George Kirby,over,5.5,6.309620980388572,0.8096209803885719,16.816366197046083,110.0,14,1.0,110.0
2025-06-09,Andre Pallante,over,3.5,3.6501758648684905,0.1501758648684905,22.53791171837048,140.0,3,0.0,-100.0
2025-06-09,Brayan Bello,over,4.5,5.0797225575205855,0.5797225575205855,8.111349650947798,100.0,4,0.0,-100.0
2025-06-09,Aaron Civale,over,4.5,5.499691963468352,0.9996919634683517,22.33287102913681,115.0,5,1.0,115.0
2025-06-09,Luis Ortiz,under,5.5,4.927122260335582,0.5728777396644178,18.818574554363742,120.0,5,1.0,120.0
2025-06-10,Sandy Alcantara,over,4.5,5.275515444804486,0.7755154448044861,10.791612685699548,100.0,6,1.0,100.0
2025-06-10,Grant Holmes,over,5.5,5.885476016432742,0.385476016432742,10.68519642175303,110.0,9,1.0,110.0
2025-06-10,Griffin Canning,under,4.5,3.748366321037378,0.7516336789626221,15.990501788981735,110.0,4,1.0,110.0
2025-06-10,Noah Cameron,over,4.5,4.77191205387425,0.2719120538742503,19.39903975528855,130.0,6,1.0,129.99999999999997
2025-06-10,Lucas Giolito,over,5.5,5.503136979835001,0.0031369798350011,12.549723633994567,125.0,4,0.0,-100.0
2025-06-11,David Peterson,over,5.5,5.62589017156759,0.1258901715675904,9.406144955119178,115.0,6,1.0,115.0
2025-06-11,Eric Lauer,over,2.5,4.225968227749255,1.725968227749255,25.964879511939746,105.0,4,1.0,105.0
2025-06-11,Spencer Schwellenbach,over,5.5,6.703018182770088,1.203018182770088,19.36493739459145,105.0,9,1.0,105.0
2025-06-11,Chad Patrick,over,4.5,5.622343103981216,1.1223431039812164,7.882185608274272,-115.0,8,1.0,86.95652173913042
2025-06-11,Zack Littell,over,4.5,4.668795513613679,0.1687955136136789,7.495696233808058,110.0,6,1.0,110.0
2025-06-12,Patrick Corbin,over,4.5,4.587688423562976,0.0876884235629757,13.88970963399887,125.0,6,1.0,125.0
2025-06-14,Jacob deGrom,under,6.5,6.008506660768466,0.4914933392315337,14.907100352405076,115.0,6,1.0,115.0
2025-06-14,Mike Burrows,over,4.5,4.523694973731252,0.0236949737312519,12.875579937623703,125.0,8,1.0,125.0
2025-06-14,Mike Vasil,over,2.5,3.442088108880497,0.9420881088804972,27.16184777252535,125.0,4,1.0,125.0
2025-06-14,Hunter Brown,under,6.5,6.196737754679355,0.3032622453206448,9.47792337197213,110.0,12,0.0,-100.0
2025-06-14,Zac Gallen,over,4.5,5.6280061082956365,1.1280061082956363,18.36964612535157,105.0,6,1.0,105.0
2025-06-14,Spencer Strider,under,7.5,6.51965760486067,0.9803423951393304,19.21863598753639,110.0,13,0.0,-100.0
2025-06-15,Brandon Walter,over,4.5,5.336117231750634,0.8361172317506336,22.772722398238287,120.0,9,1.0,120.0
2025-06-15,Yusei Kikuchi,under,5.5,4.883345162572006,0.6166548374279941,8.620223342173471,100.0,10,0.0,-100.0
2025-06-15,Noah Cameron,under,4.5,4.435765937832591,0.0642340621674089,8.472826298492686,115.0,7,0.0,-100.0
2025-06-15,Merrill Kelly,over,4.5,6.144700383321018,1.644700383321018,24.98177368963165,105.0,7,1.0,105.0
2025-06-15,Miles Mikolas,over,3.5,4.040271198946079,0.5402711989460789,10.255422241875966,105.0,7,1.0,105.0
2025-06-15,Kumar Rocker,over,4.5,5.246870116471014,0.7468701164710136,7.773709955860686,-105.0,6,1.0,95.23809523809524
2025-06-15,Brayan Bello,over,4.5,4.589313570472738,0.0893135704727381,8.852547737350392,115.0,8,1.0,115.0
2025-06-16,Carson Palmquist,under,3.5,3.274623006761838,0.2253769932381621,8.33072808175318,110.0,2,1.0,110.0
2025-06-17,Shane Smith,over,4.5,4.878736204809004,0.3787362048090044,18.485418853433654,125.0,2,0.0,-100.0
2025-06-17,Chris Bassitt,over,4.5,5.981059867130935,1.4810598671309352,7.9584047982431905,-125.0,5,1.0,80.0
2025-06-17,Michael Soroka,under,5.5,5.174962968618313,0.3250370313816866,15.026564098269825,120.0,9,0.0,-100.0
2025-06-17,Kyle Hendricks,over,3.5,4.674060402994323,1.1740604029943231,18.982002396665862,105.0,9,1.0,105.0
2025-06-17,Spencer Schwellenbach,over,5.5,6.560020108621061,1.0600201086210612,14.59360150784379,100.0,8,1.0,100.0
2025-06-18,Nick Lodolo,over,5.5,5.758346886536993,0.2583468865369926,16.589330449961682,125.0,4,0.0,-100.0
2025-06-18,Taj Bradley,over,5.5,6.535270725660547,1.0352707256605471,9.073965754321732,-110.0,2,0.0,-100.0
2025-06-18,Adam Mazur,under,3.5,3.297449882033414,0.2025501179665858,13.136560065121715,120.0,5,0.0,-100.0
2025-06-19,Tarik Skubal,under,8.5,7.158194848397728,1.341805151602272,8.369345042898946,-120.0,6,1.0,83.33333333333334
2025-06-19,Clay Holmes,over,4.5,4.554664034208036,0.0546640342080362,13.366414924806149,125.0,5,1.0,125.0
2025-06-19,Tyler Anderson,over,4.5,4.589549184439077,0.0895491844390772,8.85611464256244,115.0,4,0.0,-100.0
2025-06-19,Jameson Taillon,over,4.5,5.455005179652107,0.9550051796521072,13.20481866847414,100.0,2,0.0,-100.0
2025-06-19,Andrew Heaney,over,4.5,5.245754666929025,0.7457546669290247,7.758891695001302,-105.0,2,0.0,-100.0
2025-06-19,Erick Fedde,over,4.5,4.637310872077083,0.1373108720770828,7.030592266538016,110.0,4,0.0,-100.0
2025-06-21,Brayan Bello,over,4.5,5.261080016425028,0.7610800164250282,10.595574773682802,100.0,6,1.0,100.0
2025-06-21,Grant Holmes,over,6.5,7.200772611439743,0.700772611439743,12.518070261685676,105.0,5,0.0,-100.0
2025-06-21,Zach Eflin,over,4.5,4.744685499280241,0.2446854992802407,8.615396743595827,110.0,4,0.0,-100.0
2025-06-21,Emerson Hancock,over,3.5,4.238654227890791,0.738654227890791,21.31954299994504,120.0,5,1.0,120.0
2025-06-21,Kumar Rocker,over,4.5,4.97821529295029,0.4782152929502903,17.37656319574905,120.0,4,0.0,-100.0
2025-06-21,Jose Quintana,over,4.5,4.669018354495069,0.1690183544950692,17.736985870723764,130.0,1,0.0,-100.0
2025-06-22,Ryan Gusto,over,5.5,6.831307683487443,1.331307683487443,23.99323147646309,110.0,7,1.0,110.0
2025-06-22,Adrian Houser,over,3.5,3.5403487143613974,0.0403487143613974,13.139537810819425,125.0,4,1.0,125.0
2025-06-22,Seth Lugo,over,4.5,4.679052819278021,0.1790528192780209,10.210185117125748,115.0,7,1.0,115.0
2025-06-22,Brandon Pfaadt,over,5.5,6.256416281040047,0.756416281040047,16.058791114959725,110.0,7,1.0,110.0
2025-06-22,Kyle Hendricks,over,3.5,3.5643677750109624,0.0643677750109623,13.520192942576204,125.0,2,0.0,-100.0
2025-06-22,Andrew Abbott,over,4.5,5.101325700675883,0.6013257006758828,8.409180397058025,100.0,3,0.0,-100.0
2025-06-22,Antonio Senzatela,over,2.5,3.12234161453319,0.6223416145331901,22.28575936406014,125.0,5,1.0,125.0
2025-06-22,Shohei Ohtani,over,2.5,4.372103775164988,1.8721037751649885,40.146986782537184,125.0,2,0.0,-100.0
2025-06-23,Nick Lodolo,over,5.5,6.015519672888348,0.515519672888348,12.584712959133526,110.0,6,1.0,110.0
2025-06-23,Chad Patrick,over,5.5,5.504483261980341,0.0044832619803409,10.06948408163094,120.0,9,1.0,120.0
2025-06-23,Bryan Woo,over,5.5,5.5636019621314174,0.0636019621314174,8.46325474739742,115.0,9,1.0,115.0
2025-06-23,Paul Blackburn,over,3.5,3.804542461286044,0.3045424612860441,14.710885367014992,120.0,5,1.0,120.0
2025-06-24,Chris Paddack,over,4.5,4.6028845426486376,0.1028845426486375,9.05797949277234,115.0,4,0.0,-100.0
2025-06-24,Luis Castillo,over,5.5,6.338866215231279,0.8388662152312794,11.64864016115972,100.0,3,0.0,-100.0
2025-06-24,Frankie Montas,over,4.5,4.9581835885875645,0.4581835885875644,19.731005774330423,125.0,5,1.0,125.0
2025-06-24,Andrew Heaney,over,4.5,4.887881044497352,0.3878810444973517,21.265250774548417,130.0,3,0.0,-100.0
2025-06-24,Eric Lauer,over,4.5,4.969167943411933,0.4691679434119331,22.56730414617879,130.0,5,1.0,129.99999999999997
2025-06-25,Nick Pivetta,under,5.5,5.367140018873472,0.1328599811265283,12.058383198478008,120.0,10,0.0,-100.0
2025-06-25,Joe Ryan,under,6.5,5.488418245651834,1.0115817543481658,16.804184929742416,105.0,8,0.0,-100.0
2025-06-25,Jacob Lopez,over,5.5,5.896345401500714,0.3963454015007137,16.122781959830824,120.0,6,1.0,120.0
2025-06-25,Jack Flaherty,under,6.5,5.977213445400046,0.5227865545999544,12.690427805046978,110.0,7,0.0,-100.0
2025-06-25,Max Fried,over,6.5,6.875942810108466,0.3759428101084658,18.4415327537162,125.0,7,1.0,125.0
2025-06-26,Clayton Kershaw,over,4.5,6.313634613759466,1.8136346137594657,30.10397260147886,110.0,5,1.0,110.0
2025-06-26,Kevin Gausman,over,5.5,5.501174047762563,0.0011740477625625,12.518609597312746,125.0,6,1.0,125.0
2025-06-26,Tanner Bibee,over,4.5,5.700154769297422,1.2001547692974217,16.416727138156475,100.0,7,1.0,100.0
2025-06-26,Grant Holmes,over,5.5,6.429022441517027,0.9290224415170272,7.728513944670324,-110.0,6,1.0,90.90909090909092
2025-06-26,Emerson Hancock,over,4.5,4.630645950117504,0.1306459501175041,9.478103622744817,115.0,2,0.0,-100.0
2025-06-26,Hayden Birdsong,over,5.5,5.640096644630239,0.1400966446302387,14.719738347545574,125.0,1,0.0,-100.0
2025-06-26,Janson Junk,over,3.5,4.992035588909334,1.4920355889093342,14.629948423408356,-110.0,1,0.0,-100.0
2025-06-27,Aaron Civale,over,4.5,5.096588146684727,0.5965881466847271,13.76110237838396,110.0,4,0.0,-100.0
2025-06-27,Sonny Gray,under,5.5,5.492571856640379,0.007428143359621,7.612508916775019,115.0,11,0.0,-100.0
2025-06-27,Mitch Keller,over,4.5,5.5580487338863644,1.0580487338863644,17.431894617960108,105.0,4,0.0,-100.0
2025-06-27,Bryce Elder,over,4.5,5.073636609441067,0.573636609441067,21.530781379323205,125.0,2,0.0,-100.0
2025-06-27,Mitch Spence,over,4.5,4.950131087809981,0.4501310878099813,8.973443162100125,105.0,5,1.0,105.0
2025-06-27,Tomoyuki Sugano,over,3.5,4.0317592709131,0.5317592709131,12.82088908365102,110.0,2,0.0,-100.0
2025-06-27,Sawyer Gipson-Long,over,4.5,4.716250179716772,0.2162501797167717,18.50050721476529,130.0,5,1.0,129.99999999999997
2025-06-27,David Festa,over,4.5,5.298369073717875,0.7983690737178746,11.101411342180366,100.0,6,1.0,100.0
2025-06-28,Andrew Abbott,over,4.5,5.023709732895317,0.5237097328953171,10.020429056331604,105.0,4,0.0,-100.0
2025-06-28,Lucas Giolito,over,4.5,4.92102547681428,0.4210254768142798,19.14908005657041,125.0,5,1.0,125.0
2025-06-28,Bailey Falter,over,3.5,3.681957077000082,0.181957077000082,12.818133120865882,120.0,1,0.0,-100.0
2025-06-29,Nick Lodolo,over,4.5,4.853403475312119,0.3534034753121187,12.838897207107802,115.0,5,1.0,115.0
2025-06-29,Cal Quantrill,over,3.5,3.686998015905422,0.1869980159054218,18.027735438286776,130.0,5,1.0,129.99999999999997
2025-06-29,Luis Severino,over,4.5,4.904032976642048,0.404032976642048,8.315238885657516,105.0,3,0.0,-100.0
2025-06-29,Framber Valdez,over,5.5,6.248370592441963,0.7483705924419626,15.943891577777125,110.0,6,1.0,110.0
2025-07-01,Paul Skenes,over,6.5,7.429964394772032,0.929964394772032,12.871018747818509,100.0,5,0.0,-100.0
2025-07-01,Max Fried,over,5.5,5.832100738423456,0.3321007384234562,12.518595229702356,115.0,2,0.0,-100.0
2025-07-02,Simeon Woods Richardson,over,4.5,4.828911562779308,0.3289115627793082,12.47061890770701,115.0,3,0.0,-100.0
2025-07-02,Yusei Kikuchi,over,5.5,6.795444589500648,1.295444589500648,9.963184697045069,-115.0,7,1.0,86.95652173913042
2025-07-02,Trevor Williams,under,3.5,3.094377341923712,0.4056226580762878,8.337963357275068,105.0,4,0.0,-100.0
2025-07-02,Mitch Keller,over,4.5,5.159716265557591,0.6597162655575914,11.942012429949056,105.0,7,1.0,105.0
2025-07-02,Freddy Peralta,over,5.5,6.288703690506692,0.7887036905066918,10.970474443055124,100.0,6,1.0,100.0
2025-07-03,Kyle Freeland,over,3.5,3.554744031520611,0.0547440315206109,10.848400871691124,120.0,2,0.0,-100.0
2025-07-03,Clarke Schmidt,over,4.5,4.681644550418741,0.1816445504187411,7.685422137836618,110.0,1,0.0,-100.0
2025-07-03,Chris Bassitt,under,5.5,4.933071663514634,0.5669283364853657,7.934742109919579,100.0,9,0.0,-100.0
2025-07-03,Brandon Walter,over,4.5,6.994658789482414,2.494658789482414,27.96433850210964,-105.0,3,0.0,-100.0
2025-07-04,Kyle Hendricks,over,2.5,3.570554995279784,1.070554995279784,7.249376935522917,-115.0,2,0.0,-100.0
2025-07-04,Charlie Morton,over,4.5,6.458455345619216,1.958455345619216,7.608233403960512,-140.0,7,1.0,71.42857142857144
2025-07-04,Sandy Alcantara,over,4.5,4.968085866722648,0.4680858667226477,11.893487127785862,110.0,4,0.0,-100.0
2025-07-04,Quinn Priester,over,4.5,4.871407579372978,0.3714075793729776,15.739818596670908,120.0,4,0.0,-100.0
2025-07-04,Marcus Stroman,over,3.5,4.036289239843718,0.5362892398437182,10.198945255124558,105.0,4,1.0,105.0
2025-07-04,Michael Soroka,under,5.5,4.585777695474506,0.9142223045254942,18.2937079072089,110.0,6,0.0,-100.0
2025-07-04,Spencer Strider,under,7.5,6.61304086259357,0.8869591374064303,9.621793008302426,-105.0,6,1.0,95.23809523809524
2025-07-04,Reese Olson,under,4.5,2.8233888815377592,1.6766111184622408,25.36980162330983,105.0,3,1.0,105.0
2025-07-04,Kumar Rocker,over,4.5,4.521312058814228,0.0213120588142281,15.345316910022344,130.0,4,0.0,-100.0
2025-07-05,Shohei Ohtani,under,1.5,1.4571077591481358,0.0428922408518641,23.240281532717567,145.0,3,0.0,-100.0
2025-07-05,Chad Patrick,over,5.5,5.898482909266898,0.3984829092668978,18.795485215514564,125.0,2,0.0,-100.0
2025-07-05,Cal Quantrill,over,3.5,3.996763849153692,0.4967638491536918,17.659809373219737,120.0,6,1.0,120.0
2025-07-05,Matthew Liberatore,over,4.5,4.517526052807745,0.0175260528077449,15.283973545350038,130.0,4,0.0,-100.0
2025-07-05,Logan Allen,over,4.5,4.696480995283725,0.1964809952837249,7.904424701980817,110.0,5,1.0,110.0
2025-07-05,Framber Valdez,over,5.5,6.540589410025844,1.0405894100258442,28.63028692291778,125.0,7,1.0,125.0
2025-07-06,Edward Cabrera,over,5.5,5.99154334457586,0.4915433445758603,9.563295426825958,105.0,5,0.0,-100.0
2025-07-06,Paul Skenes,over,7.5,8.70670276783041,1.2067027678304107,16.5010181650143,100.0,10,1.0,100.0
2025-07-06,Emmet Sheehan,under,4.5,4.18009290175631,0.3199070982436902,9.72268187013775,110.0,4,1.0,110.0
2025-07-06,Trevor Rogers,over,4.5,5.188844858150984,0.6888448581509836,17.831453395006093,115.0,6,1.0,115.0
2025-07-06,Tarik Skubal,under,7.5,6.978677553229268,0.521322446770732,15.35173112502336,115.0,10,0.0,-100.0
2025-07-06,Max Fried,over,5.5,5.803058438102916,0.3030584381029158,9.474925464222997,110.0,5,0.0,-100.0
2025-07-07,Shane Baz,over,5.5,6.877843762425991,1.3778437624259912,27.574081513707583,115.0,7,1.0,115.0
2025-07-07,Richard Fitts,under,4.5,3.408776640075176,1.091223359924824,17.877702112448034,105.0,6,0.0,-100.0
2025-07-08,Aaron Civale,over,3.5,4.091786382391808,0.5917863823918079,16.39855490351907,115.0,0,0.0,-100.0
2025-07-08,Logan Gilbert,under,6.5,5.1582681101046095,1.3417318898953905,21.17568561091429,105.0,5,1.0,105.0
2025-07-08,Mitch Keller,over,4.5,5.19376799737167,0.6937679973716699,12.419932025978984,105.0,5,1.0,105.0
2025-07-09,Adrian Houser,over,3.5,3.930959313215242,0.4309593132152418,11.35111609526791,110.0,2,0.0,-100.0
2025-07-09,David Festa,over,4.5,5.073447970981022,0.5734479709810216,8.02475735632191,100.0,3,0.0,-100.0
2025-07-09,Cam Schlittler,under,4.5,3.939958635263322,0.5600413647366782,10.53560029105184,105.0,7,0.0,-100.0
2025-07-10,Colin Rea,over,4.5,4.772368750007862,0.2723687500078622,11.61903124845971,115.0,5,1.0,115.0
2025-07-10,Bryan Woo,under,5.5,4.99382080563665,0.5061791943633498,9.77140859260679,105.0,5,1.0,105.0
2025-07-11,Luis Castillo,over,5.5,6.471627340084329,0.9716273400843294,24.76843350516753,120.0,6,1.0,120.0
2025-07-11,Shane Smith,under,3.5,2.167290412094997,1.3327095879050028,32.86978448863987,125.0,5,0.0,-100.0
2025-07-11,Hunter Dobbins,over,3.5,3.575920459054032,0.0759204590540321,13.703255933355996,125.0,2,0.0,-100.0
2025-07-12,Brady Singer,under,5.5,5.213501434265903,0.2864985657340968,17.033494753920596,125.0,9,0.0,-100.0
2025-07-12,Max Fried,over,5.5,6.033156413412722,0.5331564134127218,18.214586568141144,120.0,2,0.0,-100.0
2025-07-12,Bradley Blalock,over,3.5,3.756770291265701,0.2567702912657008,13.97412236362049,120.0,1,0.0,-100.0
2025-07-12,George Kirby,over,5.5,5.82261194051327,0.3226119405132701,17.602615127525965,125.0,6,1.0,125.0
2025-07-12,Tanner Bibee,over,5.5,6.230122221611157,0.7301222216111567,15.68297014758404,110.0,5,0.0,-100.0
2025-07-13,Yoshinobu Yamamoto,under,5.5,5.41792773331186,0.0820722666881401,11.271823961900209,120.0,7,0.0,-100.0
2025-07-13,Sonny Gray,over,5.5,6.207849952003662,0.7078499520036621,20.85744689416968,120.0,5,0.0,-100.0
2025-07-13,Brayan Bello,over,4.5,4.7020060603874665,0.2020060603874665,10.557055139367169,115.0,5,1.0,115.0
2025-07-13,Clay Holmes,over,3.5,4.087183073619209,0.587183073619209,13.624970049910525,110.0,2,0.0,-100.0
2025-07-13,Will Warren,over,5.5,5.6682406788729285,0.1682406788729284,12.605954987739644,120.0,1,0.0,-100.0
2025-07-13,Hunter Brown,over,6.5,6.5989023951386345,0.0989023951386345,8.997702891119786,115.0,8,1.0,115.0
2025-07-18,Spencer Strider,under,7.5,7.236234412026111,0.2637655879738894,8.896533119461703,110.0,8,0.0,-100.0
2025-07-18,Dylan Cease,over,6.5,6.659484670007704,0.1594846700077044,12.470476561699028,120.0,10,1.0,120.0
2025-07-18,Nick Lodolo,over,5.5,5.517159298614426,0.017159298614426,7.759898658881981,115.0,7,1.0,115.0
2025-07-19,Dean Kremer,over,4.5,4.893870911248283,0.3938709112482828,10.80822056339058,110.0,6,1.0,110.0
2025-07-19,Cal Quantrill,over,3.5,3.9945699354566737,0.4945699354566737,14.952998354149006,115.0,3,0.0,-100.0
2025-07-19,Mitchell Parker,over,3.5,3.7429891292794353,0.2429891292794352,18.932335622609266,130.0,4,1.0,129.99999999999997
2025-07-19,Taijuan Walker,over,3.5,3.998269790699221,0.4982697906992208,15.00818286482205,115.0,4,1.0,115.0
2025-07-19,Mike Burrows,over,4.5,5.26180699228399,0.7618069922839901,16.13572650592221,110.0,6,1.0,110.0
2025-07-19,Logan Webb,over,5.5,5.655585648259469,0.1555856482594686,14.964916723335042,125.0,1,0.0,-100.0
2025-07-20,Tarik Skubal,under,7.5,6.154508689804124,1.345491310195876,30.09426056271153,120.0,11,0.0,-100.0
2025-07-20,Merrill Kelly,over,5.5,5.676593476247922,0.1765934762479224,15.297334483128887,125.0,5,0.0,-100.0
2025-07-20,Janson Junk,over,3.5,3.970687739148281,0.4706877391482811,9.26641952177646,105.0,1,0.0,-100.0
2025-07-20,Cade Horton,under,4.5,3.670256440726183,0.8297435592738172,8.870195405557324,-105.0,4,1.0,95.23809523809524
2025-07-20,Jose Quintana,over,3.5,4.573521972972385,1.0735219729723848,26.24788409717046,120.0,5,1.0,120.0
2025-07-20,Marcus Stroman,over,3.5,3.783648263782729,0.2836482637827289,24.787779828573385,140.0,4,1.0,140.0
2025-07-21,Jack Flaherty,over,6.5,6.7805501875923655,0.2805501875923655,9.14370107150707,110.0,6,0.0,-100.0
2025-07-21,Kevin Gausman,under,5.5,5.087918477298065,0.4120815227019347,13.719555507576953,115.0,8,0.0,-100.0
2025-07-21,Tomoyuki Sugano,over,3.5,3.547068007895146,0.0470680078951462,8.212874337887477,115.0,4,1.0,115.0
2025-07-21,Brady Singer,under,4.5,4.060543723620444,0.4394562763795564,11.475344665460586,110.0,1,1.0,110.0
2025-07-21,Tanner Bibee,under,5.5,4.7518881396565655,0.7481118603434345,15.94019521768406,110.0,4,1.0,110.0
2025-07-21,Bryce Elder,over,4.5,5.09150905954321,0.5915090595432098,10.980750063219736,105.0,1,0.0,-100.0
2025-07-22,Kyle Hendricks,over,3.5,3.673676632942144,0.1736766329421439,17.81232606177032,130.0,2,0.0,-100.0
2025-07-22,Chase Burns,under,5.5,4.600453553674607,0.8995464463253926,26.52226553940216,125.0,10,0.0,-100.0
2025-07-22,Drew Rasmussen,under,3.5,3.050651745155635,0.4493482548443648,19.592745606916008,125.0,5,0.0,-100.0
2025-07-23,Jonathan Cannon,over,3.5,4.479204055631083,0.979204055631083,22.04093522436156,115.0,9,1.0,115.0
2025-07-23,Bailey Falter,over,3.5,4.396716991626871,0.8967169916268709,15.236984217535444,105.0,8,1.0,105.0
2025-07-23,Spencer Strider,under,7.5,7.12750405436704,0.3724959456329602,7.864050306474157,105.0,7,1.0,105.0
2025-07-23,Justin Verlander,over,4.5,4.876305467542959,0.3763054675429593,18.447230670280625,125.0,3,0.0,-100.0
2025-07-23,Sandy Alcantara,over,3.5,4.757169058950224,1.2571690589502236,7.385526158286404,-120.0,4,1.0,83.33333333333334
2025-07-23,Tyler Glasnow,under,6.5,5.066349604982276,1.4336503950177244,28.32132821370551,115.0,12,0.0,-100.0
2025-07-23,Lucas Giolito,over,5.5,5.611469785142219,0.1114697851422192,9.187921161343136,115.0,2,0.0,-100.0
2025-07-23,Andre Pallante,over,4.5,4.560330571761402,0.0603305717614022,10.934966319504746,120.0,5,1.0,120.0
2025-07-23,Max Fried,over,4.5,5.415131719055994,0.915131719055994,7.551343514946152,-110.0,3,0.0,-100.0
2025-07-25,Nick Pivetta,over,5.5,5.738556077064389,0.2385560770643886,16.276836231841884,125.0,4,0.0,-100.0
2025-07-25,Zack Littell,over,4.5,4.741792303119193,0.241792303119193,13.742883268290496,120.0,2,0.0,-100.0
2025-07-25,Ryne Nelson,over,4.5,4.654909527915105,0.1549095279151053,14.954215771135226,125.0,4,0.0,-100.0
2025-07-25,Dean Kremer,under,5.5,5.192022868454531,0.3079771315454689,9.54727063420997,110.0,5,1.0,110.0
2025-07-25,Shota Imanaga,over,5.5,5.6509046996056025,0.1509046996056025,12.33769901111944,120.0,2,0.0,-100.0
2025-07-25,Nick Martinez,over,3.5,4.366908281820178,0.8669082818201783,9.358925738821975,-105.0,5,1.0,95.23809523809524
2025-07-26,Janson Junk,over,3.5,4.2226700897922775,0.7226700897922775,10.072658716068617,100.0,5,1.0,100.0
2025-07-26,Merrill Kelly,over,5.5,7.131501108515829,1.6315011085158293,24.82052628637358,105.0,3,0.0,-100.0
2025-07-26,Cade Horton,over,4.5,4.714501276440531,0.2145012764405311,13.321284066155004,120.0,3,0.0,-100.0
2025-07-26,Tanner Bibee,over,4.5,5.282094297147116,0.7820942971471156,21.968951749550868,120.0,8,1.0,120.0
2025-07-26,Antonio Senzatela,over,3.5,3.628055191746801,0.1280551917468009,11.98399488354186,120.0,3,0.0,-100.0
2025-07-26,Kevin Gausman,over,5.5,6.673481467690581,1.1734814676905811,8.502570222526629,-115.0,10,1.0,86.95652173913042
2025-07-27,Kyle Hendricks,over,3.5,4.886154362114566,1.3861543621145662,18.77750843127644,100.0,3,0.0,-100.0
2025-07-27,Zac Gallen,over,5.5,6.037951121894004,0.5379511218940038,12.910872018656184,110.0,5,0.0,-100.0
2025-07-27,Zack Wheeler,under,7.5,6.6031590852268565,0.8968409147731435,18.04938601470012,110.0,8,0.0,-100.0
2025-07-27,Stephen Kolek,over,3.5,3.733029208121005,0.233029208121005,16.189534183227337,125.0,2,0.0,-100.0
2025-07-27,Bryce Elder,over,4.5,4.682724004763588,0.182724004763588,15.39431283968481,125.0,3,0.0,-100.0
2025-07-27,Paul Skenes,over,6.5,7.487025056046568,0.9870250560465684,19.311710080347545,110.0,9,1.0,110.0
2025-07-28,Spencer Strider,over,6.5,7.335384788358272,0.8353847883582723,14.39172802316875,105.0,3,0.0,-100.0
2025-07-28,Drew Rasmussen,under,4.5,3.906797626154442,0.5932023738455579,11.004675305697544,105.0,5,0.0,-100.0
2025-07-29,Colin Rea,over,3.5,4.707154407112471,1.207154407112471,11.211064013912033,-110.0,2,0.0,-100.0
2025-07-29,Charlie Morton,over,4.5,4.953919690460872,0.4539196904608724,11.686671209480847,110.0,2,0.0,-100.0
2025-07-30,Will Warren,over,5.5,5.824706840325402,0.3247068403254021,15.02148018569185,120.0,4,0.0,-100.0
2025-07-30,Ryan Gusto,over,4.5,5.392599558622718,0.8925995586227176,9.695634627636473,-105.0,5,1.0,95.23809523809524
2025-07-30,Shota Imanaga,over,4.5,5.028063373030137,0.528063373030137,15.4520932903203,115.0,8,1.0,115.0
2025-07-30,Miles Mikolas,over,3.5,3.929166751260978,0.4291667512609778,16.626086685372233,120.0,5,1.0,120.0
2025-07-30,Clay Holmes,over,3.5,4.083277980623546,0.5832779806235457,10.864408751103827,105.0,3,0.0,-100.0
2025-07-30,Ryne Nelson,over,4.5,4.868134423118403,0.3681344231184029,15.689520132016966,120.0,8,1.0,120.0
2025-07-30,Taijuan Walker,over,3.5,4.498844491770924,0.9988444917709236,8.61467266674454,-110.0,0,0.0,-100.0
2025-07-30,Shohei Ohtani,under,4.5,2.411305547684664,2.088694452315336,8.826562818956157,-140.0,4,1.0,71.42857142857144
2025-07-31,Marcus Stroman,over,3.5,4.585357077274451,1.085357077274451,20.672161176544503,110.0,3,0.0,-100.0
2025-08-01,Trevor Rogers,over,4.5,5.212878320480306,0.7128783204803062,15.436011994911624,110.0,8,1.0,110.0
2025-08-01,Gavin Williams,under,5.5,5.302332878464853,0.1976671215351473,15.630639176301909,125.0,8,0.0,-100.0
2025-08-01,Kevin Gausman,over,5.5,5.7147367378730864,0.2147367378730864,10.749356481617578,115.0,5,0.0,-100.0
2025-08-01,Mitchell Parker,over,3.5,3.760644145857888,0.2606441458578881,21.80895086044139,135.0,3,0.0,-100.0
2025-08-02,Luis Castillo,over,5.5,6.422130028264387,0.9221300282643874,12.766384174162294,100.0,4,0.0,-100.0
2025-08-02,Noah Cameron,over,4.5,4.779364580079157,0.2793645800791573,11.72449059117211,115.0,1,0.0,-100.0
2025-08-02,Austin Gomber,over,3.5,4.188093228999024,0.6880932289990236,12.34038195351439,105.0,5,1.0,105.0
2025-08-02,Tarik Skubal,under,8.5,6.811163293923824,1.6888367060761764,8.32678965521767,-130.0,10,0.0,-100.0
2025-08-02,Kai-Wei Teng,over,3.5,4.042437589144427,0.5424375891444271,10.28614226465523,105.0,4,1.0,105.0
2025-08-03,Seth Lugo,over,4.5,4.898115488594905,0.3981154885949047,10.8704040643272,110.0,3,0.0,-100.0
2025-08-03,Brad Lord,over,3.5,3.672700531827725,0.1727005318277248,10.114156781564754,115.0,6,1.0,115.0
2025-08-03,Andre Pallante,over,3.5,3.706831460200264,0.2068314602002638,10.629951963264984,115.0,4,1.0,115.0
2025-08-03,Joe Boyle,over,4.5,5.918036105654527,1.4180361056545268,7.257388943333725,-125.0,2,0.0,-100.0
2025-08-03,Edward Cabrera,under,5.5,5.364746581822663,0.1352534181773368,12.095436476014932,120.0,7,0.0,-100.0
2025-08-03,Yoshinobu Yamamoto,over,6.5,6.628657700226287,0.1286577002262872,11.993323308232265,120.0,6,0.0,-100.0
2025-08-03,Framber Valdez,over,6.5,7.125666728113054,0.6256667281130541,16.899991665500902,115.0,3,0.0,-100.0
2025-08-03,Charlie Morton,over,5.5,5.77299857167452,0.2729985716745196,11.62852659469621,115.0,6,1.0,115.0
2025-08-04,Quinn Priester,over,4.5,5.15100628493671,0.6510062849367104,11.81954896169952,105.0,4,0.0,-100.0
2025-08-04,Jason Alexander,over,3.5,4.461912101789233,0.9619121017892328,10.599174866590133,-105.0,6,1.0,95.23809523809524
2025-08-05,Logan Webb,over,6.5,6.947915966800213,0.4479159668002133,11.59897083032132,110.0,10,1.0,110.0
2025-08-05,MacKenzie Gore,under,6.5,5.573537181775538,0.9264628182244624,15.644870541912992,105.0,0,1.0,105.0
2025-08-06,Janson Junk,under,3.5,3.254756627723806,0.2452433722761942,13.796172424699185,120.0,2,1.0,120.0
2025-08-06,Andrew Abbott,over,4.5,4.919806577458679,0.4198065774586794,11.187973240231663,110.0,3,0.0,-100.0
2025-08-06,Kevin Gausman,over,5.5,7.010062015897163,1.5100620158971632,32.34012717768622,120.0,8,1.0,120.0
2025-08-06,Robbie Ray,under,6.5,5.562809741456088,0.9371902585439118,12.967442012972796,100.0,8,0.0,-100.0
2025-08-06,Spencer Strider,under,6.5,5.550408756178531,0.9495912438214686,24.44600629355278,120.0,6,1.0,120.0
2025-08-06,Tyler Anderson,over,4.5,5.017486174176611,0.5174861741766108,20.657134474627,125.0,5,1.0,125.0
2025-08-07,Brady Singer,over,5.5,5.691109956804818,0.1911099568048175,7.825151031123124,110.0,2,0.0,-100.0
2025-08-07,Jacob Lopez,under,5.5,5.308592872030546,0.1914071279694535,7.829537387307139,110.0,10,0.0,-100.0
2025-08-07,Paul Skenes,under,7.5,6.498549597236619,1.001450402763381,11.111264799233656,-105.0,8,0.0,-100.0
2025-08-08,Kyle Hendricks,over,3.5,4.217285135869016,0.717285135869016,26.499080541173537,130.0,6,1.0,129.99999999999997
2025-08-08,Chase Burns,under,7.5,4.481980126125956,3.018019873874044,35.67623952613208,100.0,10,0.0,-100.0
2025-08-08,Bryce Elder,over,4.5,4.754605796254111,0.2546057962541113,11.351150661975309,115.0,3,0.0,-100.0
2025-08-09,Brandon Young,over,4.5,4.67108058061266,0.17108058061266,12.64989043399456,120.0,2,0.0,-100.0
2025-08-09,Bailey Ober,over,4.5,5.034386594721647,0.5343865947216466,12.859075146300746,110.0,4,0.0,-100.0
2025-08-09,Nick Martinez,over,4.5,4.764999452509449,0.264999452509449,16.694329583470914,125.0,4,0.0,-100.0
2025-08-09,Colin Rea,over,3.5,4.1636519230667535,0.6636519230667535,9.265677634411064,100.0,6,1.0,100.0
2025-08-09,Framber Valdez,over,6.5,6.705837607532642,0.2058376075326418,13.187379101365682,120.0,1,0.0,-100.0
2025-08-10,Jack Kochanowicz,over,3.5,4.09646102581773,0.5964610258177299,19.17637078081921,120.0,1,0.0,-100.0
2025-08-10,Dylan Cease,under,7.5,5.875389796967072,1.624610203032928,9.524443601785752,-125.0,7,1.0,80.0
2025-08-10,Eric Lauer,over,4.5,5.195697520147976,0.6956975201479763,20.67479878131084,120.0,4,0.0,-100.0
2025-08-11,Taijuan Walker,over,3.5,4.538881548015107,1.038881548015107,28.60498091877504,125.0,2,0.0,-100.0
2025-08-12,Ranger Suarez,over,5.5,5.915342743669412,0.4153427436694121,16.414203903341274,120.0,3,0.0,-100.0
2025-08-12,Kyle Freeland,over,3.5,3.855479635684032,0.3554796356840319,7.620325982446674,105.0,2,0.0,-100.0
2025-08-12,Logan Allen,over,4.5,4.90761543769991,0.4076154376999099,8.366447528937993,105.0,5,1.0,105.0
2025-08-12,Mitchell Parker,over,3.5,3.721931717775051,0.221931717775051,21.170383486487665,135.0,3,0.0,-100.0
2025-08-13,Hunter Greene,under,6.5,5.002305238196339,1.4976947618036611,23.161827180870866,105.0,6,1.0,105.0
2025-08-13,Cade Horton,over,3.5,3.549389958591372,0.0493899585913721,10.765434485004045,120.0,8,1.0,120.0
2025-08-13,Jake Irvin,over,3.5,3.5426795290588937,0.0426795290588937,13.17647911973402,125.0,3,0.0,-100.0
2025-08-13,Mitch Keller,over,4.5,4.879712505761035,0.3797125057610353,15.867405701515002,120.0,5,1.0,120.0
2025-08-13,Kai-Wei Teng,over,3.5,4.648095029764128,1.1480950297641277,18.637253955872023,105.0,0,0.0,-100.0
2025-08-13,Austin Gomber,over,3.5,3.665366493564216,0.1653664935642158,20.236133288310644,135.0,2,0.0,-100.0
2025-08-13,Logan Gilbert,under,6.5,6.235045568026701,0.2649544319732992,8.91404448389449,110.0,6,1.0,110.0
2025-08-13,Brandon Woodruff,over,7.5,7.897256186480607,0.3972561864806065,16.13675988334996,120.0,4,0.0,-100.0
2025-08-14,Bailey Ober,over,5.5,6.264905342244869,0.7649053422448686,21.71230537757713,120.0,4,0.0,-100.0
2025-08-14,Logan Evans,over,4.5,4.701555204720589,0.2015552047205888,15.692115450468558,125.0,1,0.0,-100.0
2025-08-14,Tanner Bibee,over,5.5,6.050468303148775,0.5504683031487749,13.092663086894296,110.0,5,0.0,-100.0
2025-08-15,Jacob deGrom,over,5.5,6.116446878877087,0.6164468788770874,8.617361936312374,100.0,5,0.0,-100.0
2025-08-15,Colin Rea,over,4.5,4.842295801958292,0.3422958019582918,10.051644477263434,110.0,5,1.0,110.0
2025-08-15,Joey Cantillo,over,5.5,5.5856916621166,0.0856916621166004,8.797715343166413,115.0,5,0.0,-100.0
2025-08-15,Sandy Alcantara,over,4.5,5.649191053034451,1.149191053034451,15.757885121118177,100.0,7,1.0,100.0
2025-08-15,Zack Wheeler,under,7.5,5.955002432069356,1.5449975679306442,15.246826751933906,-110.0,6,1.0,90.90909090909092
2025-08-15,Luis Castillo,over,4.5,5.953560938814871,1.4535609388148707,7.653516074971101,-125.0,5,1.0,80.0
2025-08-15,MacKenzie Gore,under,6.5,5.409659578930107,1.090340421069893,17.86586278267446,105.0,7,0.0,-100.0
2025-08-16,Slade Cecconi,over,4.5,5.067946607399544,0.5679466073995441,16.04496420642598,115.0,3,0.0,-100.0
2025-08-16,Jason Alexander,over,4.5,4.691318478564576,0.1913184785645763,10.395567675750272,115.0,6,1.0,115.0
2025-08-17,Will Warren,over,5.5,5.839857522625521,0.3398575226255209,12.635257738734984,115.0,3,0.0,-100.0
2025-08-17,Jose Quintana,over,4.5,4.560210755816431,0.0602107558164313,15.975523845625904,130.0,4,0.0,-100.0
2025-08-17,Logan Webb,over,6.5,7.06552867010623,0.5655286701062296,18.70695295525884,120.0,7,1.0,120.0
2025-08-17,Ryan Bergert,over,4.5,4.676756694108279,0.1767566941082794,10.175475848411107,115.0,7,1.0,115.0
2025-08-17,Logan Allen,over,4.5,4.827196741186921,0.3271967411869214,12.444819412526552,115.0,6,1.0,115.0
2025-08-17,Davis Martin,over,3.5,3.836922507088555,0.3369225070885551,25.68311001617505,140.0,4,1.0,140.0
2025-08-17,Javier Assad,over,4.5,4.722391641974817,0.2223916419748173,8.286700402301307,110.0,3,0.0,-100.0
2025-08-17,Ryan Pepiot,over,5.5,6.316231100223006,0.816231100223006,14.126631977062054,105.0,8,1.0,105.0
2025-08-17,Cristian Javier,over,5.5,5.642873394938433,0.1428733949384328,14.763697149024305,125.0,2,0.0,-100.0
2025-08-17,Yu Darvish,over,4.5,4.961663375004699,0.461663375004699,9.137845609664774,105.0,5,1.0,105.0
2025-08-17,Antonio Senzatela,over,2.5,3.027317852319877,0.5273178523198769,15.440995799100588,115.0,2,0.0,-100.0
2025-08-17,George Kirby,over,5.5,6.368733239328429,0.8687332393284288,23.255824733150988,120.0,4,0.0,-100.0
2025-08-19,Tarik Skubal,over,7.5,8.508958380734224,1.0089583807342244,22.46466601076289,115.0,10,1.0,115.0
2025-08-19,Hunter Brown,over,6.5,7.155546635950212,0.6555466359502118,14.612261132229545,110.0,6,0.0,-100.0
2025-08-19,Merrill Kelly,over,4.5,5.053895367318507,0.553895367318507,13.142408359171233,110.0,3,0.0,-100.0
2025-08-19,Shane Smith,over,4.5,5.145150503986629,0.6451505039866294,9.01187038047988,100.0,4,0.0,-100.0
2025-08-19,Joe Ryan,under,6.5,6.097637117300519,0.4023628826994807,10.932615712588134,110.0,6,1.0,110.0
2025-08-19,Edward Cabrera,under,5.5,5.328223367175075,0.1717766328249252,12.660658488121946,120.0,6,0.0,-100.0
2025-08-20,Brandon Pfaadt,over,4.5,4.910936083877819,0.4109360838778189,8.413905394120091,105.0,5,1.0,105.0
2025-08-20,Drew Rasmussen,under,4.5,4.437531413885818,0.062468586114182,13.49009682710822,125.0,6,0.0,-100.0
2025-08-20,Hurston Waldrep,under,4.5,4.336208746629564,0.1637912533704364,7.421790381380178,110.0,7,0.0,-100.0
2025-08-20,Charlie Morton,over,5.5,6.145428217125972,0.6454282171259722,17.19185916309397,115.0,8,1.0,115.0
2025-08-20,Bailey Ober,over,5.5,5.962766375565492,0.4627663755654918,17.14041028931046,120.0,7,1.0,120.0
2025-08-20,Johan Oviedo,over,3.5,4.179649039427668,0.6796490394276677,17.69617878988653,115.0,6,1.0,115.0
2025-08-21,Jack Perkins,over,5.5,6.121302947595409,0.6213029475954093,16.835479575246826,115.0,2,0.0,-100.0
2025-08-21,Quinn Priester,over,4.5,4.652053435152582,0.1520534351525819,9.801943724610627,115.0,4,0.0,-100.0
2025-08-21,Sean Manaea,under,5.5,4.857028146039965,0.6429718539600353,11.70650696018043,105.0,8,0.0,-100.0
2025-08-21,Clayton Kershaw,over,3.5,5.270477854932048,1.7704778549320483,17.801267727878322,-110.0,3,0.0,-100.0
2025-08-22,Cade Povich,under,4.5,4.377224893775346,0.1227751062246538,9.359008642565868,115.0,5,0.0,-100.0
2025-08-22,Braxton Ashcraft,over,4.5,4.962583611777456,0.4625836117774557,22.46205233680263,130.0,6,1.0,129.99999999999997
2025-08-22,Cade Cavalli,over,4.5,4.7623371916740345,0.2623371916740344,8.875492306052003,110.0,4,0.0,-100.0
2025-08-22,Antonio Senzatela,over,2.5,3.654019903554549,1.1540199035545489,10.555951728613678,-110.0,4,1.0,90.90909090909092
2025-08-23,Chris Paddack,over,3.5,4.149259737206893,0.6492597372068927,14.521688681003742,110.0,1,0.0,-100.0
2025-08-23,Cal Quantrill,over,3.5,3.7108600220072088,0.2108600220072087,8.116599348741582,110.0,3,0.0,-100.0
2025-08-23,Michael Wacha,over,4.5,4.996381029726814,0.4963810297268143,20.327920557676528,125.0,4,0.0,-100.0
2025-08-24,Paul Skenes,under,7.5,6.686597434360197,0.8134025656398034,22.43530104620925,120.0,7,1.0,120.0
2025-08-24,Kyle Hendricks,over,3.5,4.017338053971171,0.5173380539711712,26.017262215246028,135.0,2,0.0,-100.0
2025-08-24,Logan Gilbert,under,6.5,5.4408246241962965,1.0591753758037037,20.31162966147393,110.0,13,0.0,-100.0
2025-08-24,Jacob Lopez,over,6.5,6.944450330203827,0.4444503302038267,8.892419876404245,105.0,2,0.0,-100.0
2025-08-26,Luis Gil,over,5.5,6.045483935436343,0.5454839354363434,15.711251359228209,115.0,5,0.0,-100.0
2025-08-26,Sean Manaea,under,5.5,5.004071149174834,0.495928850825166,12.299471533715888,110.0,8,0.0,-100.0
2025-08-26,Shane Baz,over,5.5,6.49266441033543,0.99266441033543,8.536539799823373,-110.0,7,1.0,90.90909090909092
2025-08-26,Lucas Giolito,over,5.5,5.56173919596643,0.0617391959664299,8.435047603246248,115.0,8,1.0,115.0
2025-08-26,Sandy Alcantara,over,4.5,5.836106340506005,1.3361063405060047,8.303528361350898,-120.0,7,1.0,83.33333333333334
2025-08-26,Hurston Waldrep,over,4.5,4.835497673225146,0.335497673225146,7.333890467119419,105.0,0,0.0,-100.0
2025-08-27,Nolan McLean,over,5.5,6.020602874971183,0.5206028749711828,18.023364374037964,120.0,6,1.0,120.0
2025-08-27,Taijuan Walker,over,3.5,3.9912568449374057,0.4912568449374057,12.231395778611889,110.0,3,0.0,-100.0
2025-08-27,Sonny Gray,over,6.5,6.50810512243054,0.0081051224305399,12.628472510017874,125.0,7,1.0,125.0
2025-08-27,Bryan Woo,over,5.5,6.342534470020378,0.8425344700203778,14.490548098344536,105.0,6,1.0,105.0
2025-08-27,Carmen Mlodzinski,over,2.5,3.449676814966798,0.9496768149667978,32.9323004463249,135.0,4,1.0,135.0
2025-08-27,Yu Darvish,over,5.5,5.7858101183654815,0.2858101183654815,17.022637896969073,125.0,3,0.0,-100.0
2025-08-28,Cal Quantrill,over,3.5,3.873962187803508,0.373962187803508,13.14772737240716,115.0,0,0.0,-100.0
2025-08-28,Adam Mazur,over,3.5,3.6111437916056897,0.1111437916056896,9.182987372140316,115.0,2,0.0,-100.0
2025-08-28,Jason Alexander,over,4.5,4.731667044613871,0.2316670446138706,8.423481015089473,110.0,8,1.0,110.0
2025-08-28,Nabil Crismatt,over,3.5,3.908686554009614,0.408686554009614,11.025214017124709,110.0,2,0.0,-100.0
2025-08-28,Shota Imanaga,over,5.5,6.30735534661801,0.8073553466180101,16.7841871342005,110.0,5,0.0,-100.0
2025-08-29,Jonah Tong,under,5.5,3.71764582304296,1.78235417695704,38.991826934146246,125.0,6,0.0,-100.0
2025-08-29,Payton Tolle,under,4.5,4.165505134116963,0.3344948658830367,15.17215609558552,120.0,8,0.0,-100.0
2025-08-30,Kevin Gausman,over,5.5,5.893979323125778,0.3939793231257784,8.171480185657298,105.0,8,1.0,105.0
2025-08-30,Chris Sale,under,6.5,5.084605441465713,1.4153945585342873,13.726490082006473,-110.0,9,0.0,-100.0
2025-08-30,Michael McGreevy,over,3.5,4.35775140803332,0.8577514080333204,11.903046628499103,100.0,0,0.0,-100.0
2025-08-30,Logan Gilbert,under,6.5,4.945973147217413,1.5540268527825871,23.865405216306826,105.0,6,1.0,105.0
2025-08-31,Michael Wacha,over,4.5,5.285166326297828,0.7851663262978281,8.281510135291558,-105.0,4,0.0,-100.0
2025-08-31,Matthew Boyd,over,5.5,6.442829303530403,0.9428293035304032,15.868699793009757,105.0,5,0.0,-100.0
2025-08-31,Brandon Pfaadt,over,4.5,5.319428268431092,0.8194282684310918,16.95557511716149,110.0,5,1.0,110.0
2025-08-31,Max Scherzer,over,5.5,5.799871359022744,0.2998713590227444,9.428042043991269,110.0,1,0.0,-100.0
2025-08-31,Lucas Giolito,over,5.5,6.686617922781068,1.1866179227810676,13.474536815997718,-105.0,6,1.0,95.23809523809524
2025-08-31,Tanner Bibee,over,5.5,5.843618039593943,0.3436180395939434,17.933281573939542,125.0,4,0.0,-100.0
2025-08-31,Tomoyuki Sugano,over,3.5,4.212509116166142,0.7125091161661423,7.31654265382592,-105.0,4,1.0,95.23809523809524
2025-09-01,Dylan Cease,under,7.5,6.154754498244063,1.3452455017559366,24.17763675221724,110.0,7,1.0,110.0
2025-09-01,Kyle Bradish,over,4.5,5.781037324327301,1.2810373243273014,26.26090152573197,115.0,5,1.0,115.0
2025-09-01,Chris Bassitt,over,4.5,6.312958882104556,1.812958882104556,7.839576245982194,-135.0,6,1.0,74.07407407407408
2025-09-02,Slade Cecconi,over,4.5,4.738223727630613,0.2382237276306131,8.520147740680217,110.0,8,1.0,110.0
2025-09-02,Carmen Mlodzinski,over,3.5,3.869544872400464,0.3695448724004642,20.97079517213871,130.0,1,0.0,-100.0
2025-09-02,Luis Severino,over,3.5,3.541231553318985,0.041231553318985,10.639007173385274,120.0,4,1.0,120.0
2025-09-02,Clayton Kershaw,over,4.5,5.397731285963193,0.897731285963193,15.250915230591788,105.0,3,0.0,-100.0
2025-09-02,Shota Imanaga,over,5.5,6.255020688412475,0.7550206884124746,16.038867045905402,110.0,2,0.0,-100.0
2025-09-02,Sawyer Gipson-Long,over,3.5,4.785245731714703,1.2852457317147028,23.3807853152728,110.0,3,0.0,-100.0
2025-09-03,Jeffrey Springs,over,4.5,4.902022375956488,0.4020223759564878,8.286494773193365,105.0,4,0.0,-100.0
2025-09-03,Aaron Nola,under,4.5,4.210341985010011,0.289658014989989,17.083316025883356,125.0,6,0.0,-100.0
2025-09-03,Braxton Ashcraft,over,4.5,4.657350951393179,0.1573509513931785,7.326665134168775,110.0,4,0.0,-100.0
2025-09-03,George Kirby,over,5.5,6.024324328301186,0.5243243283011862,12.712792145728248,110.0,1,0.0,-100.0
2025-09-03,Zebby Matthews,over,5.5,5.704537311878568,0.2045373118785676,15.739262854648327,125.0,5,0.0,-100.0
2025-09-03,Cade Povich,over,4.5,5.071755502347764,0.5717555023477638,13.401463496609322,110.0,3,0.0,-100.0
2025-09-04,Cristian Javier,over,5.5,5.698882850699334,0.1988828506993343,7.939871450900105,110.0,4,0.0,-100.0
2025-09-04,Freddy Peralta,over,6.5,6.67418131969566,0.1741813196956601,10.136543231999015,115.0,8,1.0,115.0
2025-09-04,Kyle Hendricks,over,2.5,3.6703087214326993,1.1703087214326993,18.93227072791776,105.0,0,0.0,-100.0
2025-09-05,Jake Irvin,over,3.5,3.80735531598318,0.3073553159831799,12.146176200697534,115.0,2,0.0,-100.0
2025-09-05,Gavin Williams,over,5.5,5.511595898865231,0.0115958988652309,10.17971924711334,120.0,3,0.0,-100.0
2025-09-05,Quinn Priester,over,4.5,4.913010436246966,0.4130104362469664,8.443547437567112,105.0,6,1.0,105.0
2025-09-05,Johan Oviedo,over,4.5,4.831582721180607,0.3315827211806068,15.127333173007507,120.0,4,0.0,-100.0
2025-09-05,David Peterson,over,4.5,5.555902434883941,1.055902434883941,23.12995911388064,115.0,4,0.0,-100.0
2025-09-06,Yoshinobu Yamamoto,under,6.5,6.393189356510566,0.1068106434894335,11.655018780635384,120.0,10,0.0,-100.0
2025-09-06,Joe Ryan,over,5.5,5.942400158428164,0.442400158428164,14.173571141222665,115.0,2,0.0,-100.0
2025-09-06,Sandy Alcantara,over,4.5,6.089077344374719,1.5890773443747186,7.275224310138972,-130.0,4,0.0,-100.0
2025-09-06,Mitch Keller,over,4.5,4.800579923333698,0.3005799233336983,14.64982135706806,120.0,4,0.0,-100.0
2025-09-06,Andre Pallante,over,3.5,4.094527874273945,0.594527874273945,8.31551368483472,100.0,3,0.0,-100.0
2025-09-06,Luis Gil,over,4.5,4.707928817058713,0.207928817058713,13.21970344098391,120.0,1,0.0,-100.0
2025-09-07,Bailey Ober,over,3.5,5.071374302319206,1.5713743023192055,13.159349090703753,-115.0,6,1.0,86.95652173913042
2025-09-07,Luis Severino,over,5.5,5.808758691562095,0.3087586915620948,19.9929327986456,130.0,7,1.0,129.99999999999997
2025-09-07,Max Fried,over,5.5,5.7192951691608815,0.2192951691608815,10.81819744346778,115.0,4,0.0,-100.0
2025-09-07,Tomoyuki Sugano,over,3.5,3.845512779145475,0.345512779145475,7.477484876469498,105.0,1,0.0,-100.0
2025-09-07,Davis Martin,over,4.5,4.645454057970077,0.1454540579700767,9.70212530590998,115.0,3,0.0,-100.0
2025-09-07,Clayton Kershaw,over,4.5,5.300657124121536,0.8006571241215363,22.24562807914233,120.0,8,1.0,120.0
2025-09-07,Taijuan Walker,over,3.5,4.25033821693895,0.7503382169389496,29.77818935741164,135.0,1,0.0,-100.0
2025-09-07,Luis Castillo,over,4.5,5.551700162152793,1.0517001621527928,14.48425033416636,100.0,6,1.0,100.0
2025-09-08,Nolan McLean,over,5.5,6.122947639934325,0.622947639934325,11.42445713516793,105.0,5,0.0,-100.0
2025-09-08,Cade Cavalli,over,4.5,4.843559518664886,0.3435595186648861,12.690922518065529,115.0,1,0.0,-100.0
2025-09-08,Shota Imanaga,over,4.5,5.755628622997247,1.255628622997247,7.367496030353177,-120.0,4,0.0,-100.0
2025-09-09,Spencer Strider,under,5.5,5.41486840626938,0.0851315937306198,8.78923622607648,115.0,8,0.0,-100.0
2025-09-09,Sean Manaea,under,5.5,5.096092121939216,0.4039078780607843,13.597033478488886,115.0,5,1.0,115.0
2025-09-09,Shane Bieber,over,5.5,6.235112344884961,0.7351123448849606,18.510420459450984,115.0,4,0.0,-100.0
2025-09-09,Will Warren,over,5.5,5.966061800621088,0.4660618006210884,11.863947580431631,110.0,5,0.0,-100.0
2025-09-10,Merrill Kelly,over,4.5,5.951523271673337,1.451523271673337,7.251212644854682,-126.0,6,1.0,79.36507936507935
2025-09-10,Jason Alexander,over,3.5,4.095763795357184,0.5957637953571844,20.24912702751125,122.0,3,0.0,-100.0
2025-09-10,Jameson Taillon,over,3.5,4.113369186503276,0.6133691865032764,16.175259719940637,114.0,2,0.0,-100.0
2025-09-11,Tyler Holton,over,1.5,1.9095537471243604,0.4095537471243604,40.11926752829192,165.0,2,1.0,165.0
2025-09-11,Ryan Weathers,under,4.5,3.7483991224175,0.7516008775824998,12.123698877991728,103.0,4,1.0,103.00000000000004
2025-09-11,Kevin Gausman,over,5.5,5.85556104193493,0.35556104193493,9.721423966830557,109.0,9,1.0,109.0
2025-09-12,Tanner Bibee,over,5.5,6.108293694503526,0.6082936945035264,17.18555365719112,116.0,10,1.0,116.0
2025-09-12,Lucas Giolito,over,5.5,5.847043914116259,0.3470439141162593,9.596982442978751,109.0,6,1.0,109.0
2025-09-12,Sandy Alcantara,over,5.5,6.250328910400498,0.7503289104004978,18.733100975356088,115.0,8,1.0,115.0
2025-09-13,Ryan Bergert,over,4.5,5.062547847487779,0.562547847487779,20.27977566098893,123.0,5,1.0,123.0
2025-09-13,Max Fried,over,5.5,6.179339256723409,0.6793392567234093,7.375180949474503,-104.0,6,1.0,96.15384615384616
2025-09-13,Joe Ryan,under,5.5,5.2505136288473215,0.2494863711526784,13.344129223333612,119.0,4,1.0,119.0
2025-09-14,Kyle Hendricks,over,3.5,4.319091115554435,0.8190911155544347,7.738379562977271,-107.0,6,1.0,93.45794392523364
2025-09-14,Cade Cavalli,under,4.5,4.422733909898744,0.077266090101256,11.702807195216758,121.0,2,1.0,121.0
2025-09-14,Nolan McLean,over,5.5,5.760733900400775,0.2607339004007754,11.961927597230382,116.0,7,1.0,116.0
2025-09-14,Nabil Crismatt,over,3.5,3.51989161988535,0.01989161988535,13.31669683503871,126.0,4,1.0,125.99999999999996
2025-09-14,Luis Morales,over,5.5,5.864692138595953,0.3646921385959532,13.534130624292809,116.0,2,0.0,-100.0
2025-09-15,Matthew Liberatore,over,3.5,4.555484474356898,1.0554844743568976,8.398253185938687,-112.0,6,1.0,89.28571428571428
2025-09-15,Mitchell Parker,over,3.5,4.106312812950087,0.6063128129500868,16.61370712081802,115.0,1,0.0,-100.0
2025-09-15,Joe Boyle,over,4.5,4.7131048156008015,0.2131048156008015,19.47968632122692,132.0,5,1.0,132.00000000000003
2025-09-15,Jameson Taillon,over,4.5,5.004592930608338,0.5045929306083377,13.496384166318444,112.0,3,0.0,-100.0
2025-09-15,Kyle Bradish,over,5.5,6.678297522149293,1.1782975221492933,30.070938953986413,124.0,9,1.0,124.00000000000004
2025-09-16,Clay Holmes,over,3.5,3.644961764679601,0.1449617646796008,18.368211404625168,132.0,2,0.0,-100.0
2025-09-16,Joey Cantillo,over,5.5,5.566022243102457,0.0660222431024566,10.013855638968794,118.0,3,0.0,-100.0
2025-09-16,Michael King,over,4.5,6.119600335323998,1.619600335323998,19.2948080776442,-104.0,2,0.0,-100.0
2025-09-16,Connelly Early,under,5.5,4.261698412296101,1.2383015877038988,23.92100603049203,112.0,7,0.0,-100.0
2025-09-16,Zebby Matthews,over,5.5,6.213301166190913,0.713301166190913,11.04427910593644,102.0,2,0.0,-100.0
2025-09-16,Dean Kremer,over,4.5,5.221517294047513,0.721517294047513,12.80835937181064,105.0,4,0.0,-100.0
2025-09-16,Logan Gilbert,under,5.5,4.972375780112603,0.5276242198873966,10.61295163393996,106.0,5,1.0,106.0
2025-09-17,Matthew Boyd,over,5.5,5.775283913046396,0.2752839130463957,12.18234194358594,116.0,5,0.0,-100.0
2025-09-17,Cole Ragans,under,5.5,5.053783892010866,0.4462161079891338,8.917607490526203,105.0,4,1.0,105.0
2025-09-17,Lucas Giolito,over,5.5,6.185553209329779,0.6855532093297789,18.330872087843865,116.0,5,0.0,-100.0
2025-09-17,Johan Oviedo,over,4.5,5.4394723808079535,0.9394723808079536,7.861610995074786,-110.0,3,0.0,-100.0
2025-09-17,Taj Bradley,over,5.5,5.74469172435822,0.24469172435822,8.098271882786545,109.0,4,0.0,-100.0
2025-09-18,Hunter Greene,under,6.5,6.161360547942723,0.3386394520572766,16.283538458902324,122.0,9,0.0,-100.0
2025-09-18,Tanner Bibee,over,5.5,6.580177345019868,1.0801773450198675,18.878064276376293,107.0,8,1.0,107.00000000000004
2025-09-18,Sandy Alcantara,over,5.5,6.739465196844049,1.2394651968440489,21.598367998946166,108.0,8,1.0,108.0
2025-09-18,Colin Rea,over,4.5,5.000157319615048,0.500157319615048,19.85180539749404,124.0,11,1.0,124.00000000000004
2025-09-18,Tanner Gordon,over,3.5,4.344256759687836,0.8442567596878359,8.559385263889963,-106.0,4,1.0,94.33962264150944
2025-09-18,Luis Castillo,over,4.5,4.751596029098632,0.2515960290986321,21.14206722542385,134.0,3,0.0,-100.0
2025-09-19,Luis Severino,over,4.5,4.769638875536106,0.2696388755361063,9.502005249106949,111.0,3,0.0,-100.0
2025-09-19,Michael Lorenzen,over,3.5,4.019478127353836,0.5194781273538362,13.178696609175232,111.0,4,1.0,111.00000000000004
2025-09-19,Shota Imanaga,over,4.5,6.695199226762988,2.195199226762988,8.832987276286651,-143.0,4,0.0,-100.0
2025-09-20,Framber Valdez,over,5.5,6.697820704441421,1.1978207044414209,10.619754565455333,-111.0,4,0.0,-100.0
2025-09-20,Javier Assad,over,3.5,4.007610333368052,0.507610333368052,17.289721372272414,119.0,2,0.0,-100.0
2025-09-20,Bailey Ober,over,4.5,6.25896132040051,1.75896132040051,16.186063910146743,-113.0,1,0.0,-100.0
2025-09-20,Slade Cecconi,over,4.5,5.161410543696986,0.6614105436969862,7.644150038884989,-103.0,8,1.0,97.0873786407767
2025-09-21,Casey Mize,over,4.5,4.852935313514316,0.3529353135143163,11.257463159574922,112.0,5,1.0,112.0
2025-09-21,Mike Burrows,over,4.5,5.8338888342475705,1.3338888342475703,14.257564219315745,-107.0,3,0.0,-100.0
2025-09-21,Merrill Kelly,over,4.5,5.575750099938606,1.075750099938606,12.592322997438266,-104.0,4,0.0,-100.0
2025-09-21,Jake Irvin,over,3.5,4.301808739472433,0.8018087394724329,13.92667761341725,105.0,5,1.0,105.0
2025-09-21,Spencer Strider,over,6.5,6.951491980922675,0.4514919809226754,7.92950455786624,103.0,6,0.0,-100.0
2025-09-21,Emmet Sheehan,over,6.5,7.272900690524286,0.7729006905242857,11.309904221538558,101.0,10,1.0,100.99999999999996
2025-09-21,Andrew Abbott,over,4.5,5.770951807866222,1.270951807866222,16.742811342077424,-101.0,2,0.0,-100.0
2025-09-21,Kyle Freeland,over,4.5,5.18410566797728,0.6841056679772803,23.23904179257193,125.0,7,1.0,125.0
2025-09-21,Jameson Taillon,over,4.5,5.006416752753388,0.5064167527533883,8.703811450449084,103.0,4,0.0,-100.0
2025-09-21,Matthew Liberatore,over,3.5,3.636149611771673,0.1361496117716729,8.032608053957379,112.0,6,1.0,112.0
2025-09-23,Shane Smith,over,5.5,5.766068181761374,0.2660681817613737,13.080180500418004,118.0,8,1.0,117.99999999999996
2025-09-23,Luis Gil,over,5.5,5.707105024652453,0.2071050246524528,9.090352993499195,112.0,3,0.0,-100.0
2025-09-23,Kevin Gausman,under,5.5,5.248104456771954,0.2518955432280458,16.48748575887916,125.0,7,0.0,-100.0
2025-09-23,Lucas Giolito,over,4.5,4.591286497382004,0.0912864973820042,9.388844966827747,116.0,3,0.0,-100.0
2025-09-23,Edward Cabrera,over,4.5,5.385823470550963,0.8858234705509629,37.54331769362133,145.0,3,0.0,-100.0
2025-09-23,David Peterson,over,4.5,4.767196668865932,0.2671966688659317,12.578639184016373,117.0,1,0.0,-100.0
2025-09-23,Hurston Waldrep,over,5.5,5.5859869300454505,0.0859869300454505,11.838525572185986,121.0,5,0.0,-100.0
2025-09-23,Tarik Skubal,under,7.5,7.177154297507439,0.322845702492561,11.856655291918871,114.0,8,0.0,-100.0
2025-09-23,Brady Singer,over,5.5,6.56998634064087,1.0699863406408705,14.156489166043183,-101.0,3,0.0,-100.0
2025-09-24,Hunter Greene,under,7.5,7.415527535540588,0.0844724644594121,10.297107421033305,118.0,7,1.0,117.99999999999996
2025-09-24,Jack Flaherty,over,5.5,5.520892359125381,0.0208923591253809,11.326742193987638,122.0,6,1.0,121.99999999999996
2025-09-25,Davis Martin,over,4.5,4.98168990318939,0.4816899031893902,21.16604438289974,127.0,5,1.0,127.0
2025-09-25,Braxton Ashcraft,over,4.5,4.808956657195935,0.3089566571959352,9.561676076836225,110.0,5,1.0,110.0
2025-09-25,Framber Valdez,over,4.5,7.078029720544329,2.578029720544329,9.031315926343014,-153.0,10,1.0,65.359477124183
2025-09-26,Sandy Alcantara,over,4.5,5.746556761060387,1.2465567610603872,7.261225751416889,-120.0,3,0.0,-100.0
2025-09-26,Mitch Keller,over,4.5,4.851174942910451,0.3511749429104513,20.67554781387335,130.0,6,1.0,129.99999999999997
2025-09-26,Kyle Harrison,over,4.5,5.903908651355712,1.403908651355712,14.08626250895606,-109.0,6,1.0,91.74311926605505
2025-09-26,Brandon Sproat,over,3.5,5.058182222311258,1.5581822223112578,15.39942800625015,-110.0,2,0.0,-100.0
2025-09-26,Shane Bieber,over,6.5,7.176618666965207,0.676618666965207,13.82106100331344,108.0,3,0.0,-100.0
2025-09-26,Miles Mikolas,over,3.5,3.750858707262102,0.2508587072621018,7.671075864245125,108.0,4,1.0,108.0
2025-09-27,Joe Boyle,over,4.5,4.735857715523937,0.2358577155239372,11.5848462734795,116.0,5,1.0,116.0
2025-09-27,Michael McGreevy,over,3.5,4.11191441258841,0.6119144125884102,16.69661008114287,115.0,3,0.0,-100.0
2025-09-27,Keider Montero,over,3.5,3.722138363607405,0.2221383636074048,11.892397071911487,117.0,7,1.0,117.0
2025-09-27,Mick Abel,under,3.5,2.1853310699212525,1.3146689300787475,31.43464119345002,123.0,9,0.0,-100.0
2025-09-28,Luis Gil,over,5.5,5.941165994555163,0.4411659945551633,17.34082809281651,121.0,2,0.0,-100.0
2025-09-28,Brady Singer,over,4.5,5.46452809655839,0.9645280965583902,12.770454809046347,-101.0,5,1.0,99.009900990099
2025-09-28,Shane Smith,over,5.5,5.617597876480584,0.117597876480584,9.788945433429852,116.0,8,1.0,116.0
2025-09-28,Lance McCullers Jr.,over,3.5,4.182531966568362,0.6825319665683622,27.048163022722623,132.0,4,1.0,132.00000000000003
2025-09-28,Simeon Woods Richardson,over,4.5,4.9954745427394975,0.4954745427394975,16.570675634338418,118.0,9,1.0,117.99999999999996
2025-09-28,Johan Oviedo,over,4.5,5.093731810280718,0.5937318102807181,12.095200641736758,107.0,3,0.0,-100.0
