game_date,pitcher_name,best_side,line,strikeouts_projection,gap,edge_pct,odds_used,actual,won
2026-03-26,Tarik Skubal,under,6.5,6.2,0.2999999999999998,17.6,119.0,6.0,1.0
2026-03-26,Shane Smith,over,4.5,5.9,1.4000000000000004,11.1,-119.0,2.0,0.0
2026-03-26,Drew Rasmussen,over,4.5,4.8,0.2999999999999998,16.2,125.0,2.0,0.0
2026-03-26,Hunter Brown,under,6.5,6.4,0.0999999999999996,15.5,123.0,9.0,0.0
2026-03-26,Nathan Eovaldi,over,5.5,5.9,0.4000000000000003,14.0,117.0,7.0,1.0
2026-03-27,Sandy Alcantara,over,5.5,6.6,1.0999999999999996,14.1,-103.0,5.0,0.0
2026-03-28,Reid Detmers,under,5.5,3.1,2.4,16.8,-151.0,9.0,0.0
2026-03-28,Jeffrey Springs,over,3.5,4.1,0.5999999999999996,7.8,-103.0,2.0,0.0
2026-03-29,Luis Morales,over,3.5,4.6,1.0999999999999996,7.8,-122.0,5.0,1.0
2026-03-29,Brandon Sproat,over,4.5,5.7,1.2000000000000002,14.9,-105.0,3.0,0.0
2026-03-29,Eric Lauer,under,4.5,3.1,1.4,31.3,104.0,9.0,0.0
2026-03-29,Jose Quintana,over,3.5,4.1,0.5999999999999996,16.8,114.0,2.0,0.0
2026-03-29,Seth Lugo,over,4.5,4.8,0.2999999999999998,10.8,113.0,3.0,0.0
2026-03-29,Steven Matz,under,3.5,2.5,1.0,24.9,102.0,2.0,1.0
2026-03-29,Anthony Kay,under,3.5,2.5,1.0,19.2,-109.0,5.0,0.0
2026-03-30,Chase Burns,under,6.5,4.6,1.9000000000000004,47.3,124.0,7.0,0.0
2026-03-30,Kyle Harrison,under,4.5,3.8,0.7000000000000002,26.1,117.0,8.0,0.0
2026-03-30,Kyle Leahy,under,3.5,1.8,1.7,25.1,-125.0,1.0,1.0
2026-03-30,Nick Martinez,under,3.5,3.2,0.2999999999999998,18.2,117.0,3.0,1.0
2026-03-30,Jacob Lopez,under,5.5,4.2,1.2999999999999998,12.3,-125.0,0.0,1.0
2026-03-30,Edward Cabrera,under,6.5,5.6,0.9000000000000004,21.9,109.0,5.0,1.0
2026-03-30,Kris Bubic,under,4.5,4.3,0.2000000000000001,12.5,111.0,4.0,1.0
2026-03-31,Jacob deGrom,over,6.5,6.9,0.4000000000000003,23.0,136.0,7.0,1.0
2026-03-31,Andre Pallante,over,3.5,4.0,0.5,17.9,118.0,3.0,0.0
2026-03-31,Brandon Williamson,over,4.5,4.7,0.2000000000000001,12.7,122.0,3.0,0.0
2026-03-31,Shane McClanahan,over,5.5,5.8,0.2999999999999998,12.6,117.0,4.0,0.0
2026-03-31,Brandon Woodruff,over,5.5,6.8,1.2999999999999998,8.7,-118.0,6.0,1.0
2026-04-01,Tarik Skubal,under,6.5,5.4,1.0999999999999996,28.7,115.0,3.0,1.0
2026-04-01,Chris Sale,under,8.5,7.3,1.2000000000000002,7.0,-122.0,3.0,1.0
2026-04-01,Jacob Misiorowski,under,6.5,5.4,1.0999999999999996,8.9,-122.0,7.0,0.0
2026-04-01,Kyle Freeland,over,3.5,4.0,0.5,9.5,104.0,6.0,1.0
2026-04-01,Sandy Alcantara,over,5.5,6.6,1.0999999999999996,22.6,113.0,7.0,1.0
2026-04-01,George Kirby,under,6.5,6.3,0.2000000000000001,15.2,120.0,6.0,1.0
2026-04-02,Taj Bradley,over,4.5,5.0,0.5,22.6,130.0,3.0,0.0
2026-04-03,MacKenzie Gore,under,6.5,5.1,1.4000000000000004,30.6,111.0,9.0,0.0
2026-04-03,Emmet Sheehan,under,6.5,4.2,2.3,16.4,-140.0,2.0,1.0
2026-04-03,Framber Valdez,under,5.5,5.1,0.4000000000000003,11.3,104.0,5.0,1.0
2026-04-03,Dylan Cease,under,7.5,6.6,0.9000000000000004,8.0,-115.0,6.0,1.0
2026-04-04,Tyler Glasnow,under,6.5,4.6,1.9000000000000004,10.3,-145.0,9.0,0.0
2026-04-04,Dustin May,under,4.5,4.0,0.5,8.3,-105.0,4.0,1.0
2026-04-04,Ryan Weathers,under,5.5,4.4,1.0999999999999996,14.4,-113.0,4.0,1.0
2026-04-04,Mick Abel,under,4.5,3.3,1.2000000000000002,13.5,-122.0,3.0,1.0
2026-04-04,Max Meyer,under,5.5,4.4,1.0999999999999996,10.9,-119.0,6.0,0.0
2026-04-04,Michael Soroka,under,4.5,3.3,1.2000000000000002,37.7,121.0,3.0,1.0
2026-04-04,Jake Irvin,under,3.5,3.4,0.1,11.2,111.0,4.0,0.0
2026-04-05,Keider Montero,over,3.5,4.3,0.7999999999999998,32.6,133.0,3.0,0.0
2026-04-05,Max Fried,under,5.5,5.3,0.2000000000000001,17.3,122.0,4.0,1.0
2026-04-05,Edward Cabrera,over,5.5,6.1,0.5999999999999996,8.0,101.0,4.0,0.0
2026-04-05,Jacob Lopez,under,5.5,4.1,1.4000000000000004,10.7,-133.0,6.0,0.0
2026-04-05,Chase Burns,under,6.5,4.6,1.9000000000000004,33.1,103.0,9.0,0.0
2026-04-05,Nick Martinez,over,4.5,4.7,0.2000000000000001,17.1,132.0,4.0,0.0
2026-04-05,Kyle Harrison,under,4.5,4.2,0.2999999999999998,17.1,116.0,6.0,0.0
2026-04-05,Taijuan Walker,over,3.5,4.5,1.0,10.1,-111.0,4.0,1.0
2026-04-05,Lance McCullers Jr.,under,5.5,4.8,0.7000000000000002,23.2,116.0,4.0,1.0
2026-04-05,Kyle Leahy,under,3.5,2.8,0.7000000000000002,25.7,113.0,4.0,0.0
2026-04-06,Bubba Chandler,under,4.5,3.9,0.6000000000000001,26.9,123.0,4.0,1.0
2026-04-06,Janson Junk,under,4.5,3.7,0.7999999999999998,7.5,-120.0,3.0,1.0
2026-04-06,Joe Ryan,under,6.5,4.6,1.9000000000000004,18.6,-124.0,7.0,0.0
2026-04-06,Casey Mize,under,4.5,4.2,0.2999999999999998,21.1,123.0,4.0,1.0
2026-04-06,Tanner Bibee,under,4.5,4.0,0.5,23.2,119.0,3.0,1.0
2026-04-06,Jameson Taillon,under,3.5,3.2,0.2999999999999998,16.1,113.0,4.0,0.0
2026-04-07,Paul Skenes,under,6.5,5.7,0.7999999999999998,10.6,-109.0,6.0,1.0
2026-04-07,Freddy Peralta,under,5.5,5.4,0.0999999999999996,13.9,118.0,5.0,1.0
2026-04-07,Tarik Skubal,under,7.5,6.8,0.7000000000000002,20.7,115.0,7.0,1.0
2026-04-08,Michael King,under,5.5,4.8,0.7000000000000002,15.2,103.0,4.0,1.0
2026-04-08,MacKenzie Gore,under,5.5,4.8,0.7000000000000002,27.7,125.0,9.0,0.0
2026-04-08,Reid Detmers,under,5.5,5.1,0.4000000000000003,12.2,106.0,4.0,1.0
2026-04-08,Cole Ragans,under,6.5,4.9,1.5999999999999996,34.9,112.0,2.0,1.0
2026-04-08,Colin Rea,over,3.5,3.9,0.3999999999999999,8.4,107.0,2.0,0.0
2026-04-08,Sean Burke,under,5.5,4.8,0.7000000000000002,20.2,109.0,3.0,1.0
2026-04-09,Anthony Kay,over,3.5,4.8,1.2999999999999998,42.3,136.0,6.0,1.0
2026-04-09,Max Meyer,under,5.5,5.0,0.5,20.7,119.0,4.0,1.0
2026-04-10,Shota Imanaga,under,5.5,5.4,0.0999999999999996,9.9,112.0,9.0,0.0
2026-04-10,Kris Bubic,under,5.5,4.6,0.9000000000000004,26.4,116.0,11.0,0.0
2026-04-10,Shane Baz,under,5.5,4.5,1.0,8.5,-124.0,4.0,1.0
2026-04-10,Clay Holmes,under,4.5,4.1,0.4000000000000003,20.5,121.0,3.0,1.0
2026-04-10,Landen Roupp,under,5.5,4.4,1.0999999999999996,28.9,114.0,4.0,1.0
2026-04-11,Jacob Lopez,under,4.5,4.3,0.2000000000000001,14.6,116.0,5.0,0.0
2026-04-11,Eric Lauer,under,4.5,3.8,0.7000000000000002,8.5,-116.0,3.0,1.0
2026-04-11,Kodai Senga,under,6.5,5.2,1.2999999999999998,9.1,-127.0,3.0,1.0
2026-04-11,Braxton Ashcraft,under,4.5,4.1,0.4000000000000003,13.0,104.0,9.0,0.0
2026-04-11,Chris Bassitt,under,4.5,3.4,1.1,21.1,-104.0,2.0,1.0
2026-04-11,Kyle Harrison,under,5.5,4.5,1.0,25.7,110.0,1.0,1.0
2026-04-12,Nick Pivetta,under,7.5,5.4,2.1,11.2,-144.0,4.0,1.0
2026-04-12,Tarik Skubal,under,7.5,4.9,2.6,40.6,105.0,7.0,1.0
2026-04-12,Chris Sale,under,6.5,5.7,0.7999999999999998,24.0,115.0,6.0,1.0
2026-04-12,Drew Rasmussen,under,4.5,4.2,0.2999999999999998,16.5,116.0,7.0,0.0
2026-04-12,Freddy Peralta,under,6.5,5.8,0.7000000000000002,14.6,104.0,6.0,1.0
2026-04-12,Cade Povich,under,5.5,4.0,1.5,9.3,-142.0,5.0,1.0
2026-04-13,Will Warren,under,5.5,4.9,0.5999999999999996,17.7,109.0,6.0,0.0
2026-04-13,Paul Skenes,under,6.5,4.4,2.1,39.5,109.0,6.0,1.0
2026-04-13,Garrett Crochet,under,7.5,6.5,1.0,14.0,-104.0,0.0,1.0
2026-04-14,Cole Ragans,under,6.5,4.9,1.5999999999999996,34.5,113.0,1.0,1.0
2026-04-14,Reid Detmers,under,5.5,5.1,0.4000000000000003,13.6,108.0,9.0,0.0
2026-04-14,Jacob Misiorowski,under,6.5,5.2,1.2999999999999998,24.3,103.0,5.0,1.0
2026-04-15,Dylan Cease,under,6.5,5.8,0.7000000000000002,22.1,116.0,6.0,1.0
2026-04-15,Simeon Woods Richardson,over,4.5,4.8,0.2999999999999998,7.5,110.0,3.0,0.0
2026-04-15,Chad Patrick,over,4.5,4.6,0.0999999999999996,10.8,122.0,2.0,0.0
2026-04-15,Jack Kochanowicz,over,3.5,4.1,0.5999999999999996,24.8,127.0,6.0,1.0
2026-04-15,Bryce Elder,over,4.5,5.3,0.7999999999999998,17.6,111.0,7.0,1.0
2026-04-16,Brandon Sproat,over,3.5,4.4,0.9000000000000004,22.2,114.0,6.0,1.0
2026-04-16,Kris Bubic,under,5.5,5.4,0.0999999999999996,12.5,117.0,3.0,1.0
2026-04-16,Patrick Corbin,over,4.5,4.9,0.4000000000000003,16.3,122.0,6.0,1.0
2026-04-17,Bubba Chandler,under,4.5,3.7,0.7999999999999998,16.3,-104.0,3.0,1.0
2026-04-17,Ranger Suarez,under,4.5,3.8,0.7000000000000002,17.1,103.0,4.0,1.0
2026-04-17,Tanner Bibee,under,5.5,4.9,0.5999999999999996,16.1,108.0,5.0,1.0
2026-04-17,Cam Schlittler,under,6.5,4.7,1.7999999999999998,8.9,-148.0,6.0,1.0
2026-04-18,Tarik Skubal,under,7.5,6.7,0.7999999999999998,13.1,100.0,10.0,0.0
2026-04-18,Andrew Abbott,over,4.5,4.7,0.2000000000000001,7.1,111.0,3.0,0.0
2026-04-18,Luis Severino,under,5.5,4.7,0.7999999999999998,7.4,-117.0,3.0,1.0
2026-04-18,Andre Pallante,over,3.5,3.8,0.2999999999999998,21.9,133.0,5.0,1.0
2026-04-18,Paul Skenes,under,6.5,5.0,1.5,10.9,-130.0,5.0,1.0
2026-04-18,Brandon Woodruff,over,5.5,6.0,0.5,19.0,123.0,4.0,0.0
2026-04-18,Freddy Peralta,under,5.5,5.3,0.2000000000000001,8.3,106.0,3.0,1.0
2026-04-18,Gavin Williams,under,6.5,6.0,0.5,15.3,109.0,11.0,0.0
2026-04-18,Chris Sale,under,7.5,6.8,0.7000000000000002,7.6,-110.0,7.0,1.0
2026-04-18,Adrian Houser,over,3.5,4.0,0.5,8.8,103.0,1.0,0.0
2026-04-19,Cole Ragans,under,6.5,5.4,1.0999999999999996,7.9,-124.0,6.0,1.0
2026-04-19,Shane McClanahan,over,5.5,6.2,0.7000000000000002,14.8,111.0,5.0,0.0
2026-04-19,Bailey Ober,over,5.5,5.6,0.0999999999999996,11.6,124.0,10.0,1.0
2026-04-20,Michael McGreevy,over,3.5,3.7,0.2000000000000001,16.0,129.0,3.0,0.0
2026-04-20,Jake Irvin,under,3.5,3.3,0.2000000000000001,13.1,110.0,4.0,0.0
2026-04-22,Matthew Boyd,under,4.5,4.4,0.0999999999999996,18.7,126.0,5.0,0.0
2026-04-22,Logan Gilbert,under,6.5,5.3,1.2000000000000002,20.5,100.0,3.0,1.0
2026-04-22,Peter Lambert,under,3.5,3.3,0.2000000000000001,21.5,129.0,8.0,0.0
2026-04-22,Tanner Bibee,under,4.5,4.4,0.0999999999999996,19.2,128.0,3.0,1.0
2026-04-23,Payton Tolle,under,4.5,2.6,1.9,34.1,-104.0,11.0,0.0
2026-04-24,Freddy Peralta,under,6.5,5.1,1.4000000000000004,34.6,116.0,8.0,0.0
2026-04-24,Taj Bradley,under,4.5,4.2,0.2999999999999998,14.8,114.0,3.0,1.0
2026-04-24,Paul Skenes,under,6.5,5.1,1.4000000000000004,11.0,-125.0,7.0,0.0
2026-04-24,Yusei Kikuchi,under,4.5,4.2,0.2999999999999998,15.8,114.0,5.0,0.0
2026-04-24,Framber Valdez,under,5.5,4.8,0.7000000000000002,10.9,-106.0,4.0,1.0
2026-04-25,Zack Wheeler,over,5.5,6.6,1.0999999999999996,23.0,114.0,6.0,1.0
2026-04-25,Kevin Gausman,over,5.5,6.1,0.5999999999999996,8.8,103.0,3.0,0.0
2026-04-25,Cole Ragans,under,6.5,5.6,0.9000000000000004,7.9,-118.0,11.0,0.0
2026-04-25,MacKenzie Gore,under,6.5,5.6,0.9000000000000004,16.5,101.0,7.0,0.0
2026-04-25,Bryan Woo,over,5.5,6.0,0.5,15.5,118.0,1.0,0.0
2026-04-25,Zac Gallen,over,3.5,4.9,1.4000000000000004,33.9,119.0,3.0,0.0
2026-04-25,Garrett Crochet,under,7.5,6.0,1.5,20.0,-107.0,7.0,1.0
2026-04-25,Robbie Ray,under,5.5,5.2,0.2999999999999998,14.7,115.0,4.0,1.0
2026-04-25,Jacob Misiorowski,under,7.5,6.3,1.2000000000000002,11.1,-117.0,9.0,0.0
2026-04-26,Michael King,over,3.5,5.0,1.5,17.5,-113.0,8.0,1.0
2026-04-26,Luis Gil,over,4.5,4.6,0.0999999999999996,11.4,125.0,0.0,0.0
2026-04-26,Ryne Nelson,over,3.5,4.5,1.0,30.0,122.0,4.0,1.0
2026-04-26,Jose Quintana,over,3.5,3.6,0.1,20.4,140.0,5.0,1.0
2026-04-26,Kumar Rocker,under,4.5,4.2,0.2999999999999998,8.5,102.0,3.0,1.0
2026-04-27,Dylan Cease,under,7.5,6.0,1.5,17.8,-110.0,5.0,1.0
2026-04-27,Connor Prielipp,under,4.5,4.3,0.2000000000000001,10.5,110.0,5.0,0.0
2026-04-29,Eduardo Rodriguez,over,4.5,5.2,0.7000000000000002,16.2,111.0,4.0,0.0
2026-04-29,Matt Waldron,over,3.5,4.4,0.9000000000000004,8.0,-114.0,1.0,0.0
2026-04-30,Paul Skenes,under,6.5,6.1,0.4000000000000003,9.2,102.0,9.0,0.0
2026-05-01,Brady Singer,over,4.5,5.2,0.7000000000000002,9.6,-101.0,1.0,0.0
2026-05-02,Max Meyer,under,4.5,4.3,0.2000000000000001,19.6,127.0,7.0,0.0
2026-05-02,Griffin Jax,under,2.5,1.5,1.0,29.8,101.0,2.0,1.0
2026-05-02,Landen Roupp,under,4.5,4.1,0.4000000000000003,15.0,110.0,6.0,0.0
2026-05-03,Dustin May,over,4.5,5.0,0.5,12.5,111.0,3.0,0.0
2026-05-03,Spencer Strider,over,5.5,6.7,1.2000000000000002,18.4,104.0,6.0,1.0
2026-05-03,Anthony Kay,over,3.5,3.8,0.2999999999999998,7.2,108.0,5.0,1.0
2026-05-04,Edward Cabrera,under,5.5,5.0,0.5,7.9,-106.0,8.0,0.0
2026-05-04,Nick Martinez,under,3.5,3.1,0.3999999999999999,14.8,107.0,4.0,0.0
2026-05-04,Kyle Leahy,under,3.5,3.2,0.2999999999999998,11.0,104.0,5.0,0.0
2026-05-05,Cade Cavalli,under,4.5,4.2,0.2999999999999998,22.0,127.0,2.0,1.0
2026-05-05,Drew Rasmussen,under,4.5,4.0,0.5,10.2,-102.0,5.0,0.0
2026-05-06,Miles Mikolas,over,3.5,3.6,0.1,7.2,116.0,3.0,0.0
2026-05-06,Zack Wheeler,under,6.5,6.0,0.5,7.5,-106.0,4.0,1.0
2026-05-06,Sonny Gray,over,4.5,5.0,0.5,14.6,116.0,2.0,0.0
2026-05-06,Colin Rea,under,4.5,4.4,0.0999999999999996,9.3,108.0,5.0,0.0
2026-05-07,Andrew Painter,under,4.5,3.6,0.8999999999999999,12.4,-115.0,2.0,1.0
2026-05-07,Cade Povich,under,4.5,4.1,0.4000000000000003,7.4,-104.0,1.0,1.0
2026-05-07,MacKenzie Gore,under,5.5,4.1,1.4000000000000004,29.9,106.0,3.0,1.0
2026-05-07,Seth Lugo,under,4.5,3.3,1.2000000000000002,14.9,-119.0,5.0,0.0
2026-05-07,Jake Irvin,under,4.5,3.6,0.8999999999999999,19.2,100.0,2.0,1.0
2026-05-08,Emerson Hancock,over,5.5,5.6,0.0999999999999996,11.0,123.0,4.0,0.0
2026-05-08,Foster Griffin,over,4.5,5.1,0.5999999999999996,8.8,100.0,9.0,1.0
2026-05-08,Keider Montero,over,3.5,4.7,1.2000000000000002,9.4,-121.0,4.0,1.0
2026-05-08,Mike Burrows,over,5.5,5.9,0.4000000000000003,18.3,126.0,6.0,1.0
2026-05-08,Jacob Lopez,over,4.5,6.1,1.5999999999999996,9.4,-128.0,5.0,1.0
2026-05-08,Nick Lodolo,over,5.5,7.0,1.5,17.2,-105.0,2.0,0.0
2026-05-08,Jacob Misiorowski,under,7.5,7.1,0.4000000000000003,9.2,103.0,11.0,0.0
2026-05-09,Luis Castillo,over,4.5,5.9,1.4000000000000004,8.5,-125.0,6.0,1.0
2026-05-09,Joe Ryan,under,4.5,4.4,0.0999999999999996,12.4,116.0,5.0,0.0
2026-05-09,Jack Leiter,over,5.5,5.8,0.2999999999999998,9.6,113.0,6.0,1.0
2026-05-09,Edward Cabrera,over,5.5,6.4,0.9000000000000004,25.2,122.0,6.0,1.0
2026-05-09,Dustin May,over,4.5,4.8,0.2999999999999998,11.3,117.0,7.0,1.0
2026-05-09,Spencer Arrighetti,over,5.5,6.2,0.7000000000000002,8.1,-102.0,5.0,0.0
2026-05-09,Cam Schlittler,over,5.5,6.1,0.5999999999999996,8.1,100.0,6.0,1.0
2026-05-09,Jack Kochanowicz,over,3.5,4.4,0.9000000000000004,23.2,114.0,0.0,0.0
2026-05-10,Payton Tolle,under,5.5,4.3,1.2000000000000002,12.4,-122.0,4.0,1.0
2026-05-11,Brandon Young,over,4.5,5.0,0.5,20.4,127.0,5.0,1.0
2026-05-12,Bailey Ober,over,4.5,4.7,0.2000000000000001,13.5,122.0,7.0,1.0
2026-05-12,Paul Skenes,under,7.5,6.4,1.0999999999999996,12.7,-109.0,10.0,0.0
2026-05-12,Jack Flaherty,under,5.5,4.8,0.7000000000000002,7.6,-113.0,2.0,1.0
2026-05-12,Grant Holmes,over,4.5,4.6,0.0999999999999996,7.0,114.0,5.0,1.0
2026-05-13,Jacob Misiorowski,under,7.5,6.9,0.5999999999999996,22.1,122.0,10.0,0.0
2026-05-13,Griffin Jax,under,3.5,2.3,1.2000000000000002,40.6,119.0,1.0,1.0
2026-05-13,Simeon Woods Richardson,over,3.5,4.7,1.2000000000000002,13.6,-113.0,1.0,0.0
2026-05-14,Kyle Harrison,under,5.5,5.3,0.2000000000000001,8.9,106.0,7.0,0.0
2026-05-14,Ben Brown,under,3.5,3.1,0.3999999999999999,7.5,-106.0,7.0,0.0
2026-05-14,Anthony Kay,over,3.5,3.9,0.3999999999999999,7.5,104.0,4.0,1.0
2026-05-14,Chase Burns,under,6.5,6.2,0.2999999999999998,15.7,117.0,7.0,0.0
2026-05-15,Braxton Ashcraft,under,5.5,5.0,0.5,7.0,-106.0,5.0,1.0
2026-05-15,Zack Littell,over,3.5,4.5,1.0,28.2,121.0,3.0,0.0
2026-05-16,Jameson Taillon,under,4.5,4.4,0.0999999999999996,16.1,121.0,2.0,1.0
2026-05-16,Connor Prielipp,under,4.5,3.9,0.6000000000000001,7.3,-114.0,8.0,0.0
2026-05-17,Jeffrey Springs,under,4.5,4.2,0.2999999999999998,9.8,104.0,3.0,1.0
2026-05-17,Colin Rea,under,4.5,4.2,0.2999999999999998,7.7,100.0,4.0,1.0
2026-05-18,Framber Valdez,under,4.5,4.1,0.4000000000000003,9.7,101.0,3.0,1.0
2026-05-18,JR Ritchie,over,4.5,4.6,0.0999999999999996,9.4,118.0,4.0,0.0
2026-05-19,Braxton Garrett,over,4.5,4.6,0.0999999999999996,7.1,117.0,2.0,0.0
2026-05-19,Will Warren,over,5.5,6.0,0.5,16.9,119.0,3.0,0.0
2026-05-19,Zebby Matthews,over,5.5,5.8,0.2999999999999998,15.9,124.0,6.0,1.0
2026-05-19,Ranger Suarez,over,4.5,5.2,0.7000000000000002,13.1,106.0,3.0,0.0
2026-05-19,Mitch Keller,over,4.5,5.2,0.7000000000000002,19.4,116.0,3.0,0.0
2026-05-20,Trey Yesavage,under,5.5,4.9,0.5999999999999996,22.4,118.0,8.0,0.0
2026-05-20,Chris Sale,under,7.5,6.7,0.7999999999999998,7.1,-114.0,8.0,0.0
2026-05-20,Andrew Abbott,over,4.5,4.7,0.2000000000000001,8.7,115.0,3.0,0.0
2026-05-22,Spencer Arrighetti,over,5.5,6.1,0.5999999999999996,20.0,124.0,5.0,0.0
2026-05-22,Kevin Gausman,over,6.5,6.7,0.2000000000000001,10.5,120.0,8.0,1.0
2026-05-22,Logan Henderson,over,5.5,6.2,0.7000000000000002,13.9,108.0,7.0,1.0
2026-05-23,Paul Skenes,under,6.5,6.2,0.2999999999999998,8.2,103.0,2.0,1.0
2026-05-23,Taj Bradley,over,4.5,5.6,1.0999999999999996,21.1,108.0,7.0,1.0
2026-05-23,Max Meyer,under,5.5,4.9,0.5999999999999996,14.3,104.0,8.0,0.0
2026-05-23,Roki Sasaki,under,4.5,4.0,0.5,27.5,127.0,4.0,1.0
2026-05-23,Robert Gasser,under,3.5,2.8,0.7000000000000002,26.9,115.0,4.0,0.0
2026-05-24,Reid Detmers,under,6.5,5.3,1.2000000000000002,19.1,-104.0,14.0,0.0
2026-05-24,Ryne Nelson,under,4.5,4.0,0.5,24.9,125.0,3.0,1.0
2026-05-24,Seth Lugo,under,4.5,4.1,0.4000000000000003,20.7,118.0,3.0,1.0
2026-05-24,Foster Griffin,over,4.5,4.9,0.4000000000000003,9.1,107.0,6.0,1.0
2026-05-24,Ryan Weathers,under,5.5,4.8,0.7000000000000002,11.8,-106.0,4.0,1.0
2026-05-24,Peter Lambert,under,4.5,4.1,0.4000000000000003,8.4,-104.0,5.0,0.0
2026-05-24,Parker Messick,under,5.5,5.3,0.2000000000000001,14.6,117.0,6.0,0.0
2026-05-24,Jose Quintana,over,2.5,3.1,0.6000000000000001,7.9,-107.0,0.0,0.0
2026-05-25,Trey Yesavage,under,5.5,4.9,0.5999999999999996,23.2,120.0,6.0,0.0
2026-05-25,Jacob Misiorowski,under,8.5,6.0,2.5,22.1,-121.0,12.0,0.0
2026-05-25,Anthony Kay,over,4.5,5.2,0.7000000000000002,16.0,112.0,5.0,1.0
2026-05-25,Tanner Bibee,over,5.5,5.6,0.0999999999999996,7.0,114.0,3.0,0.0
2026-05-25,Zebby Matthews,over,5.5,5.6,0.0999999999999996,8.0,118.0,6.0,1.0
2026-05-25,Ben Brown,over,5.5,5.9,0.4000000000000003,13.2,115.0,7.0,1.0
2026-05-25,Nick Lodolo,over,4.5,7.0,2.5,13.1,-144.0,7.0,1.0
2026-05-26,Braxton Ashcraft,under,5.5,5.1,0.4000000000000003,12.3,106.0,5.0,1.0
2026-05-26,Sandy Alcantara,over,4.5,5.3,0.7999999999999998,27.3,127.0,4.0,0.0
2026-05-26,Kyle Harrison,under,6.5,4.9,1.5999999999999996,11.3,-133.0,2.0,1.0
2026-05-26,Jack Kochanowicz,over,3.5,4.6,1.0999999999999996,10.5,-115.0,4.0,1.0
2026-05-26,Cade Cavalli,under,4.5,4.4,0.0999999999999996,13.1,118.0,7.0,0.0
2026-05-26,Jordan Wicks,under,3.5,2.8,0.7000000000000002,34.7,130.0,5.0,0.0
2026-05-27,Logan Gilbert,under,5.5,5.0,0.5,19.7,115.0,6.0,0.0
2026-05-27,Jeffrey Springs,under,4.5,4.0,0.5,9.0,-106.0,7.0,0.0
2026-05-27,Gavin Williams,under,6.5,5.3,1.2000000000000002,16.4,-108.0,4.0,1.0
2026-05-28,Chris Sale,under,7.5,7.0,0.5,9.9,102.0,8.0,0.0
2026-05-28,Colin Rea,over,4.5,5.0,0.5,9.2,105.0,5.0,1.0
2026-05-28,Jack Flaherty,over,6.5,6.7,0.2000000000000001,8.1,112.0,9.0,1.0
2026-05-28,Grayson Rodriguez,over,5.5,6.6,1.0999999999999996,20.0,108.0,5.0,0.0
2026-05-29,Lucas Giolito,under,3.5,3.3,0.2000000000000001,18.0,119.0,1.0,1.0
2026-05-29,Trevor Rogers,under,4.5,3.3,1.2000000000000002,8.2,-139.0,3.0,1.0
2026-05-29,Slade Cecconi,under,4.5,3.3,1.2000000000000002,8.4,-138.0,3.0,1.0
2026-05-29,Freddy Peralta,under,5.5,4.5,1.0,10.2,-118.0,5.0,1.0
2026-05-29,Grant Holmes,under,5.5,4.5,1.0,8.7,-122.0,5.0,1.0
2026-05-29,Andre Pallante,under,3.5,3.2,0.2999999999999998,10.8,103.0,3.0,1.0
2026-05-29,Taj Bradley,under,5.5,5.0,0.5,12.7,102.0,6.0,0.0
2026-05-29,Max Meyer,under,5.5,4.3,1.2000000000000002,36.4,122.0,6.0,0.0
2026-05-30,Foster Griffin,under,4.5,4.3,0.2000000000000001,19.4,125.0,5.0,0.0
2026-05-30,Ben Brown,under,4.5,4.2,0.2999999999999998,17.5,117.0,6.0,0.0
2026-05-30,Framber Valdez,under,5.5,3.9,1.6,10.6,-141.0,4.0,1.0
2026-05-30,Sonny Gray,under,4.5,4.4,0.0999999999999996,11.6,115.0,7.0,0.0
2026-05-30,Parker Messick,under,6.5,4.3,2.2,19.7,-130.0,4.0,1.0
2026-05-30,Tyler Phillips,under,3.5,3.1,0.3999999999999999,8.1,-106.0,2.0,1.0
2026-05-30,Brandon Sproat,under,4.5,4.2,0.2999999999999998,13.6,110.0,4.0,1.0
2026-05-30,Christian Scott,under,5.5,4.0,1.5,10.4,-139.0,8.0,0.0
2026-05-30,Reid Detmers,under,5.5,4.7,0.7999999999999998,13.2,-104.0,7.0,0.0
2026-05-30,Brandon Young,under,3.5,3.2,0.2999999999999998,12.8,106.0,7.0,0.0
2026-05-31,Jacob Misiorowski,under,8.5,6.6,1.9000000000000004,22.3,-109.0,8.0,1.0
2026-06-01,Landen Roupp,under,5.5,4.8,0.7000000000000002,13.4,100.0,4.0,1.0
2026-06-01,Shane Drohan,over,2.5,3.2,0.7000000000000002,7.5,-175.0,4.0,1.0
2026-06-01,Joe Ryan,under,5.5,4.8,0.7000000000000002,30.6,130.0,9.0,0.0
2026-06-01,Griffin Jax,under,4.5,4.0,0.5,21.2,117.0,5.0,0.0
2026-06-02,Bryce Elder,over,4.5,4.6,0.0999999999999996,10.3,123.0,6.0,1.0
2026-06-02,Shane Baz,over,5.5,5.7,0.2000000000000001,14.3,124.0,6.0,1.0
2026-06-02,Noah Cameron,over,5.5,5.7,0.2000000000000001,10.6,120.0,8.0,1.0
2026-06-02,Trevor McDonald,over,4.5,5.9,1.4000000000000004,14.9,-110.0,4.0,0.0
2026-06-02,Andrew Abbott,over,4.5,4.6,0.0999999999999996,11.6,124.0,5.0,1.0
2026-06-02,Jameson Taillon,over,4.5,5.3,0.7999999999999998,7.5,-115.0,6.0,1.0
2026-06-02,Eric Lauer,under,3.5,2.7,0.7999999999999998,7.5,-160.0,2.0,1.0
2026-06-02,Kevin Gausman,over,5.5,6.0,0.5,9.4,105.0,8.0,1.0
2026-06-02,Davis Martin,under,5.5,4.4,1.0999999999999996,7.8,-135.0,3.0,1.0
2026-06-02,Kyle Harrison,over,6.5,7.4,0.9000000000000004,8.1,110.0,8.0,1.0
2026-06-03,Chris Bassitt,over,4.5,4.6,0.0999999999999996,9.2,120.0,1.0,0.0
2026-06-03,Chase Burns,under,6.5,6.0,0.5,13.1,105.0,9.0,0.0
2026-06-03,Logan Webb,over,5.5,6.2,0.7000000000000002,7.6,110.0,4.0,0.0
2026-06-04,Shota Imanaga,over,6.5,7.2,0.7000000000000002,7.8,110.0,5.0,0.0
2026-06-04,Trevor Rogers,over,4.5,5.1,0.5999999999999996,7.5,115.0,3.0,0.0
2026-06-04,Chris Sale,under,7.5,5.7,1.7999999999999998,8.7,-143.0,6.0,1.0
2026-06-04,Seth Lugo,under,4.5,4.3,0.2000000000000001,8.9,105.0,4.0,1.0
2026-06-05,Parker Messick,under,5.5,4.94,0.5599999999999996,18.3,158.0,,1.0
2026-06-05,Zebby Matthews,under,5.5,4.95,0.5499999999999998,12.3,-128.0,,1.0
2026-06-05,Trey Yesavage,under,6.5,4.89,1.6100000000000003,14.2,-133.0,,1.0
2026-06-05,Trey Yesavage,under,5.5,4.89,0.6100000000000003,15.6,120.0,,1.0
2026-06-06,Nolan McLean,under,5.5,4.6,0.9000000000000004,13.5,125.0,5.0,1.0
2026-06-06,Tatsuya Imai,over,4.5,5.4,0.9000000000000004,14.1,-142.0,8.0,1.0
2026-06-06,Jacob Misiorowski,under,8.5,6.8,1.7000000000000002,16.4,-137.0,8.0,1.0
2026-06-07,Trevor McDonald,under,4.5,3.8,0.7000000000000002,9.8,-130.0,6.0,0.0
2026-06-07,Luis Castillo,under,4.5,3.7,0.7999999999999998,11.2,-145.0,5.0,0.0
2026-06-07,Griffin Jax,under,4.5,3.47,1.0299999999999998,13.8,-106.0,4.0,1.0
2026-06-07,Mike Burrows,over,5.5,6.2,0.7000000000000002,9.4,142.0,3.0,0.0
2026-06-07,Kevin Gausman,over,6.5,7.2,0.7000000000000002,8.6,148.0,5.0,0.0
2026-06-07,Cam Schlittler,under,6.5,5.3,1.2000000000000002,15.1,-144.0,5.0,1.0
2026-06-08,Gavin Williams,under,6.5,5.27,1.2300000000000004,17.2,126.0,5.0,1.0
2026-06-08,Patrick Corbin,over,4.5,5.1,0.5999999999999996,9.7,148.0,3.0,0.0
2026-06-08,Logan Webb,over,6.5,7.4,0.9000000000000004,13.7,148.0,,1.0
2026-06-08,Kyle Harrison,under,6.5,4.93,1.5700000000000005,16.7,133.0,,1.0
2026-06-08,Andrew Abbott,under,4.5,3.6,0.8999999999999999,12.5,-188.0,,0.0
2026-06-09,Eric Lauer,over,4.5,4.749035660423278,0.249,16.0817,130.0,5.0,1
2026-06-09,Nathan Eovaldi,over,5.5,5.691603255531575,0.1916,13.0369,125.0,3.0,0
2026-06-09,Trevor Rogers,under,4.5,4.358195985375114,-0.1418,13.2052,122.0,3.0,1
2026-06-09,Tomoyuki Sugano,over,3.5,3.787668769548594,0.2877,19.1044,135.0,3.0,0
2026-06-09,Zac Gallen,over,4.5,4.7441388243680205,0.2441,8.9773,116.0,3.0,0
2026-06-09,Chase Burns,under,6.5,6.401268000431931,-0.0987,8.973,115.0,7.0,0
2026-06-09,Dylan Cease,under,6.5,5.966378769107853,-0.5336,9.8768,111.0,11.0,0
2026-06-09,J.T. Ginn,over,4.5,4.777975515668123,0.278,11.266,120.0,5.0,1
2026-06-10,Ryne Nelson,over,4.5,4.505243233216035,0.0052,7.0624,116.0,2.0,0
2026-06-10,Brady Singer,over,4.5,4.680655447194937,0.1807,8.475,116.0,5.0,1
2026-06-10,Shota Imanaga,over,5.5,5.520803538630247,0.0208,10.251,122.0,7.0,1
2026-06-11,Martín Pérez,over,4.5,4.57858215446465,0.0786,9.6508,120.0,,
2026-06-11,Mitch Keller,over,4.5,4.86763171974656,0.3676,12.993,122.0,3.0,0
2026-06-11,Merrill Kelly,over,4.5,4.713357523765165,0.2134,10.748,120.0,1.0,0
2026-06-12,Nolan McLean,under,5.5,5.46,-0.04,10.7,119.0,6.0,0
2026-06-12,Jacob Misiorowski,under,8.5,6.33,-2.17,8.1,-108.0,15.0,0
2026-06-12,Shane Baz,over,5.5,5.56,0.06,8.5,118.0,1.0,0
2026-06-12,Luinder Avila,over,3.5,4.46,0.96,11.7,110.0,0.0,0
2026-06-12,Sonny Gray,over,5.5,5.58,0.08,12.7,126.0,7.0,1
2026-06-12,Javier Assad,over,3.5,4.15,0.65,13.6,118.0,5.0,1
2026-06-12,Shane McClanahan,under,5.5,5.23,-0.27,19.1,132.0,7.0,0
2026-06-12,Zack Littell,over,3.5,4.12,0.62,7.1,106.0,0.0,0
2026-06-12,Anthony Kay,over,4.5,4.69,0.19,19.6,138.0,7.0,1
2026-06-13,Luinder Avila,over,3.5,4.46,0.96,11.7,110.0,0.0,0
2026-06-13,Javier Assad,over,3.5,4.15,0.65,13.6,118.0,5.0,1
2026-06-13,Shane McClanahan,under,5.5,5.23,-0.27,19.1,132.0,7.0,0
2026-06-14,Freddy Peralta,over,5.5,6.117,0.617,8.4,110.0,2.0,0
2026-06-14,Gavin Williams,under,6.5,5.889,-0.611,12.0,114.0,,
2026-06-14,Miles Mikolas,over,3.5,3.642,0.142,12.7,125.0,,
2026-06-14,Casey Mize,over,4.5,4.756,0.256,13.6,125.0,,
2026-06-14,Emerson Hancock,over,4.5,5.202,0.702,17.1,125.0,2.0,0
2026-06-14,Tomoyuki Sugano,over,3.5,3.841,0.341,17.1,130.0,2.0,0
2026-06-14,Kyle Harrison,under,6.5,5.382,-1.118,18.7,120.0,3.0,1
2026-06-14,Cristopher Sanchez,under,6.5,6.011,-0.489,15.3,122.0,,
2026-06-15,MacKenzie Gore,under,5.5,5.0232600625003005,-0.4767399374996994,9.3326,110.0,10.0,0
2026-06-15,Chase Burns,under,6.5,6.141259663634203,-0.3587403363657966,15.3894,124.0,7.0,0
2026-06-15,Shota Imanaga,under,5.5,5.115106127316874,-0.3848938726831257,8.6567,110.0,3.0,1
2026-06-15,Mitch Spence,over,3.5,4.108764213448092,0.608764213448092,19.4558,130.0,1.0,0
2026-06-15,Eric Lauer,over,4.5,4.687776479972253,0.1877764799722534,73.3492,245.0,4.0,0
2026-06-15,Walbert Ureña,over,4.5,5.052938514478838,0.5529385144788383,15.98,125.0,3.0,0
2026-06-16,Reid Detmers,over,5.5,6.042825365866702,0.5428253658667019,18.1772,130.0,3.0,0
2026-06-16,Justin Wrobleski,over,4.5,4.661182010153752,0.1611820101537517,17.3466,134.0,5.0,1
2026-06-16,Michael Wacha,over,4.5,4.827017945934577,0.3270179459345765,16.7305,130.0,3.0,0
2026-06-16,Robert Gasser,under,4.5,4.170126663523698,-0.329873336476302,16.3686,125.0,5.0,0
2026-06-16,Michael King,over,4.5,5.458345162755169,0.9583451627551688,13.6807,115.0,1.0,0
2026-06-16,Logan Gilbert,under,6.5,5.733879026846312,-0.7661209731536882,13.5636,115.0,10.0,0
2026-06-16,Adrian Houser,over,3.5,4.264589715763401,0.7645897157634014,9.2172,108.0,,
2026-06-16,Mitch Keller,over,4.5,4.753084406422246,0.2530844064222464,7.0283,112.0,7.0,1
2026-06-17,Shane McClanahan,over,4.5,5.363844199374957,0.8638441993749568,12.7344,100.0,3.0,0
2026-06-17,Casey Mize,over,4.5,4.936691496233824,0.4366914962338235,14.3155,120.0,3.0,0
2026-06-17,Aaron Civale,over,3.5,4.472696883583999,0.9726968835839988,14.5687,-105.0,2.0,0
2026-06-17,Zack Littell,over,3.5,4.276183640510386,0.7761836405103857,24.3624,120.0,2.0,0
2026-06-17,Max Scherzer,over,3.5,4.754548912373785,1.2545489123737852,20.1686,-105.0,,
2026-06-17,Nick Lodolo,over,5.5,6.113245032223233,0.613245032223233,17.0705,120.0,2.0,0
2026-06-18,Noah Cameron,over,4.5,4.8665081110708925,0.3665081110708925,15.8184,109.0,6.0,1
2026-06-18,Sonny Gray,over,4.5,5.6778817930335865,1.1778817930335863,47.7919,113.0,4.0,0
2026-06-18,Gage Jump,under,5.5,4.801153312960395,-0.6988466870396053,26.8531,-105.0,7.0,0
2026-06-18,Shane Drohan,under,5.5,4.676059498195911,-0.8239405018040893,19.8289,-128.0,3.0,1
2026-06-18,Shane Baz,under,5.5,5.093334794282336,-0.4066652057176645,16.6632,-104.0,9.0,0
2026-06-19,Randy Vásquez,over,3.5,4.074513642145151,0.5745136421451509,15.8046,-110.0,,
2026-06-19,Ben Brown,over,4.5,5.496573483792213,0.9965734837922132,21.255,-122.0,,
2026-06-19,Jacob deGrom,under,6.5,5.77148943136781,-0.7285105686321902,15.4657,-124.0,,
2026-06-19,Connor Prielipp,over,3.5,4.987279738620211,1.4872797386202112,21.5481,-167.0,,
2026-06-19,Griffin Jax,under,4.5,4.1134979774924645,-0.3865020225075355,15.2862,-110.0,,
2026-06-19,Michael McGreevy,over,3.5,4.374214811433431,0.8742148114334309,26.4535,-111.0,,
2026-06-19,Ranger Suarez,under,5.5,4.712798330780582,-0.7872016692194181,37.2002,106.0,,
2026-06-19,Jacob Misiorowski,under,8.5,6.677933684134819,-1.8220663158651809,50.4129,-102.0,,
2026-06-19,Roki Sasaki,under,5.5,4.498018007769383,-1.0019819922306166,51.4697,115.0,,
2026-06-19,Cade Cavalli,over,4.5,5.268288332508693,0.7682883325086927,23.3018,-104.0,,
2026-06-19,Martín Pérez,over,3.5,4.360063132381367,0.8600631323813666,12.6028,-143.0,,
